{
  "results": [
    {
      "command": "cargo build --jobs 8 --release --example breakout",
      "mean": 112.34373593802002,
      "stddev": 0.2929040298991873,
      "median": 112.32718464902001,
      "user": 848.4783995,
      "system": 22.527480360000002,
      "min": 112.01715640452001,
      "max": 112.82104429752,
      "times": [
        112.82104429752,
        112.30460314952,
        112.54685914152,
        112.03009062452,
        112.07774155052,
        112.10188044552001,
        112.73874123152001,
        112.01715640452001,
        112.34976614852,
        112.44947638652
      ],
      "exit_codes": [
        0,
        0,
        0,
        0,
        0,
        0,
        0,
        0,
        0,
        0
      ]
    }
  ]
}
