{
  "results": [
    {
      "command": "cargo build --jobs 16 --release --example breakout",
      "mean": 72.17824916885999,
      "stddev": 0.26124050780580127,
      "median": 72.07813687096,
      "user": 1068.11654536,
      "system": 27.743729659999996,
      "min": 71.94606473546,
      "max": 72.74624472746,
      "times": [
        72.42327562246,
        71.97247121046,
        72.17974207745999,
        72.00945523445999,
        72.06224899445999,
        71.94606473546,
        72.38213155445999,
        71.96683278446,
        72.09402474746,
        72.74624472746
      ],
      "exit_codes": [
        0,
        0,
        0,
        0,
        0,
        0,
        0,
        0,
        0,
        0
      ]
    }
  ]
}
