{
  "results": [
    {
      "command": "cargo build --jobs 8 --release --example breakout",
      "mean": 109.28591345509999,
      "stddev": 0.08605038502732976,
      "median": 109.2992923017,
      "user": 825.874828,
      "system": 21.941820240000002,
      "min": 109.1490894997,
      "max": 109.4123743977,
      "times": [
        109.3476724377,
        109.2907832317,
        109.1490894997,
        109.37022065869999,
        109.3078013717,
        109.2476992637,
        109.17601059569999,
        109.3373177647,
        109.2201653297,
        109.4123743977
      ],
      "exit_codes": [
        0,
        0,
        0,
        0,
        0,
        0,
        0,
        0,
        0,
        0
      ]
    }
  ]
}
