{
  "results": [
    {
      "command": "cargo build --jobs 16 --release --example breakout",
      "mean": 73.00315748948,
      "stddev": 0.7878050245536148,
      "median": 72.86092312878,
      "user": 1031.70323066,
      "system": 27.529713800000003,
      "min": 71.68088711877999,
      "max": 74.15796457578,
      "times": [
        72.66992195278,
        73.65218318977999,
        72.37122460377999,
        72.95174471377999,
        73.83492328578,
        73.61213644477999,
        72.77010154378,
        72.33048746578,
        74.15796457578,
        71.68088711877999
      ],
      "exit_codes": [
        0,
        0,
        0,
        0,
        0,
        0,
        0,
        0,
        0,
        0
      ]
    }
  ]
}
