{
  "results": [
    {
      "command": "cargo build --jobs 16 --release --example breakout",
      "mean": 72.4387963268,
      "stddev": 0.659025093810674,
      "median": 72.05873088039999,
      "user": 1066.1198678599999,
      "system": 27.99406124,
      "min": 71.89173282239999,
      "max": 73.6180781854,
      "times": [
        72.8999601644,
        72.0134772094,
        73.44515220139999,
        71.89173282239999,
        71.9122627324,
        71.97644094639999,
        73.6180781854,
        72.5353850434,
        71.9914894114,
        72.10398455139999
      ],
      "exit_codes": [
        0,
        0,
        0,
        0,
        0,
        0,
        0,
        0,
        0,
        0
      ]
    }
  ]
}
