{
  "results": [
    {
      "command": "cargo build --jobs 8 --release --example breakout",
      "mean": 112.30053620559997,
      "stddev": 0.24601585843159765,
      "median": 112.28556688859999,
      "user": 847.8668434599998,
      "system": 22.618331339999997,
      "min": 111.9321590811,
      "max": 112.62675231509999,
      "times": [
        112.5719636331,
        112.32783571409999,
        111.9321590811,
        112.2050210101,
        112.17891776309999,
        112.2528162461,
        112.31831753109999,
        112.61329908409999,
        111.9782796781,
        112.62675231509999
      ],
      "exit_codes": [
        0,
        0,
        0,
        0,
        0,
        0,
        0,
        0,
        0,
        0
      ]
    }
  ]
}
