{
  "results": [
    {
      "command": "cargo build --jobs 8 --release --example breakout",
      "mean": 113.39765442042001,
      "stddev": 0.06149703880814372,
      "median": 113.39027043222,
      "user": 843.3958498599999,
      "system": 22.42827326,
      "min": 113.29000506122,
      "max": 113.50051056622,
      "times": [
        113.50051056622,
        113.34557712022,
        113.46547773122,
        113.29000506122,
        113.41980531922,
        113.38600241022,
        113.39257288522,
        113.35078822022001,
        113.38796797922001,
        113.43783691122
      ],
      "exit_codes": [
        0,
        0,
        0,
        0,
        0,
        0,
        0,
        0,
        0,
        0
      ]
    }
  ]
}
