{
  "results": [
    {
      "command": "cargo build --release --example breakout",
      "mean": 73.32768662270001,
      "stddev": 0.269351291244004,
      "median": 73.31244737899999,
      "user": 1402.5463943999998,
      "system": 40.023462959999996,
      "min": 72.9720309345,
      "max": 73.7276517305,
      "times": [
        73.4022337385,
        73.5832061625,
        73.1038887825,
        73.56196744649999,
        72.9720309345,
        72.9876335595,
        73.5341311335,
        73.7276517305,
        73.18146171949999,
        73.2226610195
      ],
      "exit_codes": [
        0,
        0,
        0,
        0,
        0,
        0,
        0,
        0,
        0,
        0
      ]
    }
  ]
}
