{
  "results": [
    {
      "command": "cargo build --jobs 16 --release --example breakout",
      "mean": 72.65018623872001,
      "stddev": 0.5727836455911469,
      "median": 72.58153677842,
      "user": 1059.8801364999997,
      "system": 28.00762414,
      "min": 71.93721899342,
      "max": 73.88804668242,
      "times": [
        72.54432862842,
        72.84869577942,
        72.19883111642,
        72.64815408641999,
        73.88804668242,
        72.52898135542,
        71.93721899342,
        72.61874492842,
        72.07785019142,
        73.21101062542
      ],
      "exit_codes": [
        0,
        0,
        0,
        0,
        0,
        0,
        0,
        0,
        0,
        0
      ]
    }
  ]
}
