{
  "results": [
    {
      "command": "cargo build --jobs 16 --release --example breakout",
      "mean": 70.85131899359999,
      "stddev": 0.7653409211235979,
      "median": 70.768896462,
      "user": 994.8180426000001,
      "system": 27.163898299999993,
      "min": 69.38036411750001,
      "max": 71.9370058005,
      "times": [
        70.3020913955,
        71.68953375550001,
        70.8348133755,
        70.7029795485,
        70.3880537685,
        69.38036411750001,
        71.5938798555,
        70.5809028555,
        71.1035654635,
        71.9370058005
      ],
      "exit_codes": [
        0,
        0,
        0,
        0,
        0,
        0,
        0,
        0,
        0,
        0
      ]
    }
  ]
}
