{
  "results": [
    {
      "command": "cargo build --jobs 8 --release --example breakout",
      "mean": 105.92010077641999,
      "stddev": 0.4476885338481402,
      "median": 106.02171951162,
      "user": 797.37985596,
      "system": 21.639763839999997,
      "min": 105.26745563812,
      "max": 106.57065887611999,
      "times": [
        105.26745563812,
        105.33255683312,
        105.91654753712,
        106.13130693112,
        106.28493582012,
        106.57065887611999,
        105.38939533412,
        106.26471177112,
        105.94870309612,
        106.09473592712
      ],
      "exit_codes": [
        0,
        0,
        0,
        0,
        0,
        0,
        0,
        0,
        0,
        0
      ]
    }
  ]
}
