{
  "results": [
    {
      "command": "cargo build --jobs 16 --release --example breakout",
      "mean": 73.31044641856,
      "stddev": 0.49290680290089406,
      "median": 73.22269320886,
      "user": 1059.019895,
      "system": 27.72640548,
      "min": 72.59704151086,
      "max": 74.44967340785999,
      "times": [
        72.59704151086,
        73.18276500286,
        73.66681324785999,
        73.41970026486,
        73.26262141485999,
        73.17220110785999,
        74.44967340785999,
        73.10938935185999,
        72.90783574186,
        73.33642313486
      ],
      "exit_codes": [
        0,
        0,
        0,
        0,
        0,
        0,
        0,
        0,
        0,
        0
      ]
    }
  ]
}
