{
  "results": [
    {
      "command": "cargo build --jobs 8 --release --example breakout",
      "mean": 111.79965764439999,
      "stddev": 0.1233298157624136,
      "median": 111.78214269300001,
      "user": 846.02757688,
      "system": 22.20065528,
      "min": 111.625453805,
      "max": 112.068606437,
      "times": [
        111.78950760100001,
        111.68885941,
        112.068606437,
        111.89514717200001,
        111.625453805,
        111.77477778500001,
        111.804355066,
        111.713682069,
        111.862823855,
        111.77336324400001
      ],
      "exit_codes": [
        0,
        0,
        0,
        0,
        0,
        0,
        0,
        0,
        0,
        0
      ]
    }
  ]
}
