{
  "results": [
    {
      "command": "cargo build --release --example breakout",
      "mean": 73.44029295288001,
      "stddev": 0.09468489671554012,
      "median": 73.45052967258,
      "user": 1402.6927291000002,
      "system": 39.59558086,
      "min": 73.23986233508,
      "max": 73.56354698008,
      "times": [
        73.45424932508,
        73.43925845508001,
        73.56354698008,
        73.23986233508,
        73.46763700608,
        73.40140729808,
        73.34518684508001,
        73.53407270208001,
        73.44681002008001,
        73.51089856208
      ],
      "exit_codes": [
        0,
        0,
        0,
        0,
        0,
        0,
        0,
        0,
        0,
        0
      ]
    }
  ]
}
