{
  "results": [
    {
      "command": "cargo build --jobs 8 --release --example breakout",
      "mean": 106.24441816306,
      "stddev": 0.48815278996336187,
      "median": 106.31238831996001,
      "user": 799.51456572,
      "system": 21.762976100000003,
      "min": 105.54735946146,
      "max": 106.88875076746001,
      "times": [
        106.87422137246001,
        106.88875076746001,
        106.45583767446001,
        105.85669981346001,
        105.54735946146,
        106.20029002146,
        105.84363380346001,
        106.64956206446001,
        106.42448661846001,
        105.70334003346001
      ],
      "exit_codes": [
        0,
        0,
        0,
        0,
        0,
        0,
        0,
        0,
        0,
        0
      ]
    }
  ]
}
