{
  "results": [
    {
      "command": "cargo build --jobs 16 --release --example breakout",
      "mean": 70.26451113709999,
      "stddev": 0.693544600166869,
      "median": 70.4847026047,
      "user": 999.1853420200001,
      "system": 27.161925680000003,
      "min": 69.1879778252,
      "max": 71.07850314919999,
      "times": [
        69.7822603602,
        69.2413623242,
        69.1879778252,
        70.3852473752,
        70.5841578342,
        70.64375594319999,
        71.0730507302,
        69.94449519019999,
        71.07850314919999,
        70.7243006392
      ],
      "exit_codes": [
        0,
        0,
        0,
        0,
        0,
        0,
        0,
        0,
        0,
        0
      ]
    }
  ]
}
