{
  "results": [
    {
      "command": "cargo build --jobs 16 --release --example breakout",
      "mean": 72.38433655462,
      "stddev": 0.2571574633720969,
      "median": 72.30291239252,
      "user": 1071.8583579,
      "system": 27.91731574,
      "min": 72.08629002902,
      "max": 72.83066823902,
      "times": [
        72.77126716202001,
        72.20648070602,
        72.23653040802,
        72.08629002902,
        72.15987592202,
        72.57858892902,
        72.26912790002001,
        72.36783936602001,
        72.33669688502,
        72.83066823902
      ],
      "exit_codes": [
        0,
        0,
        0,
        0,
        0,
        0,
        0,
        0,
        0,
        0
      ]
    }
  ]
}
