{
  "results": [
    {
      "command": "cargo build --jobs 8 --release --example breakout",
      "mean": 112.58997055724001,
      "stddev": 0.21192663688970417,
      "median": 112.54684604534,
      "user": 850.8442540600001,
      "system": 22.598706899999996,
      "min": 112.35372747934001,
      "max": 112.99094121634,
      "times": [
        112.99094121634,
        112.62570378134001,
        112.39149564534,
        112.60707753734,
        112.44849428434,
        112.48661455334,
        112.83399078434,
        112.35372747934001,
        112.74854279534,
        112.41311749534
      ],
      "exit_codes": [
        0,
        0,
        0,
        0,
        0,
        0,
        0,
        0,
        0,
        0
      ]
    }
  ]
}
