{
  "results": [
    {
      "command": "cargo build --release --example breakout",
      "mean": 74.3795110195,
      "stddev": 0.18292769526701044,
      "median": 74.3638563448,
      "user": 1403.5539694599997,
      "system": 39.49429409999999,
      "min": 74.1058426578,
      "max": 74.64695964779999,
      "times": [
        74.64695964779999,
        74.4018772108,
        74.3361594438,
        74.23246635379999,
        74.6070678718,
        74.57960616679999,
        74.1058426578,
        74.2047030838,
        74.3915532458,
        74.28887451279999
      ],
      "exit_codes": [
        0,
        0,
        0,
        0,
        0,
        0,
        0,
        0,
        0,
        0
      ]
    }
  ]
}
