{
  "results": [
    {
      "command": "cargo build --jobs 8 --release --example breakout",
      "mean": 110.77963676146001,
      "stddev": 0.17355350688869,
      "median": 110.74240787556,
      "user": 834.0592471,
      "system": 22.03963742,
      "min": 110.59225269556,
      "max": 111.02391539556001,
      "times": [
        110.95718892656001,
        110.78435217156,
        110.59925222456,
        110.86645763456,
        110.62651495856001,
        110.70046357956001,
        110.63429708956001,
        110.59225269556,
        111.01167293856001,
        111.02391539556001
      ],
      "exit_codes": [
        0,
        0,
        0,
        0,
        0,
        0,
        0,
        0,
        0,
        0
      ]
    }
  ]
}
