{
  "results": [
    {
      "command": "cargo build --release --example breakout",
      "mean": 73.54982111518001,
      "stddev": 0.2439722953766823,
      "median": 73.54963318088,
      "user": 1392.9887377599998,
      "system": 39.40258938000001,
      "min": 73.19834987338,
      "max": 74.05874170338,
      "times": [
        73.52741908138,
        73.63911822938,
        73.48288499438,
        73.70290586538,
        73.53423893237999,
        74.05874170338,
        73.57944948238,
        73.56502742938,
        73.21007556037999,
        73.19834987338
      ],
      "exit_codes": [
        0,
        0,
        0,
        0,
        0,
        0,
        0,
        0,
        0,
        0
      ]
    }
  ]
}
