{
  "results": [
    {
      "command": "cargo build --jobs 16 --release --example breakout",
      "mean": 73.19571265238,
      "stddev": 0.7331383295856811,
      "median": 73.19844339957999,
      "user": 1043.1373179600002,
      "system": 27.764354679999997,
      "min": 71.98745497558,
      "max": 74.32084454858,
      "times": [
        72.70182032957999,
        73.08905763057999,
        73.96269982157999,
        73.20516551258,
        74.32084454858,
        73.78727561058,
        73.19172128657999,
        72.26964179058,
        71.98745497558,
        73.44144501758
      ],
      "exit_codes": [
        0,
        0,
        0,
        0,
        0,
        0,
        0,
        0,
        0,
        0
      ]
    }
  ]
}
