{
  "results": [
    {
      "command": "cargo build --release --example breakout",
      "mean": 73.61274140313999,
      "stddev": 0.18909051924035628,
      "median": 73.60284866373999,
      "user": 1404.24182002,
      "system": 39.490004219999996,
      "min": 73.27334071073999,
      "max": 73.91494497074,
      "times": [
        73.71948170974,
        73.54844852174,
        73.41735337473999,
        73.27334071073999,
        73.91494497074,
        73.63017388473999,
        73.57821574473999,
        73.85274719073999,
        73.62748158273999,
        73.56522634074
      ],
      "exit_codes": [
        0,
        0,
        0,
        0,
        0,
        0,
        0,
        0,
        0,
        0
      ]
    }
  ]
}
