{
  "results": [
    {
      "command": "cargo build --jobs 8 --release --example breakout",
      "mean": 111.72652271704001,
      "stddev": 0.09976741171360226,
      "median": 111.74685457754,
      "user": 845.9431226399998,
      "system": 22.082277679999997,
      "min": 111.59291163254001,
      "max": 111.89389374454001,
      "times": [
        111.66548980354,
        111.72337258054,
        111.79195445654,
        111.59291163254001,
        111.61249007654,
        111.62440744354001,
        111.77033657454001,
        111.81664271754,
        111.89389374454001,
        111.77372814054
      ],
      "exit_codes": [
        0,
        0,
        0,
        0,
        0,
        0,
        0,
        0,
        0,
        0
      ]
    }
  ]
}
