{
  "results": [
    {
      "command": "cargo build --jobs 16 --release --example breakout",
      "mean": 73.79658046062002,
      "stddev": 0.5774121429350062,
      "median": 73.79676337292,
      "user": 1059.0923639199998,
      "system": 27.7785691,
      "min": 72.69398267192001,
      "max": 74.77022210392,
      "times": [
        73.53750635792001,
        73.59788134992,
        74.77022210392,
        74.25989181992,
        74.16358549892,
        72.69398267192001,
        73.91613997192,
        73.67738677392,
        74.07630924392001,
        73.27289881392001
      ],
      "exit_codes": [
        0,
        0,
        0,
        0,
        0,
        0,
        0,
        0,
        0,
        0
      ]
    }
  ]
}
