{
  "results": [
    {
      "command": "cargo build --jobs 16 --release --example breakout",
      "mean": 72.45637503386,
      "stddev": 0.3481261003248608,
      "median": 72.46404824666001,
      "user": 1066.3395039599998,
      "system": 27.88263636,
      "min": 71.93998919016,
      "max": 73.07058586816001,
      "times": [
        72.28647646416,
        72.63073368316,
        72.11745949916,
        72.61892661616001,
        72.14408907616,
        73.07058586816001,
        72.82739344816001,
        71.93998919016,
        72.53810426716001,
        72.38999222616
      ],
      "exit_codes": [
        0,
        0,
        0,
        0,
        0,
        0,
        0,
        0,
        0,
        0
      ]
    }
  ]
}
