{
  "results": [
    {
      "command": "cargo build --jobs 8 --release --example breakout",
      "mean": 112.13449723400001,
      "stddev": 0.2076746395155799,
      "median": 112.1632144879,
      "user": 847.4551855399999,
      "system": 22.478093379999997,
      "min": 111.7748730179,
      "max": 112.4716301789,
      "times": [
        112.4716301789,
        112.1781858089,
        111.8786466579,
        112.1661328519,
        112.1364173079,
        111.7748730179,
        112.1903028289,
        112.3757358599,
        112.01275170390001,
        112.1602961239
      ],
      "exit_codes": [
        0,
        0,
        0,
        0,
        0,
        0,
        0,
        0,
        0,
        0
      ]
    }
  ]
}
