{
  "results": [
    {
      "command": "cargo build --jobs 8 --release --example breakout",
      "mean": 110.08418088066,
      "stddev": 0.12094804353391464,
      "median": 110.08884467595999,
      "user": 829.4187750799998,
      "system": 21.96870858,
      "min": 109.86979862945999,
      "max": 110.23295645246,
      "times": [
        109.86979862945999,
        110.17366360846,
        110.05254374446,
        110.23295645246,
        110.11880381146,
        110.03970291646,
        109.92215793446,
        110.05888554046,
        110.22840029446,
        110.14489587445999
      ],
      "exit_codes": [
        0,
        0,
        0,
        0,
        0,
        0,
        0,
        0,
        0,
        0
      ]
    }
  ]
}
