{
  "results": [
    {
      "command": "cargo build --jobs 16 --release --example breakout",
      "mean": 72.74636779448001,
      "stddev": 0.5608897289703053,
      "median": 72.77551218078,
      "user": 1035.3351707999998,
      "system": 27.67393426,
      "min": 71.80613392278,
      "max": 73.72117176478001,
      "times": [
        72.78564477078001,
        72.76537959078,
        72.27237279578,
        72.19619852278001,
        72.59851097978,
        73.72117176478001,
        72.92919544978001,
        71.80613392278,
        73.26814231978001,
        73.12092782778001
      ],
      "exit_codes": [
        0,
        0,
        0,
        0,
        0,
        0,
        0,
        0,
        0,
        0
      ]
    }
  ]
}
