{
  "results": [
    {
      "command": "cargo build --jobs 8 --release --example breakout",
      "mean": 110.29072235915999,
      "stddev": 0.10623499535366379,
      "median": 110.28371386746,
      "user": 832.31306028,
      "system": 21.958168179999994,
      "min": 110.19321974546,
      "max": 110.53775930546,
      "times": [
        110.29858345145999,
        110.31635613345999,
        110.19321974546,
        110.19913116245999,
        110.37884268645999,
        110.53775930546,
        110.21867964946,
        110.27548452746,
        110.29194320746,
        110.19722372246
      ],
      "exit_codes": [
        0,
        0,
        0,
        0,
        0,
        0,
        0,
        0,
        0,
        0
      ]
    }
  ]
}
