{
  "results": [
    {
      "command": "cargo build --jobs 16 --release --example breakout",
      "mean": 73.3506939808,
      "stddev": 0.6620043249293808,
      "median": 73.0573074164,
      "user": 1041.0164043,
      "system": 27.62256314,
      "min": 72.4865676299,
      "max": 74.32172867589999,
      "times": [
        73.1578328409,
        74.32172867589999,
        72.4865676299,
        74.2196129069,
        72.9169088539,
        74.1879021799,
        72.8792247789,
        72.9567819919,
        73.4588433269,
        72.92153662289999
      ],
      "exit_codes": [
        0,
        0,
        0,
        0,
        0,
        0,
        0,
        0,
        0,
        0
      ]
    }
  ]
}
