{
  "results": [
    {
      "command": "cargo build --jobs 16 --release --example breakout",
      "mean": 73.99547955166,
      "stddev": 0.4568549426673162,
      "median": 74.08554501936001,
      "user": 1061.1393732000001,
      "system": 27.69467436,
      "min": 73.31281625036,
      "max": 74.79298598136,
      "times": [
        73.31281625036,
        73.54891378936,
        74.09399201236,
        74.07709802636,
        74.15669854336001,
        73.46888430736,
        74.30259297836,
        74.79298598136,
        73.83490467936001,
        74.36590894836
      ],
      "exit_codes": [
        0,
        0,
        0,
        0,
        0,
        0,
        0,
        0,
        0,
        0
      ]
    }
  ]
}
