{
  "results": [
    {
      "command": "cargo build --jobs 8 --release --example breakout",
      "mean": 111.86622486430001,
      "stddev": 0.23853194420312443,
      "median": 111.8030427873,
      "user": 847.25776188,
      "system": 22.17076488,
      "min": 111.63670223480001,
      "max": 112.4593297258,
      "times": [
        111.76684701580001,
        111.7599629168,
        111.71374819280001,
        111.93066778880001,
        111.98679795780001,
        111.9078105768,
        111.63670223480001,
        111.6611436748,
        112.4593297258,
        111.8392385588
      ],
      "exit_codes": [
        0,
        0,
        0,
        0,
        0,
        0,
        0,
        0,
        0,
        0
      ]
    }
  ]
}
