{
  "results": [
    {
      "command": "cargo build --release --example breakout",
      "mean": 73.62360816518,
      "stddev": 0.17272469994047282,
      "median": 73.62147034378,
      "user": 1404.79767502,
      "system": 39.59376216,
      "min": 73.32154316428,
      "max": 73.89325594128,
      "times": [
        73.78997330828001,
        73.59234754228001,
        73.47481724628001,
        73.89325594128,
        73.61034842728,
        73.73461701928001,
        73.45304286128001,
        73.32154316428,
        73.63259226028,
        73.73354388128001
      ],
      "exit_codes": [
        0,
        0,
        0,
        0,
        0,
        0,
        0,
        0,
        0,
        0
      ]
    }
  ]
}
