{
  "results": [
    {
      "command": "cargo build --jobs 16 --release --example breakout",
      "mean": 70.14541973868,
      "stddev": 0.37146778315435336,
      "median": 70.14738463178,
      "user": 987.82041138,
      "system": 27.161753639999993,
      "min": 69.59933380228,
      "max": 70.76014055928,
      "times": [
        70.15711143128,
        69.81128364528,
        70.22344221928,
        69.88963787828,
        69.83324401228,
        69.59933380228,
        70.13765783228,
        70.55731738628,
        70.48502862028,
        70.76014055928
      ],
      "exit_codes": [
        0,
        0,
        0,
        0,
        0,
        0,
        0,
        0,
        0,
        0
      ]
    }
  ]
}
