{
  "results": [
    {
      "command": "cargo build --jobs 8 --release --example breakout",
      "mean": 105.11588015473998,
      "stddev": 0.24884566631583688,
      "median": 105.11914579454,
      "user": 792.55122736,
      "system": 21.659434319999995,
      "min": 104.64488966654,
      "max": 105.52391472554,
      "times": [
        105.11859146853999,
        105.11970012054,
        105.11829042254,
        105.06583117254,
        105.31380576554,
        105.52391472554,
        104.64488966654,
        105.13744763954,
        104.81305421654,
        105.30327634954
      ],
      "exit_codes": [
        0,
        0,
        0,
        0,
        0,
        0,
        0,
        0,
        0,
        0
      ]
    }
  ]
}
