{
  "results": [
    {
      "command": "cargo build --jobs 8 --release --example breakout",
      "mean": 113.39658878188,
      "stddev": 0.14713479812729535,
      "median": 113.40999200307999,
      "user": 852.46462766,
      "system": 22.608410999999997,
      "min": 113.14376187808,
      "max": 113.57951591208,
      "times": [
        113.29392838208,
        113.53282544608001,
        113.14376187808,
        113.57951591208,
        113.50711497508,
        113.38480763308,
        113.42376307408,
        113.19184945708001,
        113.51210012908001,
        113.39622093208
      ],
      "exit_codes": [
        0,
        0,
        0,
        0,
        0,
        0,
        0,
        0,
        0,
        0
      ]
    }
  ]
}
