{
  "results": [
    {
      "command": "cargo build --jobs 16 --release --example breakout",
      "mean": 73.01427242168,
      "stddev": 0.6035550496484846,
      "median": 72.94191671748001,
      "user": 1071.64387078,
      "system": 28.0691128,
      "min": 72.38265830498001,
      "max": 74.33558782498001,
      "times": [
        72.46092136998,
        73.00133652298001,
        72.88249691198,
        72.38265830498001,
        74.33558782498001,
        73.26901120498,
        73.18435375998,
        72.39176929098001,
        73.50934758698,
        72.72524143898
      ],
      "exit_codes": [
        0,
        0,
        0,
        0,
        0,
        0,
        0,
        0,
        0,
        0
      ]
    }
  ]
}
