{
  "results": [
    {
      "command": "cargo build --release --example breakout",
      "mean": 72.87665316472,
      "stddev": 0.16602607740702965,
      "median": 72.84633720592,
      "user": 1408.36452192,
      "system": 40.0915411,
      "min": 72.64874308592,
      "max": 73.11557617892,
      "times": [
        72.68140236892,
        72.74032673191999,
        73.11557617892,
        72.82936929792,
        72.81641909592,
        73.08323083692,
        73.04909155492,
        72.93906738192,
        72.86330511391999,
        72.64874308592
      ],
      "exit_codes": [
        0,
        0,
        0,
        0,
        0,
        0,
        0,
        0,
        0,
        0
      ]
    }
  ]
}
