{
  "results": [
    {
      "command": "cargo build --release --example breakout",
      "mean": 73.2026034638,
      "stddev": 0.1816468446774828,
      "median": 73.15270957759999,
      "user": 1387.7550790999999,
      "system": 39.24608464,
      "min": 72.9532666781,
      "max": 73.53984183109999,
      "times": [
        73.4083569071,
        73.0556567081,
        73.53984183109999,
        73.0530955971,
        73.1631621861,
        73.2522233831,
        73.14225696909999,
        72.9532666781,
        73.3424868811,
        73.1156874971
      ],
      "exit_codes": [
        0,
        0,
        0,
        0,
        0,
        0,
        0,
        0,
        0,
        0
      ]
    }
  ]
}
