{
  "results": [
    {
      "command": "cargo build --jobs 16 --release --example breakout",
      "mean": 74.70201002063999,
      "stddev": 0.6391052969986692,
      "median": 74.53896992704,
      "user": 1064.2575375599995,
      "system": 27.80728492,
      "min": 73.74686975304,
      "max": 75.75668214503999,
      "times": [
        75.75668214503999,
        74.35653281104,
        74.45724224204,
        75.47636215304,
        74.31336280004,
        74.15246420204,
        74.80331773703999,
        75.33656875103999,
        73.74686975304,
        74.62069761203999
      ],
      "exit_codes": [
        0,
        0,
        0,
        0,
        0,
        0,
        0,
        0,
        0,
        0
      ]
    }
  ]
}
