{
  "results": [
    {
      "command": "cargo build --jobs 8 --release --example breakout",
      "mean": 112.59968498337999,
      "stddev": 0.14684670853424192,
      "median": 112.61522491348,
      "user": 851.03406066,
      "system": 22.03653616,
      "min": 112.42127320898,
      "max": 112.86455650398,
      "times": [
        112.72371972598,
        112.42127320898,
        112.65574460198,
        112.62131871398,
        112.42927797698,
        112.51830245798,
        112.86455650398,
        112.60913111298,
        112.44205780398,
        112.71146772698
      ],
      "exit_codes": [
        0,
        0,
        0,
        0,
        0,
        0,
        0,
        0,
        0,
        0
      ]
    }
  ]
}
