{
  "results": [
    {
      "command": "cargo build --release --example breakout",
      "mean": 74.42206190424,
      "stddev": 0.2807984383840301,
      "median": 74.41718515714001,
      "user": 1407.8495733,
      "system": 39.6828671,
      "min": 74.03633841814,
      "max": 74.83389466814,
      "times": [
        74.47887370114,
        74.03633841814,
        74.31990992914001,
        74.10220948014,
        74.11016261014001,
        74.35549661314,
        74.83389466814,
        74.68647060314001,
        74.67078116514,
        74.62648185414001
      ],
      "exit_codes": [
        0,
        0,
        0,
        0,
        0,
        0,
        0,
        0,
        0,
        0
      ]
    }
  ]
}
