{
  "results": [
    {
      "command": "cargo build --jobs 16 --release --example breakout",
      "mean": 70.74106931278001,
      "stddev": 0.43905892876651886,
      "median": 70.82760516328001,
      "user": 997.7327619599998,
      "system": 27.26907632,
      "min": 70.10551025178,
      "max": 71.21232405378001,
      "times": [
        71.18890049078,
        70.30553897378,
        70.51708046278,
        70.20313641478,
        71.05760317778001,
        71.16538897578,
        71.03246891878001,
        70.10551025178,
        71.21232405378001,
        70.62274140778001
      ],
      "exit_codes": [
        0,
        0,
        0,
        0,
        0,
        0,
        0,
        0,
        0,
        0
      ]
    }
  ]
}
