{
  "results": [
    {
      "command": "cargo build --jobs 8 --release --example breakout",
      "mean": 106.04282844164,
      "stddev": 0.5145400012822556,
      "median": 105.94755727204,
      "user": 798.82003478,
      "system": 21.7876204,
      "min": 105.35295856404001,
      "max": 106.75116732504,
      "times": [
        105.35295856404001,
        105.72892412504001,
        106.75116732504,
        106.05426777304001,
        106.62178345504,
        106.52569747004,
        105.84084677104,
        105.67932278404001,
        105.41579203704,
        106.45752411204
      ],
      "exit_codes": [
        0,
        0,
        0,
        0,
        0,
        0,
        0,
        0,
        0,
        0
      ]
    }
  ]
}
