{
  "results": [
    {
      "command": "cargo build --jobs 16 --release --example breakout",
      "mean": 72.83430576742,
      "stddev": 0.3953925778581564,
      "median": 72.69303238012,
      "user": 1072.73383434,
      "system": 28.113477939999996,
      "min": 72.51431345362,
      "max": 73.63756893962001,
      "times": [
        72.71495359062001,
        72.70405457262001,
        72.52279344962001,
        72.51431345362,
        72.68201018762001,
        73.63756893962001,
        72.88356608762001,
        72.56522327262,
        73.46664531462001,
        72.65192880562
      ],
      "exit_codes": [
        0,
        0,
        0,
        0,
        0,
        0,
        0,
        0,
        0,
        0
      ]
    }
  ]
}
