{
  "results": [
    {
      "command": "cargo build --release --example breakout",
      "mean": 72.95244092729999,
      "stddev": 0.21521388561901947,
      "median": 72.91387245319999,
      "user": 1412.7722822,
      "system": 40.171527139999995,
      "min": 72.6409895962,
      "max": 73.2951649632,
      "times": [
        72.73758702219999,
        73.15061924819999,
        72.9503590682,
        72.91760483319999,
        73.2951649632,
        72.6409895962,
        73.2463316782,
        72.8123758032,
        72.9101400732,
        72.8632369872
      ],
      "exit_codes": [
        0,
        0,
        0,
        0,
        0,
        0,
        0,
        0,
        0,
        0
      ]
    }
  ]
}
