{
  "results": [
    {
      "command": "cargo build --jobs 8 --release --example breakout",
      "mean": 113.37783088476002,
      "stddev": 0.34723073020196815,
      "median": 113.45864442066,
      "user": 852.4174059399999,
      "system": 22.59255114,
      "min": 112.67087561315999,
      "max": 113.75505175015999,
      "times": [
        113.48459464716,
        113.72333307715999,
        113.17414307515999,
        113.75505175015999,
        113.43269419415999,
        112.67087561315999,
        113.05391992116,
        113.72348616116,
        113.52735683016,
        113.23285357815999
      ],
      "exit_codes": [
        0,
        0,
        0,
        0,
        0,
        0,
        0,
        0,
        0,
        0
      ]
    }
  ]
}
