{
  "results": [
    {
      "command": "cargo build --jobs 16 --release --example breakout",
      "mean": 72.69389269773998,
      "stddev": 0.6791038315588359,
      "median": 72.67230576904,
      "user": 1031.5838451,
      "system": 27.61487626,
      "min": 71.85672537053999,
      "max": 73.68362778654,
      "times": [
        71.85672537053999,
        73.42599140454,
        73.23653902753999,
        72.14021722753999,
        71.94585029854,
        72.39159072854,
        72.09963358453999,
        73.20573073953999,
        72.95302080953999,
        73.68362778654
      ],
      "exit_codes": [
        0,
        0,
        0,
        0,
        0,
        0,
        0,
        0,
        0,
        0
      ]
    }
  ]
}
