{
  "results": [
    {
      "command": "cargo build --release --example breakout",
      "mean": 73.01516970126002,
      "stddev": 0.20798501114270285,
      "median": 72.91897514576002,
      "user": 1380.85181798,
      "system": 39.18800173999999,
      "min": 72.79801580826,
      "max": 73.37765220126,
      "times": [
        73.37765220126,
        72.91610698726001,
        72.89753212026001,
        73.03641900726001,
        72.79801580826,
        73.17709400726001,
        72.83021873226001,
        72.92184330426001,
        72.87073028426,
        73.32608456026
      ],
      "exit_codes": [
        0,
        0,
        0,
        0,
        0,
        0,
        0,
        0,
        0,
        0
      ]
    }
  ]
}
