{
  "results": [
    {
      "command": "cargo build --jobs 8 --release --example breakout",
      "mean": 109.34134544208,
      "stddev": 0.09139802210563702,
      "median": 109.36936194818,
      "user": 826.33282566,
      "system": 22.0603247,
      "min": 109.18856579268,
      "max": 109.43820781168,
      "times": [
        109.43820781168,
        109.36841908667999,
        109.37030480968,
        109.31071518867999,
        109.18856579268,
        109.28401468967999,
        109.41508742568,
        109.40974367268,
        109.42616140967999,
        109.20223453368
      ],
      "exit_codes": [
        0,
        0,
        0,
        0,
        0,
        0,
        0,
        0,
        0,
        0
      ]
    }
  ]
}
