{
  "results": [
    {
      "command": "cargo build --jobs 16 --release --example breakout",
      "mean": 72.79477442027999,
      "stddev": 0.5907439849710412,
      "median": 72.82557736647999,
      "user": 1047.20855858,
      "system": 27.58157868,
      "min": 71.90794563797999,
      "max": 73.57507867998,
      "times": [
        72.60047457997999,
        71.90794563797999,
        72.47086401397999,
        72.13997116498,
        73.06502468997999,
        73.48035977497999,
        73.57507867998,
        72.29802222497999,
        73.05068015298,
        73.35932328298
      ],
      "exit_codes": [
        0,
        0,
        0,
        0,
        0,
        0,
        0,
        0,
        0,
        0
      ]
    }
  ]
}
