{
  "results": [
    {
      "command": "cargo build --jobs 8 --release --example breakout",
      "mean": 110.94150639912,
      "stddev": 0.14465570866367683,
      "median": 110.93729008082,
      "user": 836.8022195,
      "system": 21.89645988,
      "min": 110.70956851132,
      "max": 111.18500201932001,
      "times": [
        110.77606876832,
        110.88030151632,
        110.86086698132,
        110.96223736932001,
        110.70956851132,
        111.05879723132,
        111.18500201932001,
        111.08557003632001,
        110.98430876532001,
        110.91234279232
      ],
      "exit_codes": [
        0,
        0,
        0,
        0,
        0,
        0,
        0,
        0,
        0,
        0
      ]
    }
  ]
}
