{
  "results": [
    {
      "command": "cargo build --release --example breakout",
      "mean": 72.93695345516,
      "stddev": 0.1817297916170652,
      "median": 72.92084144146,
      "user": 1378.8463592,
      "system": 39.36092992,
      "min": 72.66878481895999,
      "max": 73.17148932895999,
      "times": [
        72.90941997696,
        72.99236608896,
        72.88520824695999,
        73.16017609795999,
        72.93226290596,
        73.13674864896,
        72.68969357696,
        72.82338486095999,
        72.66878481895999,
        73.17148932895999
      ],
      "exit_codes": [
        0,
        0,
        0,
        0,
        0,
        0,
        0,
        0,
        0,
        0
      ]
    }
  ]
}
