{
  "results": [
    {
      "command": "cargo build --jobs 8 --release --example breakout",
      "mean": 112.25735509484,
      "stddev": 0.09092196311406885,
      "median": 112.24604235284,
      "user": 843.7664996199999,
      "system": 22.52223016,
      "min": 112.13487230134001,
      "max": 112.41585883434,
      "times": [
        112.39915569834001,
        112.28297701634,
        112.21243880434001,
        112.26861750634001,
        112.23471672834,
        112.18740746134,
        112.18013862034,
        112.13487230134001,
        112.25736797734001,
        112.41585883434
      ],
      "exit_codes": [
        0,
        0,
        0,
        0,
        0,
        0,
        0,
        0,
        0,
        0
      ]
    }
  ]
}
