{
  "results": [
    {
      "command": "cargo build --release --example breakout",
      "mean": 72.77148244252,
      "stddev": 0.21997814187168738,
      "median": 72.80213622112001,
      "user": 1401.37064762,
      "system": 39.76254318,
      "min": 72.44831641462001,
      "max": 73.10776759562,
      "times": [
        73.10776759562,
        72.78742095562001,
        72.81685148662001,
        72.62940051262001,
        72.85244195162001,
        72.97588482862001,
        72.44831641462001,
        72.97289724762,
        72.65876102062,
        72.46508241162
      ],
      "exit_codes": [
        0,
        0,
        0,
        0,
        0,
        0,
        0,
        0,
        0,
        0
      ]
    }
  ]
}
