{
  "results": [
    {
      "command": "cargo build --jobs 16 --release --example breakout",
      "mean": 72.35571733281999,
      "stddev": 0.5308002640985282,
      "median": 72.23195548522,
      "user": 1060.7374561000001,
      "system": 28.054734579999995,
      "min": 71.72300068672,
      "max": 73.16673720072,
      "times": [
        71.90334778172,
        71.72300068672,
        73.16673720072,
        72.82637702372,
        72.34760576372,
        71.83421710671999,
        72.38893379871999,
        72.08882077071999,
        72.11630520672,
        73.16182798871999
      ],
      "exit_codes": [
        0,
        0,
        0,
        0,
        0,
        0,
        0,
        0,
        0,
        0
      ]
    }
  ]
}
