{
  "results": [
    {
      "command": "cargo build --jobs 16 --release --example breakout",
      "mean": 73.68008041363998,
      "stddev": 0.4379570730841522,
      "median": 73.59223421653999,
      "user": 1065.2440194399999,
      "system": 27.769794179999998,
      "min": 73.18736046654,
      "max": 74.56116158953999,
      "times": [
        74.20324648254,
        73.70213525353999,
        73.90276003353999,
        73.21138179153999,
        73.39104011754,
        73.50535722254,
        74.56116158953999,
        73.45724996854,
        73.67911121054,
        73.18736046654
      ],
      "exit_codes": [
        0,
        0,
        0,
        0,
        0,
        0,
        0,
        0,
        0,
        0
      ]
    }
  ]
}
