{
  "results": [
    {
      "command": "cargo build --jobs 8 --release --example breakout",
      "mean": 112.62552858157999,
      "stddev": 0.31927067796165126,
      "median": 112.54266650518,
      "user": 850.3903563,
      "system": 22.213501439999998,
      "min": 112.25198207118,
      "max": 113.18588436918,
      "times": [
        112.88994694018,
        112.65818389518,
        113.18588436918,
        112.93122050518,
        112.27441223318,
        112.42714911518,
        112.42052731318,
        112.39101105918,
        112.25198207118,
        112.82496831418
      ],
      "exit_codes": [
        0,
        0,
        0,
        0,
        0,
        0,
        0,
        0,
        0,
        0
      ]
    }
  ]
}
