{
  "results": [
    {
      "command": "cargo build --release --example breakout",
      "mean": 74.10609744444001,
      "stddev": 0.1840630339382022,
      "median": 74.14209114554001,
      "user": 1397.96893822,
      "system": 39.62357368,
      "min": 73.70547771904,
      "max": 74.37273898304001,
      "times": [
        74.16322177804001,
        74.15400210904001,
        73.95765602104001,
        74.17957266804001,
        74.13018018204001,
        74.12816125504001,
        74.27208038604,
        73.70547771904,
        73.99788334304,
        74.37273898304001
      ],
      "exit_codes": [
        0,
        0,
        0,
        0,
        0,
        0,
        0,
        0,
        0,
        0
      ]
    }
  ]
}
