{
  "results": [
    {
      "command": "cargo build --jobs 8 --release --example breakout",
      "mean": 111.91670100833998,
      "stddev": 0.2091980668084697,
      "median": 111.89319681783999,
      "user": 846.74673396,
      "system": 22.106273419999997,
      "min": 111.72565812434,
      "max": 112.43998773634,
      "times": [
        111.74642250334,
        111.72565812434,
        111.92195228234,
        112.01760366134,
        111.89959324534,
        111.84108356634,
        111.95983248934,
        111.88680039034,
        112.43998773634,
        111.72807608434
      ],
      "exit_codes": [
        0,
        0,
        0,
        0,
        0,
        0,
        0,
        0,
        0,
        0
      ]
    }
  ]
}
