{
  "results": [
    {
      "command": "cargo build --release --example breakout",
      "mean": 73.52807314274,
      "stddev": 0.15840316660369352,
      "median": 73.52000494044,
      "user": 1407.4688564399999,
      "system": 39.455730540000005,
      "min": 73.26375126694,
      "max": 73.74930713794001,
      "times": [
        73.48320155894001,
        73.70256732494,
        73.68880539294,
        73.74930713794001,
        73.36368274694,
        73.55680832194001,
        73.41567313294,
        73.59262728094001,
        73.46430726294001,
        73.26375126694
      ],
      "exit_codes": [
        0,
        0,
        0,
        0,
        0,
        0,
        0,
        0,
        0,
        0
      ]
    }
  ]
}
