{
  "results": [
    {
      "command": "cargo build --jobs 16 --release --example breakout",
      "mean": 73.18957994377999,
      "stddev": 0.4436052086640496,
      "median": 73.07912986207998,
      "user": 1059.26920578,
      "system": 27.821476439999998,
      "min": 72.67504275908,
      "max": 73.98207640407999,
      "times": [
        72.73696414007999,
        72.92885031808,
        73.08090719507999,
        73.01768561607999,
        73.07735252907999,
        73.92913410007999,
        72.67504275908,
        73.21642927207999,
        73.25135710408,
        73.98207640407999
      ],
      "exit_codes": [
        0,
        0,
        0,
        0,
        0,
        0,
        0,
        0,
        0,
        0
      ]
    }
  ]
}
