{
  "results": [
    {
      "command": "cargo build --jobs 8 --release --example breakout",
      "mean": 105.33938914408,
      "stddev": 0.22861614695572152,
      "median": 105.33938263958001,
      "user": 792.7803214399999,
      "system": 21.609151239999996,
      "min": 105.03910021058,
      "max": 105.68312529658,
      "times": [
        105.09372271058001,
        105.17119196558001,
        105.03910021058,
        105.31388018358001,
        105.68312529658,
        105.36488509558001,
        105.41457245958,
        105.62034996558,
        105.13745821158001,
        105.55560534158
      ],
      "exit_codes": [
        0,
        0,
        0,
        0,
        0,
        0,
        0,
        0,
        0,
        0
      ]
    }
  ]
}
