{
  "results": [
    {
      "command": "cargo build --jobs 16 --release --example breakout",
      "mean": 70.35123413572,
      "stddev": 0.5383467713682205,
      "median": 70.40671593212,
      "user": 987.8646534800002,
      "system": 27.200493239999997,
      "min": 69.55822755162,
      "max": 70.97225137362001,
      "times": [
        70.77986261562,
        70.05399021462,
        69.81993760462001,
        69.82806419862,
        70.82714828962,
        70.03814188962001,
        69.55822755162,
        70.87527596962,
        70.75944164962,
        70.97225137362001
      ],
      "exit_codes": [
        0,
        0,
        0,
        0,
        0,
        0,
        0,
        0,
        0,
        0
      ]
    }
  ]
}
