{
  "results": [
    {
      "command": "cargo build --jobs 16 --release --example breakout",
      "mean": 72.4711089349,
      "stddev": 0.4575909543249488,
      "median": 72.58438263240001,
      "user": 1035.4458532999997,
      "system": 27.62891584,
      "min": 71.64390053540001,
      "max": 73.0611066544,
      "times": [
        73.0611066544,
        71.89004191640001,
        72.3891441434,
        72.9400126684,
        71.64390053540001,
        72.1518648704,
        72.5561700714,
        72.6296148734,
        72.61259519340001,
        72.8366384224
      ],
      "exit_codes": [
        0,
        0,
        0,
        0,
        0,
        0,
        0,
        0,
        0,
        0
      ]
    }
  ]
}
