{
  "results": [
    {
      "command": "cargo build --release --example breakout",
      "mean": 73.34284706695999,
      "stddev": 0.16115316468893193,
      "median": 73.33705022475999,
      "user": 1379.94731352,
      "system": 39.34633662,
      "min": 73.06835212426,
      "max": 73.54559376426,
      "times": [
        73.52734449526,
        73.11561527726,
        73.33278557326,
        73.38725682726,
        73.54559376426,
        73.06835212426,
        73.50451477326,
        73.31268133826,
        73.34131487626,
        73.29301162026
      ],
      "exit_codes": [
        0,
        0,
        0,
        0,
        0,
        0,
        0,
        0,
        0,
        0
      ]
    }
  ]
}
