{
  "results": [
    {
      "command": "cargo build --jobs 8 --release --example breakout",
      "mean": 109.85135702848001,
      "stddev": 0.09383052870327685,
      "median": 109.86401836158001,
      "user": 826.7250476399998,
      "system": 22.078965739999997,
      "min": 109.71273524558,
      "max": 110.02761074158,
      "times": [
        109.71273524558,
        109.87575191558001,
        109.90049173158,
        109.81181018058001,
        109.88902184458,
        110.02761074158,
        109.92691060158,
        109.75933500458001,
        109.75761821158001,
        109.85228480758
      ],
      "exit_codes": [
        0,
        0,
        0,
        0,
        0,
        0,
        0,
        0,
        0,
        0
      ]
    }
  ]
}
