{
  "results": [
    {
      "command": "cargo build --jobs 16 --release --example breakout",
      "mean": 72.8146438641,
      "stddev": 0.6609723082142982,
      "median": 72.8474526013,
      "user": 1059.0134217600003,
      "system": 28.02991586,
      "min": 71.7793694768,
      "max": 73.95554372480001,
      "times": [
        72.3903385728,
        72.0758302208,
        72.4393202718,
        73.1319267178,
        72.9623929678,
        73.2642390208,
        71.7793694768,
        73.95554372480001,
        72.73251223480001,
        73.4149654328
      ],
      "exit_codes": [
        0,
        0,
        0,
        0,
        0,
        0,
        0,
        0,
        0,
        0
      ]
    }
  ]
}
