{
  "results": [
    {
      "command": "cargo build --release --example breakout",
      "mean": 72.87124477718001,
      "stddev": 0.1620135453729747,
      "median": 72.88379785608,
      "user": 1402.54389544,
      "system": 39.74992264,
      "min": 72.56516130908,
      "max": 73.10115488507999,
      "times": [
        72.87747442807999,
        73.10115488507999,
        72.86837140208,
        72.67494249308,
        72.78506309008,
        72.93166005908,
        72.56516130908,
        72.89012128408,
        72.98110752408,
        73.03739129707999
      ],
      "exit_codes": [
        0,
        0,
        0,
        0,
        0,
        0,
        0,
        0,
        0,
        0
      ]
    }
  ]
}
