{
  "results": [
    {
      "command": "cargo build --jobs 8 --release --example breakout",
      "mean": 112.41220895550002,
      "stddev": 0.11173327482124824,
      "median": 112.430527654,
      "user": 843.7372800599999,
      "system": 22.453941980000003,
      "min": 112.22638783800001,
      "max": 112.581530309,
      "times": [
        112.581530309,
        112.46845746800001,
        112.393222474,
        112.237521653,
        112.50343804900001,
        112.41184323600001,
        112.44921207200001,
        112.374799935,
        112.22638783800001,
        112.47567652100001
      ],
      "exit_codes": [
        0,
        0,
        0,
        0,
        0,
        0,
        0,
        0,
        0,
        0
      ]
    }
  ]
}
