{
  "results": [
    {
      "command": "cargo build --jobs 16 --release --example breakout",
      "mean": 72.26217733706001,
      "stddev": 0.2754936782040691,
      "median": 72.21834933646,
      "user": 1065.56708412,
      "system": 27.84535126,
      "min": 71.79107604096,
      "max": 72.71586292095999,
      "times": [
        72.29362897796,
        72.71586292095999,
        72.24526262296,
        72.32614329796,
        72.19143604995999,
        72.69051673196,
        72.10110313995999,
        71.79107604096,
        72.09923015396,
        72.16751343396
      ],
      "exit_codes": [
        0,
        0,
        0,
        0,
        0,
        0,
        0,
        0,
        0,
        0
      ]
    }
  ]
}
