{
  "results": [
    {
      "command": "cargo build --jobs 8 --release --example breakout",
      "mean": 111.73904999306001,
      "stddev": 0.1872251714072047,
      "median": 111.72797354056001,
      "user": 847.5258809199998,
      "system": 22.606363819999995,
      "min": 111.42864312706001,
      "max": 112.04150773806,
      "times": [
        111.42864312706001,
        111.93221284206001,
        111.76966310806,
        111.92634551406,
        111.63751285306,
        111.57007667106001,
        111.76676317906,
        111.68918390206001,
        112.04150773806,
        111.62859099606001
      ],
      "exit_codes": [
        0,
        0,
        0,
        0,
        0,
        0,
        0,
        0,
        0,
        0
      ]
    }
  ]
}
