{
  "results": [
    {
      "command": "cargo build --jobs 16 --release --example breakout",
      "mean": 73.08776952546,
      "stddev": 0.6622676478047684,
      "median": 72.94939716996001,
      "user": 1036.16893868,
      "system": 27.595255080000005,
      "min": 72.35744801846,
      "max": 74.62605226246001,
      "times": [
        72.57894014146,
        73.07870896846,
        73.65190786546,
        72.69712647146,
        72.62955128946,
        72.35744801846,
        72.82008537146,
        73.18868551246,
        73.24918935346,
        74.62605226246001
      ],
      "exit_codes": [
        0,
        0,
        0,
        0,
        0,
        0,
        0,
        0,
        0,
        0
      ]
    }
  ]
}
