{
  "results": [
    {
      "command": "cargo build --jobs 8 --release --example breakout",
      "mean": 110.11213820679998,
      "stddev": 0.18717258761931668,
      "median": 110.08679735979999,
      "user": 828.1842899199999,
      "system": 21.96316528,
      "min": 109.88780984979999,
      "max": 110.5590649148,
      "times": [
        110.1500034978,
        110.1016974678,
        110.5590649148,
        110.07000995279999,
        110.1289871858,
        109.9281214288,
        109.99754402479999,
        109.88780984979999,
        110.0718972518,
        110.2262464938
      ],
      "exit_codes": [
        0,
        0,
        0,
        0,
        0,
        0,
        0,
        0,
        0,
        0
      ]
    }
  ]
}
