{
  "results": [
    {
      "command": "cargo build --jobs 8 --release --example breakout",
      "mean": 104.87588320418001,
      "stddev": 0.3223260185670238,
      "median": 104.92826600208,
      "user": 791.7475788799999,
      "system": 21.586251480000005,
      "min": 104.39298749658,
      "max": 105.45227700158,
      "times": [
        105.06527601258,
        105.08753194458001,
        105.45227700158,
        104.54753642158,
        104.50254484358,
        104.82418754658,
        105.02995877058001,
        104.99851870158,
        104.85801330258,
        104.39298749658
      ],
      "exit_codes": [
        0,
        0,
        0,
        0,
        0,
        0,
        0,
        0,
        0,
        0
      ]
    }
  ]
}
