{
  "results": [
    {
      "command": "cargo build --jobs 16 --release --example breakout",
      "mean": 69.80190890316001,
      "stddev": 0.3262813206994155,
      "median": 69.77192613826,
      "user": 988.1727994,
      "system": 27.131657459999996,
      "min": 69.23438001576,
      "max": 70.53450413776,
      "times": [
        69.98468252176,
        70.53450413776,
        69.74641724476,
        69.68067972376001,
        69.23438001576,
        69.79859496076,
        69.79743503176,
        69.90899676676,
        69.67399926176,
        69.65939936676
      ],
      "exit_codes": [
        0,
        0,
        0,
        0,
        0,
        0,
        0,
        0,
        0,
        0
      ]
    }
  ]
}
