{
  "results": [
    {
      "command": "cargo build --jobs 16 --release --example breakout",
      "mean": 73.63921454552002,
      "stddev": 0.7061594389459763,
      "median": 73.51607182712,
      "user": 1060.38459346,
      "system": 27.812441999999997,
      "min": 72.87537114912001,
      "max": 74.79130123712001,
      "times": [
        74.55704398112,
        72.96228828912001,
        72.87537114912001,
        74.44010349312,
        73.50918466112,
        73.12403636812,
        73.54555382112001,
        73.52295899312,
        74.79130123712001,
        73.06430346212001
      ],
      "exit_codes": [
        0,
        0,
        0,
        0,
        0,
        0,
        0,
        0,
        0,
        0
      ]
    }
  ]
}
