{
  "results": [
    {
      "command": "cargo build --jobs 8 --release --example breakout",
      "mean": 111.60448642952001,
      "stddev": 0.08215485388023618,
      "median": 111.62942925342,
      "user": 846.56562402,
      "system": 22.166203219999996,
      "min": 111.46179284742,
      "max": 111.69629803342,
      "times": [
        111.62537683642,
        111.69629803342,
        111.67596405442,
        111.58405218042,
        111.56562996442001,
        111.68504853142001,
        111.63348167042001,
        111.63904905342001,
        111.46179284742,
        111.47817112342001
      ],
      "exit_codes": [
        0,
        0,
        0,
        0,
        0,
        0,
        0,
        0,
        0,
        0
      ]
    }
  ]
}
