{
  "results": [
    {
      "command": "cargo build --release --example breakout",
      "mean": 73.66451973596,
      "stddev": 0.18366739779156557,
      "median": 73.64755844916,
      "user": 1409.9890127199997,
      "system": 39.4927743,
      "min": 73.45018311416,
      "max": 74.11117391416,
      "times": [
        73.73558853416,
        73.55498048416,
        73.64284130816,
        73.45018311416,
        73.48032368616,
        73.61832826616,
        73.66853083316,
        73.65227559016,
        73.73097162916001,
        74.11117391416
      ],
      "exit_codes": [
        0,
        0,
        0,
        0,
        0,
        0,
        0,
        0,
        0,
        0
      ]
    }
  ]
}
