{
  "results": [
    {
      "command": "cargo build --jobs 16 --release --example breakout",
      "mean": 72.31314919852,
      "stddev": 0.3491577841894031,
      "median": 72.20270617262,
      "user": 1066.46506112,
      "system": 27.717349839999997,
      "min": 72.02652469611999,
      "max": 73.16920401912,
      "times": [
        72.42298689012,
        72.03489420812,
        72.17576718412,
        72.22964516112,
        73.16920401912,
        72.05951369412,
        72.38573363512,
        72.09306628012,
        72.02652469611999,
        72.53415621712
      ],
      "exit_codes": [
        0,
        0,
        0,
        0,
        0,
        0,
        0,
        0,
        0,
        0
      ]
    }
  ]
}
