{
  "results": [
    {
      "command": "cargo build --jobs 8 --release --example breakout",
      "mean": 112.13822436802002,
      "stddev": 0.18782644049130398,
      "median": 112.10078694902,
      "user": 847.5987685,
      "system": 22.57133078,
      "min": 111.92371321152001,
      "max": 112.53529644252,
      "times": [
        112.06439698852,
        112.11181519752,
        112.35760763052001,
        111.94548837752001,
        111.92371321152001,
        112.08975870052001,
        112.00767349952001,
        112.53529644252,
        112.18994979552001,
        112.15654383652
      ],
      "exit_codes": [
        0,
        0,
        0,
        0,
        0,
        0,
        0,
        0,
        0,
        0
      ]
    }
  ]
}
