{
  "results": [
    {
      "command": "cargo build --jobs 16 --release --example breakout",
      "mean": 73.68466127428,
      "stddev": 0.6683338478710464,
      "median": 73.40519168478,
      "user": 1061.77958136,
      "system": 27.808030759999998,
      "min": 72.85005070778,
      "max": 74.85488108978001,
      "times": [
        72.85005070778,
        74.85488108978001,
        73.29843925578001,
        73.21773179878001,
        73.42039162178,
        73.38999174778,
        74.23187711978001,
        73.29663260378,
        74.67220206178,
        73.61441473578
      ],
      "exit_codes": [
        0,
        0,
        0,
        0,
        0,
        0,
        0,
        0,
        0,
        0
      ]
    }
  ]
}
