{
  "results": [
    {
      "command": "cargo build --jobs 8 --release --example breakout",
      "mean": 111.88973632908001,
      "stddev": 0.18197379768874022,
      "median": 111.89711287518,
      "user": 847.2397181599999,
      "system": 22.274890199999998,
      "min": 111.61035503718,
      "max": 112.14388587817999,
      "times": [
        112.14388587817999,
        111.87778507318,
        111.79777365218,
        112.08877462817999,
        112.08192259917999,
        111.61035503718,
        111.95424201018,
        111.75150968818,
        111.67467404717999,
        111.91644067717999
      ],
      "exit_codes": [
        0,
        0,
        0,
        0,
        0,
        0,
        0,
        0,
        0,
        0
      ]
    }
  ]
}
