{
  "results": [
    {
      "command": "cargo build --release --example breakout",
      "mean": 73.38145773364002,
      "stddev": 0.05563511604720492,
      "median": 73.38708898614,
      "user": 1380.2593287,
      "system": 39.18508946,
      "min": 73.28605852314,
      "max": 73.45555832414,
      "times": [
        73.45555832414,
        73.28605852314,
        73.43741374014,
        73.43881992314,
        73.31802622514,
        73.40131817214,
        73.36583444614,
        73.39643679714,
        73.33737001013999,
        73.37774117514
      ],
      "exit_codes": [
        0,
        0,
        0,
        0,
        0,
        0,
        0,
        0,
        0,
        0
      ]
    }
  ]
}
