{
  "results": [
    {
      "command": "cargo build --jobs 16 --release --example breakout",
      "mean": 73.0724766909,
      "stddev": 0.6861661354667121,
      "median": 73.0804859161,
      "user": 1035.4889653200003,
      "system": 27.603007079999998,
      "min": 71.9263635476,
      "max": 74.14535633460001,
      "times": [
        72.2245890256,
        72.8630380216,
        72.8957973106,
        73.2651745216,
        73.4424532556,
        73.3417199106,
        71.9263635476,
        72.7536738196,
        74.14535633460001,
        73.8666011616
      ],
      "exit_codes": [
        0,
        0,
        0,
        0,
        0,
        0,
        0,
        0,
        0,
        0
      ]
    }
  ]
}
