{
  "results": [
    {
      "command": "cargo build --jobs 8 --release --example breakout",
      "mean": 110.06414775711998,
      "stddev": 0.09690365974159594,
      "median": 110.06568888231999,
      "user": 828.2405060599998,
      "system": 21.99565344,
      "min": 109.86260953482,
      "max": 110.23864535682,
      "times": [
        109.86260953482,
        110.06065336082,
        110.07336397681999,
        110.23864535682,
        110.07072440382,
        110.15930291882,
        110.04981409682,
        110.08362466081999,
        110.01961467682,
        110.02312458482
      ],
      "exit_codes": [
        0,
        0,
        0,
        0,
        0,
        0,
        0,
        0,
        0,
        0
      ]
    }
  ]
}
