{
  "results": [
    {
      "command": "cargo build --jobs 16 --release --example breakout",
      "mean": 72.09980746279999,
      "stddev": 0.46075263899341046,
      "median": 72.1691376335,
      "user": 1030.7650206599997,
      "system": 27.45299508,
      "min": 71.429506274,
      "max": 72.789623519,
      "times": [
        72.400966954,
        71.429506274,
        72.211424152,
        72.789623519,
        72.14815665,
        72.721287201,
        71.722622693,
        71.617957356,
        72.190118617,
        71.76641121200001
      ],
      "exit_codes": [
        0,
        0,
        0,
        0,
        0,
        0,
        0,
        0,
        0,
        0
      ]
    }
  ]
}
