{
  "results": [
    {
      "command": "cargo build --release --example breakout",
      "mean": 72.87779142364,
      "stddev": 0.2149938846345523,
      "median": 72.82426576724001,
      "user": 1370.9094261999999,
      "system": 39.295840639999994,
      "min": 72.60188426474,
      "max": 73.34083099674,
      "times": [
        73.34083099674,
        73.06947787874,
        72.60188426474,
        72.84719437974,
        72.80133715474,
        72.99131135174,
        72.93488602074,
        72.71186242474,
        72.73438595274,
        72.74474381174
      ],
      "exit_codes": [
        0,
        0,
        0,
        0,
        0,
        0,
        0,
        0,
        0,
        0
      ]
    }
  ]
}
