{
  "results": [
    {
      "command": "cargo build --jobs 8 --release --example breakout",
      "mean": 109.47032275982001,
      "stddev": 0.16491626361338743,
      "median": 109.44095871302,
      "user": 825.73824432,
      "system": 21.972607300000004,
      "min": 109.27974729202,
      "max": 109.78061372602,
      "times": [
        109.55872836302,
        109.32793711202,
        109.58677587902,
        109.78061372602,
        109.61713845602,
        109.37420197402,
        109.30510604202,
        109.50771545202,
        109.27974729202,
        109.36526330202
      ],
      "exit_codes": [
        0,
        0,
        0,
        0,
        0,
        0,
        0,
        0,
        0,
        0
      ]
    }
  ]
}
