{
  "results": [
    {
      "command": "cargo build --jobs 16 --release --example breakout",
      "mean": 73.49683853972,
      "stddev": 0.5796850605023295,
      "median": 73.45273014642,
      "user": 1061.5690121599998,
      "system": 27.816440319999998,
      "min": 72.49793181892,
      "max": 74.50678155292,
      "times": [
        73.53949437692,
        73.28853460591999,
        72.92634241892,
        73.49591647592,
        73.79730328492,
        74.50678155292,
        73.30247778992,
        72.49793181892,
        74.20405925592,
        73.40954381691999
      ],
      "exit_codes": [
        0,
        0,
        0,
        0,
        0,
        0,
        0,
        0,
        0,
        0
      ]
    }
  ]
}
