{
  "results": [
    {
      "command": "cargo build --jobs 8 --release --example breakout",
      "mean": 112.61646069088002,
      "stddev": 0.1321799397422696,
      "median": 112.59496286888,
      "user": 847.2818279400001,
      "system": 22.199364940000002,
      "min": 112.43223247988001,
      "max": 112.91967649088001,
      "times": [
        112.58207370688001,
        112.73427263588,
        112.58987465788,
        112.50267781188,
        112.61439266088,
        112.43223247988001,
        112.60005107988,
        112.62137922088,
        112.56797616388,
        112.91967649088001
      ],
      "exit_codes": [
        0,
        0,
        0,
        0,
        0,
        0,
        0,
        0,
        0,
        0
      ]
    }
  ]
}
