{
  "results": [
    {
      "command": "cargo build --release --example breakout",
      "mean": 71.10549650876001,
      "stddev": 0.16505324138969893,
      "median": 71.11875570816,
      "user": 1323.2308647999998,
      "system": 38.562750040000005,
      "min": 70.79856857966,
      "max": 71.32283857666,
      "times": [
        71.28653795466,
        71.32283857666,
        71.04391204266,
        71.10679715466,
        71.17136938866,
        71.08553345066001,
        70.88617399866,
        71.22251967966001,
        70.79856857966,
        71.13071426166
      ],
      "exit_codes": [
        0,
        0,
        0,
        0,
        0,
        0,
        0,
        0,
        0,
        0
      ]
    }
  ]
}
