{
  "results": [
    {
      "command": "cargo build --jobs 8 --release --example breakout",
      "mean": 112.05252543086002,
      "stddev": 0.16669495977374246,
      "median": 111.97185018626,
      "user": 845.2923543799998,
      "system": 22.092885799999994,
      "min": 111.84296018026,
      "max": 112.35131280626,
      "times": [
        111.94173239526,
        112.21716105626,
        111.84296018026,
        112.35131280626,
        111.96374570326,
        111.97995466926,
        112.16828960226,
        111.94038116026,
        112.19820545026,
        111.92151128526
      ],
      "exit_codes": [
        0,
        0,
        0,
        0,
        0,
        0,
        0,
        0,
        0,
        0
      ]
    }
  ]
}
