{
  "results": [
    {
      "command": "cargo build --release --example breakout",
      "mean": 73.56728011386,
      "stddev": 0.1324904381495475,
      "median": 73.56915417575999,
      "user": 1410.1419090999998,
      "system": 39.59412462,
      "min": 73.35692430076,
      "max": 73.76254132576,
      "times": [
        73.66521118076,
        73.38088422276,
        73.76254132576,
        73.60545126376,
        73.63204475276,
        73.70531426276,
        73.35692430076,
        73.52210845376,
        73.50946428776,
        73.53285708776
      ],
      "exit_codes": [
        0,
        0,
        0,
        0,
        0,
        0,
        0,
        0,
        0,
        0
      ]
    }
  ]
}
