{
  "results": [
    {
      "command": "cargo build --jobs 16 --release --example breakout",
      "mean": 74.22067075626,
      "stddev": 0.813149514573672,
      "median": 74.14660393266001,
      "user": 1058.45749906,
      "system": 27.625122039999997,
      "min": 73.15926828266001,
      "max": 75.28492489366,
      "times": [
        73.71559872766001,
        73.26671438166,
        74.80551338466,
        75.11158956466001,
        74.99413087466,
        73.60144604866001,
        74.57760913766,
        75.28492489366,
        73.15926828266001,
        73.68991226666
      ],
      "exit_codes": [
        0,
        0,
        0,
        0,
        0,
        0,
        0,
        0,
        0,
        0
      ]
    }
  ]
}
