{
  "results": [
    {
      "command": "cargo build --jobs 16 --release --example breakout",
      "mean": 72.9032634928,
      "stddev": 0.6510353492464931,
      "median": 72.88012150899999,
      "user": 1032.32340488,
      "system": 27.621792,
      "min": 71.8173078085,
      "max": 74.3252646065,
      "times": [
        72.7039580035,
        73.2565186915,
        73.1282365475,
        74.3252646065,
        72.8785045235,
        71.8173078085,
        72.2913075255,
        72.7725860125,
        72.9772127145,
        72.8817384945
      ],
      "exit_codes": [
        0,
        0,
        0,
        0,
        0,
        0,
        0,
        0,
        0,
        0
      ]
    }
  ]
}
