{
  "results": [
    {
      "command": "cargo build --release --example breakout",
      "mean": 72.79779839912001,
      "stddev": 0.3052808882475269,
      "median": 72.81555228511999,
      "user": 1375.9371974600003,
      "system": 39.21349222,
      "min": 72.14407768512,
      "max": 73.30916432512,
      "times": [
        72.14407768512,
        72.89481166312,
        73.09446815012,
        73.30916432512,
        72.63956424611999,
        72.67488368212,
        72.72541045711999,
        72.84742626712,
        72.78367830312,
        72.86449921212
      ],
      "exit_codes": [
        0,
        0,
        0,
        0,
        0,
        0,
        0,
        0,
        0,
        0
      ]
    }
  ]
}
