{
  "results": [
    {
      "command": "cargo build --jobs 8 --release --example breakout",
      "mean": 109.29590587776002,
      "stddev": 0.08461184838117478,
      "median": 109.30849938116,
      "user": 826.6095200799998,
      "system": 22.026243819999998,
      "min": 109.12701390366,
      "max": 109.38367838966,
      "times": [
        109.27230586566,
        109.12701390366,
        109.38366847766,
        109.35547171366,
        109.19261511366,
        109.33584607666,
        109.35418011566,
        109.28115268566,
        109.38367838966,
        109.27312643566
      ],
      "exit_codes": [
        0,
        0,
        0,
        0,
        0,
        0,
        0,
        0,
        0,
        0
      ]
    }
  ]
}
