{
  "results": [
    {
      "command": "cargo build --release --example breakout",
      "mean": 70.73537590324,
      "stddev": 0.21844610231187442,
      "median": 70.69968908083999,
      "user": 1328.0386287600002,
      "system": 38.5937761,
      "min": 70.37973974484,
      "max": 71.10916834084,
      "times": [
        70.95194054283999,
        70.59361707283999,
        70.60808602383999,
        70.78779185683999,
        70.61158630483999,
        70.79521275283999,
        71.10916834084,
        70.92767227883999,
        70.58894411384,
        70.37973974484
      ],
      "exit_codes": [
        0,
        0,
        0,
        0,
        0,
        0,
        0,
        0,
        0,
        0
      ]
    }
  ]
}
