{
  "results": [
    {
      "command": "cargo build --jobs 16 --release --example breakout",
      "mean": 72.25875028788,
      "stddev": 0.2923067852440764,
      "median": 72.21391415058,
      "user": 1068.0646169199997,
      "system": 27.906596580000002,
      "min": 71.91641412358,
      "max": 72.88717426558,
      "times": [
        72.23239529758,
        71.91641412358,
        71.96587008558001,
        72.19543300358,
        72.44715251058,
        72.14351540658001,
        72.88717426558,
        72.47627542258,
        72.00125837958001,
        72.32201438358
      ],
      "exit_codes": [
        0,
        0,
        0,
        0,
        0,
        0,
        0,
        0,
        0,
        0
      ]
    }
  ]
}
