{
  "results": [
    {
      "command": "cargo build --jobs 8 --release --example breakout",
      "mean": 112.27071939766002,
      "stddev": 0.14530635812433795,
      "median": 112.30303383786,
      "user": 848.2686411800001,
      "system": 22.60183206,
      "min": 111.97795963186,
      "max": 112.45668915086,
      "times": [
        112.24219728686,
        111.97795963186,
        112.45668915086,
        112.37736415786,
        112.28863494986,
        112.36908546186,
        112.31738031086,
        112.32394208086,
        112.28868736486,
        112.06525358086
      ],
      "exit_codes": [
        0,
        0,
        0,
        0,
        0,
        0,
        0,
        0,
        0,
        0
      ]
    }
  ]
}
