{
  "results": [
    {
      "command": "cargo build --jobs 16 --release --example breakout",
      "mean": 72.34161629462001,
      "stddev": 0.3464256287001438,
      "median": 72.31829041092001,
      "user": 1067.0482888399997,
      "system": 27.833159999999992,
      "min": 71.88766398092001,
      "max": 73.15454345392,
      "times": [
        72.38489214692001,
        71.88766398092001,
        72.00594918892,
        73.15454345392,
        72.39809750592,
        72.36022435892001,
        72.27635646292,
        72.20658940192,
        72.18266451192001,
        72.55918193392
      ],
      "exit_codes": [
        0,
        0,
        0,
        0,
        0,
        0,
        0,
        0,
        0,
        0
      ]
    }
  ]
}
