{
  "results": [
    {
      "command": "cargo build --jobs 8 --release --example breakout",
      "mean": 112.32552314642001,
      "stddev": 0.23560498905058502,
      "median": 112.30362822932,
      "user": 848.0020738399999,
      "system": 22.508664500000002,
      "min": 112.07827347882001,
      "max": 112.90363667382,
      "times": [
        112.39470700282001,
        112.07827347882001,
        112.90363667382,
        112.43165249882,
        112.14107127582001,
        112.16349833582001,
        112.35643598082001,
        112.17869975882,
        112.25649073582001,
        112.35076572282
      ],
      "exit_codes": [
        0,
        0,
        0,
        0,
        0,
        0,
        0,
        0,
        0,
        0
      ]
    }
  ]
}
