{
  "results": [
    {
      "command": "cargo build --release --example breakout",
      "mean": 72.07345337746,
      "stddev": 0.19032563574137862,
      "median": 72.10254979896,
      "user": 1384.2615462199997,
      "system": 39.42648664,
      "min": 71.75414392696,
      "max": 72.35124816596,
      "times": [
        72.08657524896,
        72.35124816596,
        72.11852434896,
        72.18423074696,
        71.75414392696,
        72.02529747496,
        71.84903230996,
        72.13613602696,
        72.30493568696,
        71.92440983796
      ],
      "exit_codes": [
        0,
        0,
        0,
        0,
        0,
        0,
        0,
        0,
        0,
        0
      ]
    }
  ]
}
