{
  "results": [
    {
      "command": "cargo build --jobs 8 --release --example breakout",
      "mean": 110.32972248976,
      "stddev": 0.1259561036635031,
      "median": 110.33934040276,
      "user": 834.93100558,
      "system": 22.07537324,
      "min": 110.13001210826,
      "max": 110.58892000826,
      "times": [
        110.32080798826,
        110.27634890526,
        110.24054692926,
        110.42815189826,
        110.36483817626,
        110.35787281726,
        110.22174628526,
        110.36797978126,
        110.58892000826,
        110.13001210826
      ],
      "exit_codes": [
        0,
        0,
        0,
        0,
        0,
        0,
        0,
        0,
        0,
        0
      ]
    }
  ]
}
