{
  "results": [
    {
      "command": "cargo build --jobs 16 --release --example breakout",
      "mean": 72.32101428554002,
      "stddev": 0.573620925187953,
      "median": 72.50472028704,
      "user": 1046.4695531799998,
      "system": 27.58528096,
      "min": 71.40580056404,
      "max": 73.06661081904001,
      "times": [
        72.56434709404,
        71.63863366404,
        71.55863019904,
        72.66011891704001,
        73.06661081904001,
        71.40580056404,
        72.44509348004,
        72.44027767404,
        72.77097881604,
        72.65965162804001
      ],
      "exit_codes": [
        0,
        0,
        0,
        0,
        0,
        0,
        0,
        0,
        0,
        0
      ]
    }
  ]
}
