{
  "results": [
    {
      "command": "cargo build --jobs 8 --release --example breakout",
      "mean": 110.26242633804,
      "stddev": 0.12256395916201807,
      "median": 110.27890575304,
      "user": 834.2094234599999,
      "system": 22.0404887,
      "min": 110.10197764554,
      "max": 110.48842402554,
      "times": [
        110.22090167154,
        110.11538227954,
        110.28222355454,
        110.10197764554,
        110.35300739254,
        110.36025530754,
        110.48842402554,
        110.13626002854,
        110.29024352354,
        110.27558795154
      ],
      "exit_codes": [
        0,
        0,
        0,
        0,
        0,
        0,
        0,
        0,
        0,
        0
      ]
    }
  ]
}
