{
  "results": [
    {
      "command": "cargo build --release --example breakout",
      "mean": 73.54390083310001,
      "stddev": 0.1206532416581173,
      "median": 73.5548839927,
      "user": 1385.1793973799997,
      "system": 39.17516688,
      "min": 73.3704415917,
      "max": 73.7351503557,
      "times": [
        73.4080823297,
        73.5112212617,
        73.3704415917,
        73.69843240269999,
        73.5879818647,
        73.5435936407,
        73.4193120497,
        73.5661743447,
        73.7351503557,
        73.5986184897
      ],
      "exit_codes": [
        0,
        0,
        0,
        0,
        0,
        0,
        0,
        0,
        0,
        0
      ]
    }
  ]
}
