{
  "results": [
    {
      "command": "cargo build --jobs 16 --release --example breakout",
      "mean": 72.37565581246,
      "stddev": 0.32839192697339736,
      "median": 72.28410653756,
      "user": 1067.51948922,
      "system": 27.81459602,
      "min": 71.94700643206001,
      "max": 73.02487333206,
      "times": [
        72.34149878806,
        71.94700643206001,
        72.22671428706,
        72.16552697906,
        72.55066552506,
        72.21881496506,
        72.57502788206,
        73.02487333206,
        72.03552063506,
        72.67090929906
      ],
      "exit_codes": [
        0,
        0,
        0,
        0,
        0,
        0,
        0,
        0,
        0,
        0
      ]
    }
  ]
}
