{
  "results": [
    {
      "command": "cargo build --jobs 8 --release --example breakout",
      "mean": 112.18834763049999,
      "stddev": 0.2595857305002841,
      "median": 112.1463861875,
      "user": 847.8583964799998,
      "system": 22.55999704,
      "min": 111.885047555,
      "max": 112.73898147599999,
      "times": [
        112.286770496,
        112.216044042,
        112.074344275,
        111.986644617,
        111.885047555,
        112.73898147599999,
        112.344448626,
        111.90800924599999,
        112.076728333,
        112.366457639
      ],
      "exit_codes": [
        0,
        0,
        0,
        0,
        0,
        0,
        0,
        0,
        0,
        0
      ]
    }
  ]
}
