{
  "results": [
    {
      "command": "cargo build --jobs 16 --release --example breakout",
      "mean": 72.26541567694,
      "stddev": 0.2574194370136021,
      "median": 72.16966856624,
      "user": 1065.66547544,
      "system": 27.789656820000005,
      "min": 71.99666969824,
      "max": 72.70211001823999,
      "times": [
        72.18828158724,
        72.29700699624,
        72.10380088324,
        72.09083684324,
        72.43286408524,
        72.67430957523999,
        72.01722153723999,
        71.99666969824,
        72.70211001823999,
        72.15105554524
      ],
      "exit_codes": [
        0,
        0,
        0,
        0,
        0,
        0,
        0,
        0,
        0,
        0
      ]
    }
  ]
}
