{
  "results": [
    {
      "command": "cargo build --jobs 8 --release --example breakout",
      "mean": 112.06206972342,
      "stddev": 0.16399893813745645,
      "median": 112.05331932612,
      "user": 846.9330212800002,
      "system": 22.575538919999996,
      "min": 111.76202398012,
      "max": 112.31853434112,
      "times": [
        112.31853434112,
        111.76202398012,
        112.02876199812,
        112.09495000012001,
        112.04834919912,
        112.05828945312,
        111.91868331612,
        111.95005783912,
        112.23702658612,
        112.20402052112
      ],
      "exit_codes": [
        0,
        0,
        0,
        0,
        0,
        0,
        0,
        0,
        0,
        0
      ]
    }
  ]
}
