{
  "results": [
    {
      "command": "cargo build --jobs 16 --release --example breakout",
      "mean": 72.11296922744,
      "stddev": 0.39324005252811284,
      "median": 72.01175024664,
      "user": 1062.8998236800003,
      "system": 27.809696960000004,
      "min": 71.63717973964,
      "max": 72.99940634764,
      "times": [
        72.99940634764,
        71.97414630064,
        72.04442284264,
        71.86950922164,
        72.58252976064,
        72.03220158064,
        71.99129891264,
        72.11946712064,
        71.63717973964,
        71.87953044764001
      ],
      "exit_codes": [
        0,
        0,
        0,
        0,
        0,
        0,
        0,
        0,
        0,
        0
      ]
    }
  ]
}
