{
  "results": [
    {
      "command": "cargo build --jobs 8 --release --example breakout",
      "mean": 111.57538093907999,
      "stddev": 0.15464398736985807,
      "median": 111.53825204827999,
      "user": 845.3524646399999,
      "system": 22.519264819999997,
      "min": 111.30644206327999,
      "max": 111.86748314728,
      "times": [
        111.86748314728,
        111.53211379428,
        111.54439030228,
        111.60924116528,
        111.65531003427999,
        111.51175951628,
        111.46424221027999,
        111.52065575728,
        111.74217140028,
        111.30644206327999
      ],
      "exit_codes": [
        0,
        0,
        0,
        0,
        0,
        0,
        0,
        0,
        0,
        0
      ]
    }
  ]
}
