{
  "results": [
    {
      "command": "cargo build --jobs 16 --release --example breakout",
      "mean": 72.40894597892,
      "stddev": 0.43323422389230726,
      "median": 72.45662022072,
      "user": 1065.1221735200002,
      "system": 27.80531696,
      "min": 71.78599383172,
      "max": 73.14625250772,
      "times": [
        72.59368787772,
        72.77041000972001,
        72.37558039172,
        72.76248427672,
        71.89125467472,
        71.78599383172,
        72.05395260672,
        72.53766004972,
        72.17218356272001,
        73.14625250772
      ],
      "exit_codes": [
        0,
        0,
        0,
        0,
        0,
        0,
        0,
        0,
        0,
        0
      ]
    }
  ]
}
