{
  "results": [
    {
      "command": "cargo build --jobs 8 --release --example breakout",
      "mean": 111.79315241083998,
      "stddev": 0.27194879607768885,
      "median": 111.79656782794001,
      "user": 847.25562374,
      "system": 22.418051339999998,
      "min": 111.41463669994,
      "max": 112.39500354894001,
      "times": [
        111.41463669994,
        111.84493332394,
        111.78141197194,
        111.88838431494,
        111.53416849894,
        111.93397413194,
        111.78803023894001,
        111.54587596194,
        111.80510541694001,
        112.39500354894001
      ],
      "exit_codes": [
        0,
        0,
        0,
        0,
        0,
        0,
        0,
        0,
        0,
        0
      ]
    }
  ]
}
