{
  "results": [
    {
      "command": "cargo build --release --example breakout",
      "mean": 73.4680303841,
      "stddev": 0.27026082027308374,
      "median": 73.4301446947,
      "user": 1410.6100602599997,
      "system": 39.70100832,
      "min": 73.1450960617,
      "max": 74.11446041869999,
      "times": [
        74.11446041869999,
        73.4703588817,
        73.6921892987,
        73.34752670569999,
        73.4789958507,
        73.1450960617,
        73.4483792967,
        73.29766792769999,
        73.4119100927,
        73.2737193067
      ],
      "exit_codes": [
        0,
        0,
        0,
        0,
        0,
        0,
        0,
        0,
        0,
        0
      ]
    }
  ]
}
