{
  "results": [
    {
      "command": "cargo build --jobs 16 --release --example breakout",
      "mean": 73.99137832304,
      "stddev": 0.6657033868921363,
      "median": 74.04508399004,
      "user": 1059.04292264,
      "system": 27.715401760000002,
      "min": 73.18835966104,
      "max": 75.03388840504,
      "times": [
        73.18835966104,
        75.03388840504,
        73.87306499904,
        73.58917353804,
        74.21710298104,
        74.81568256204,
        74.37346579304,
        73.22423987304,
        74.32016436804,
        73.27864105004
      ],
      "exit_codes": [
        0,
        0,
        0,
        0,
        0,
        0,
        0,
        0,
        0,
        0
      ]
    }
  ]
}
