{
  "results": [
    {
      "command": "cargo build --jobs 8 --release --example breakout",
      "mean": 111.80242717134001,
      "stddev": 0.16028362287375056,
      "median": 111.78862765004001,
      "user": 845.6554973,
      "system": 22.150402959999994,
      "min": 111.61078581554001,
      "max": 112.10269791354001,
      "times": [
        111.85928660654001,
        111.79004018654001,
        111.78721511354,
        111.62229686754,
        111.65598104254,
        111.61078581554001,
        111.72457402054,
        112.10269791354001,
        111.88453776954,
        111.98685637754001
      ],
      "exit_codes": [
        0,
        0,
        0,
        0,
        0,
        0,
        0,
        0,
        0,
        0
      ]
    }
  ]
}
