{
  "results": [
    {
      "command": "cargo build --jobs 8 --release --example breakout",
      "mean": 112.24428732410001,
      "stddev": 0.26897852896662716,
      "median": 112.17580539509999,
      "user": 847.7653476400001,
      "system": 22.474083260000004,
      "min": 111.8936734446,
      "max": 112.69123248759999,
      "times": [
        112.5236634846,
        112.1702817546,
        112.01572918759999,
        112.1110999666,
        112.56209241459999,
        111.9871806126,
        111.8936734446,
        112.18132903559999,
        112.69123248759999,
        112.3065908526
      ],
      "exit_codes": [
        0,
        0,
        0,
        0,
        0,
        0,
        0,
        0,
        0,
        0
      ]
    }
  ]
}
