{
  "results": [
    {
      "command": "cargo build --jobs 16 --release --example breakout",
      "mean": 72.21644886336,
      "stddev": 0.2390794370822685,
      "median": 72.26419274986,
      "user": 1066.8960819399997,
      "system": 27.853461439999997,
      "min": 71.84273155636001,
      "max": 72.56123676436,
      "times": [
        72.27911058936,
        71.97376357436,
        72.18970172936001,
        72.56123676436,
        72.50310015236,
        71.92546226636,
        72.36099650136,
        72.26940255536,
        72.25898294436,
        71.84273155636001
      ],
      "exit_codes": [
        0,
        0,
        0,
        0,
        0,
        0,
        0,
        0,
        0,
        0
      ]
    }
  ]
}
