{
  "results": [
    {
      "command": "cargo build --jobs 16 --release --example breakout",
      "mean": 72.508389072,
      "stddev": 0.20699991253924815,
      "median": 72.4883851173,
      "user": 1072.59731158,
      "system": 27.921631339999998,
      "min": 72.1617826133,
      "max": 72.9363086753,
      "times": [
        72.3575117453,
        72.48408177830001,
        72.4926884563,
        72.9363086753,
        72.5283484703,
        72.7193749063,
        72.4035509573,
        72.4630608333,
        72.5371822843,
        72.1617826133
      ],
      "exit_codes": [
        0,
        0,
        0,
        0,
        0,
        0,
        0,
        0,
        0,
        0
      ]
    }
  ]
}
