{
  "results": [
    {
      "command": "cargo build --jobs 8 --release --example breakout",
      "mean": 112.86075655828002,
      "stddev": 0.31482984331495534,
      "median": 112.70695407448,
      "user": 851.8743992599999,
      "system": 22.524192060000004,
      "min": 112.55307843998,
      "max": 113.48108336398,
      "times": [
        112.62054083598,
        112.70953749998,
        112.67148196598,
        112.55307843998,
        113.48108336398,
        113.20811439898,
        112.70437064898,
        112.94825028198,
        112.58781322098,
        113.12329492598
      ],
      "exit_codes": [
        0,
        0,
        0,
        0,
        0,
        0,
        0,
        0,
        0,
        0
      ]
    }
  ]
}
