{
  "results": [
    {
      "command": "cargo build --jobs 8 --release --example breakout",
      "mean": 105.02040838306,
      "stddev": 0.4413438534248998,
      "median": 105.15247985426,
      "user": 790.8257793999999,
      "system": 21.657491099999994,
      "min": 104.25032349876,
      "max": 105.48343428176,
      "times": [
        105.48343428176,
        105.41729886275999,
        104.83592465176,
        104.95431554276,
        104.25032349876,
        105.17796129176,
        105.12699841675999,
        105.30352342175999,
        104.29862723676,
        105.35567662576
      ],
      "exit_codes": [
        0,
        0,
        0,
        0,
        0,
        0,
        0,
        0,
        0,
        0
      ]
    }
  ]
}
