{
  "results": [
    {
      "command": "cargo build --jobs 16 --release --example breakout",
      "mean": 69.94892672912002,
      "stddev": 0.6170756710430416,
      "median": 70.04965521212,
      "user": 988.5611546399999,
      "system": 27.212541700000003,
      "min": 68.84940572362,
      "max": 71.08603357062,
      "times": [
        70.16675465962,
        68.84940572362,
        71.08603357062,
        69.62038094262,
        70.30856465261999,
        69.93255576462,
        70.30584235762,
        70.23415495662,
        69.40556906962,
        69.58000559362
      ],
      "exit_codes": [
        0,
        0,
        0,
        0,
        0,
        0,
        0,
        0,
        0,
        0
      ]
    }
  ]
}
