{
  "results": [
    {
      "command": "cargo build --jobs 16 --release --example breakout",
      "mean": 72.38954126198,
      "stddev": 0.38435813745980957,
      "median": 72.24550782387999,
      "user": 1067.32115224,
      "system": 28.00824442,
      "min": 71.95527859738,
      "max": 72.98084831438,
      "times": [
        72.10081658338,
        72.27789136338,
        72.84932808238,
        72.12824186838,
        71.95527859738,
        72.47060968337999,
        72.98084831438,
        72.88877660338,
        72.03049723938,
        72.21312428438
      ],
      "exit_codes": [
        0,
        0,
        0,
        0,
        0,
        0,
        0,
        0,
        0,
        0
      ]
    }
  ]
}
