{
  "results": [
    {
      "command": "cargo build --jobs 8 --release --example breakout",
      "mean": 112.43646327991999,
      "stddev": 0.317416617730795,
      "median": 112.36505087801999,
      "user": 848.2191112400002,
      "system": 22.56573456,
      "min": 112.08029928952,
      "max": 113.08789516851999,
      "times": [
        112.20909961352,
        112.33003449851999,
        112.33664862052,
        112.39345313551999,
        113.08789516851999,
        112.10113473352,
        112.08029928952,
        112.83244839752,
        112.54261636852,
        112.45100297351999
      ],
      "exit_codes": [
        0,
        0,
        0,
        0,
        0,
        0,
        0,
        0,
        0,
        0
      ]
    }
  ]
}
