{
  "results": [
    {
      "command": "cargo build --jobs 8 --release --example breakout",
      "mean": 112.18170883927999,
      "stddev": 0.14412274612494125,
      "median": 112.13599896518,
      "user": 848.0911627399998,
      "system": 22.5246153,
      "min": 111.99996054468,
      "max": 112.46957161268,
      "times": [
        112.14070823268,
        112.07356246767999,
        112.13128969768,
        111.99996054468,
        112.05402829767999,
        112.46957161268,
        112.11296306268,
        112.21630168268,
        112.32191891268,
        112.29678388168
      ],
      "exit_codes": [
        0,
        0,
        0,
        0,
        0,
        0,
        0,
        0,
        0,
        0
      ]
    }
  ]
}
