{
  "results": [
    {
      "command": "cargo build --jobs 16 --release --example breakout",
      "mean": 72.45769557866001,
      "stddev": 0.33252601127750087,
      "median": 72.42577085676001,
      "user": 1066.52003122,
      "system": 28.05528652,
      "min": 72.06455343326,
      "max": 73.10174481926,
      "times": [
        72.56631121426001,
        72.43447143526001,
        72.26099991226,
        72.18845447826,
        72.06455343326,
        72.91710388426,
        73.10174481926,
        72.41707027826,
        72.15856521726,
        72.46768111426
      ],
      "exit_codes": [
        0,
        0,
        0,
        0,
        0,
        0,
        0,
        0,
        0,
        0
      ]
    }
  ]
}
