{
  "results": [
    {
      "command": "cargo build --jobs 8 --release --example breakout",
      "mean": 111.8659022701,
      "stddev": 0.12961116139143453,
      "median": 111.8648908242,
      "user": 846.0489457799998,
      "system": 22.1230849,
      "min": 111.6520099892,
      "max": 112.0861442302,
      "times": [
        111.9234456002,
        112.0861442302,
        112.0001777822,
        111.7074878972,
        111.6520099892,
        111.93050091719999,
        111.7914275872,
        111.8640646612,
        111.8380470492,
        111.8657169872
      ],
      "exit_codes": [
        0,
        0,
        0,
        0,
        0,
        0,
        0,
        0,
        0,
        0
      ]
    }
  ]
}
