{
  "results": [
    {
      "command": "cargo build --release --example breakout",
      "mean": 73.35713631024,
      "stddev": 0.17873432175451825,
      "median": 73.34479685604,
      "user": 1403.6948874199995,
      "system": 39.673605880000004,
      "min": 73.04236223254,
      "max": 73.66073396554,
      "times": [
        73.28806215354,
        73.34483751454,
        73.23153266454,
        73.24023282054,
        73.54213274954,
        73.34475619754001,
        73.35372837454,
        73.52298442954,
        73.04236223254,
        73.66073396554
      ],
      "exit_codes": [
        0,
        0,
        0,
        0,
        0,
        0,
        0,
        0,
        0,
        0
      ]
    }
  ]
}
