{
  "results": [
    {
      "command": "cargo build --jobs 16 --release --example breakout",
      "mean": 73.42474629934,
      "stddev": 0.5373160649477695,
      "median": 73.22710100894,
      "user": 1057.8412117999999,
      "system": 27.77697362,
      "min": 72.80923682144,
      "max": 74.24337906244,
      "times": [
        73.22799155144,
        73.07061905644,
        73.03851443444,
        74.13038013044,
        74.09680934344,
        73.22621046644,
        74.24337906244,
        72.80923682144,
        73.47417134444,
        72.93015078244
      ],
      "exit_codes": [
        0,
        0,
        0,
        0,
        0,
        0,
        0,
        0,
        0,
        0
      ]
    }
  ]
}
