{
  "results": [
    {
      "command": "cargo build --jobs 8 --release --example breakout",
      "mean": 109.55956202912,
      "stddev": 0.08886519342355988,
      "median": 109.57961189762,
      "user": 825.46138744,
      "system": 21.905661400000003,
      "min": 109.39607258462,
      "max": 109.68292600662001,
      "times": [
        109.62817361562,
        109.62406298062,
        109.56444511462,
        109.51565696762,
        109.59477868062001,
        109.43967451462001,
        109.39607258462,
        109.54158578362001,
        109.60824404262,
        109.68292600662001
      ],
      "exit_codes": [
        0,
        0,
        0,
        0,
        0,
        0,
        0,
        0,
        0,
        0
      ]
    }
  ]
}
