{
  "results": [
    {
      "command": "cargo build --release --example breakout",
      "mean": 73.55135579835999,
      "stddev": 0.14046906525937347,
      "median": 73.49324357196,
      "user": 1388.81561252,
      "system": 39.339177719999995,
      "min": 73.38140305496,
      "max": 73.77454004596001,
      "times": [
        73.46020050196,
        73.65283238596,
        73.76914829096,
        73.77454004596001,
        73.47130293596,
        73.44835945296,
        73.38140305496,
        73.44094083596,
        73.59964627096001,
        73.51518420796
      ],
      "exit_codes": [
        0,
        0,
        0,
        0,
        0,
        0,
        0,
        0,
        0,
        0
      ]
    }
  ]
}
