{
  "results": [
    {
      "command": "cargo build --jobs 16 --release --example breakout",
      "mean": 72.817874217,
      "stddev": 0.3944596364239739,
      "median": 72.8206197799,
      "user": 1030.39718708,
      "system": 27.46718924,
      "min": 72.1184036324,
      "max": 73.3324702594,
      "times": [
        72.1184036324,
        73.1660434384,
        72.8380745724,
        72.7550356574,
        72.26437480039999,
        72.7201511414,
        72.8031649874,
        73.3324702594,
        72.9232566474,
        73.2577670334
      ],
      "exit_codes": [
        0,
        0,
        0,
        0,
        0,
        0,
        0,
        0,
        0,
        0
      ]
    }
  ]
}
