{
  "results": [
    {
      "command": "cargo build --jobs 16 --release --example breakout",
      "mean": 72.52292915363999,
      "stddev": 0.3770897134173315,
      "median": 72.58785086074,
      "user": 1044.27743014,
      "system": 27.455165060000002,
      "min": 71.79741259774,
      "max": 72.97615529674,
      "times": [
        72.55398393874,
        72.66573663374,
        72.07296258974,
        72.62171778274,
        72.88155540174,
        71.79741259774,
        72.97615529674,
        72.32199846774,
        72.89560271674,
        72.44216611074
      ],
      "exit_codes": [
        0,
        0,
        0,
        0,
        0,
        0,
        0,
        0,
        0,
        0
      ]
    }
  ]
}
