{
  "results": [
    {
      "command": "cargo build --jobs 8 --release --example breakout",
      "mean": 110.56281851194001,
      "stddev": 0.12228121858848288,
      "median": 110.58062909384,
      "user": 833.88853262,
      "system": 22.03352778,
      "min": 110.33672567534,
      "max": 110.74661255734,
      "times": [
        110.54950505634001,
        110.57903883134,
        110.47982040134,
        110.74661255734,
        110.67621372334,
        110.42082415934,
        110.58221935634,
        110.64069582534,
        110.61652953334,
        110.33672567534
      ],
      "exit_codes": [
        0,
        0,
        0,
        0,
        0,
        0,
        0,
        0,
        0,
        0
      ]
    }
  ]
}
