{
  "results": [
    {
      "command": "cargo build --release --example breakout",
      "mean": 72.65136099611999,
      "stddev": 0.19363276424927858,
      "median": 72.67303103172,
      "user": 1378.4027302400002,
      "system": 39.27187052000001,
      "min": 72.22519614222,
      "max": 72.85830674222,
      "times": [
        72.67712322122,
        72.77055628922,
        72.80822260922,
        72.66893884222,
        72.62279939122,
        72.66616111822,
        72.79314650622,
        72.42315909922,
        72.22519614222,
        72.85830674222
      ],
      "exit_codes": [
        0,
        0,
        0,
        0,
        0,
        0,
        0,
        0,
        0,
        0
      ]
    }
  ]
}
