{
  "results": [
    {
      "command": "cargo build --jobs 16 --release --example breakout",
      "mean": 72.75311759633999,
      "stddev": 0.6116835078222891,
      "median": 72.57480761704,
      "user": 1032.5341587399998,
      "system": 27.628803679999997,
      "min": 72.19192099103999,
      "max": 74.13508647904,
      "times": [
        72.19192099103999,
        72.26356590404,
        72.37119000204,
        72.88610765604,
        73.46113404204,
        72.33617405504,
        72.56037322403999,
        74.13508647904,
        72.73638160003999,
        72.58924201004
      ],
      "exit_codes": [
        0,
        0,
        0,
        0,
        0,
        0,
        0,
        0,
        0,
        0
      ]
    }
  ]
}
