{
  "results": [
    {
      "command": "cargo build --jobs 8 --release --example breakout",
      "mean": 109.5113735345,
      "stddev": 0.1670879575192332,
      "median": 109.4784865298,
      "user": 826.92648658,
      "system": 22.002054679999997,
      "min": 109.3585023613,
      "max": 109.8484177573,
      "times": [
        109.5174786523,
        109.3825366363,
        109.3683774303,
        109.8484177573,
        109.5094105623,
        109.7355544613,
        109.3731300333,
        109.3585023613,
        109.57276495330001,
        109.4475624973
      ],
      "exit_codes": [
        0,
        0,
        0,
        0,
        0,
        0,
        0,
        0,
        0,
        0
      ]
    }
  ]
}
