{
  "results": [
    {
      "command": "cargo build --release --example breakout",
      "mean": 73.87821041966001,
      "stddev": 0.15582509319493104,
      "median": 73.90147305826,
      "user": 1415.9412662999998,
      "system": 39.65463756,
      "min": 73.67067723326,
      "max": 74.07230180325999,
      "times": [
        74.06959905826,
        73.70226245026,
        73.96683011025999,
        73.67067723326,
        73.80904749625999,
        73.94194524625999,
        74.00374800425999,
        73.68469192426,
        73.86100087026,
        74.07230180325999
      ],
      "exit_codes": [
        0,
        0,
        0,
        0,
        0,
        0,
        0,
        0,
        0,
        0
      ]
    }
  ]
}
