{
  "results": [
    {
      "command": "cargo build --jobs 8 --release --example breakout",
      "mean": 112.3559338419,
      "stddev": 0.060012852095770466,
      "median": 112.3629512834,
      "user": 848.62627066,
      "system": 22.19269876,
      "min": 112.2738060574,
      "max": 112.4474891564,
      "times": [
        112.4474891564,
        112.3754040274,
        112.28384939739999,
        112.2738060574,
        112.2893916984,
        112.38265605139999,
        112.41004524739999,
        112.3504985394,
        112.4119736904,
        112.33422455339999
      ],
      "exit_codes": [
        0,
        0,
        0,
        0,
        0,
        0,
        0,
        0,
        0,
        0
      ]
    }
  ]
}
