{
  "results": [
    {
      "command": "cargo build --jobs 16 --release --example breakout",
      "mean": 74.42928696570002,
      "stddev": 0.9163399267124909,
      "median": 74.4827987116,
      "user": 1062.12021594,
      "system": 27.867221640000004,
      "min": 72.9551474841,
      "max": 76.1092466991,
      "times": [
        74.1299123741,
        74.1795458661,
        74.7860515571,
        74.7954404291,
        73.9167172291,
        74.8802149071,
        72.9551474841,
        73.3670266361,
        76.1092466991,
        75.1735664751
      ],
      "exit_codes": [
        0,
        0,
        0,
        0,
        0,
        0,
        0,
        0,
        0,
        0
      ]
    }
  ]
}
