{
  "results": [
    {
      "command": "cargo build --jobs 16 --release --example breakout",
      "mean": 72.32597905664002,
      "stddev": 0.32788288597972653,
      "median": 72.24137798474001,
      "user": 1066.0499727399997,
      "system": 27.85477652,
      "min": 72.01224615974,
      "max": 73.07654070674,
      "times": [
        72.12538083374001,
        72.28141581474,
        72.12821646374,
        72.09879116874001,
        72.29873478974001,
        72.72152773074001,
        72.20134015474001,
        72.01224615974,
        72.31559674374,
        73.07654070674
      ],
      "exit_codes": [
        0,
        0,
        0,
        0,
        0,
        0,
        0,
        0,
        0,
        0
      ]
    }
  ]
}
