{
  "results": [
    {
      "command": "cargo build --jobs 8 --release --example breakout",
      "mean": 112.25840784637998,
      "stddev": 0.2558364636423918,
      "median": 112.16394993578,
      "user": 847.8050358200001,
      "system": 22.585799159999997,
      "min": 111.93974517977999,
      "max": 112.77383652278,
      "times": [
        112.15783701578,
        112.16756866778,
        112.16023602278,
        112.24372787578,
        112.77383652278,
        111.93974517977999,
        112.16033120377999,
        112.00025726378,
        112.42006136978,
        112.56047734178
      ],
      "exit_codes": [
        0,
        0,
        0,
        0,
        0,
        0,
        0,
        0,
        0,
        0
      ]
    }
  ]
}
