{
  "results": [
    {
      "command": "cargo build --jobs 8 --release --example breakout",
      "mean": 111.86418571793999,
      "stddev": 0.18615500421389217,
      "median": 111.80945759864,
      "user": 845.7473126599998,
      "system": 22.121736559999995,
      "min": 111.65668132964,
      "max": 112.17405105364,
      "times": [
        112.05290822964,
        112.11556245564,
        111.65668132964,
        111.69122172264,
        111.86120165064,
        112.17405105364,
        111.73094908664,
        111.85947324464,
        111.74036645364,
        111.75944195264
      ],
      "exit_codes": [
        0,
        0,
        0,
        0,
        0,
        0,
        0,
        0,
        0,
        0
      ]
    }
  ]
}
