{
  "results": [
    {
      "command": "cargo build --release --example breakout",
      "mean": 73.63703257916002,
      "stddev": 0.18897401638263034,
      "median": 73.62088050496,
      "user": 1404.4097683399996,
      "system": 39.54820264,
      "min": 73.40454378396001,
      "max": 73.97461093496,
      "times": [
        73.56984551596,
        73.97461093496,
        73.40454378396001,
        73.80517043196001,
        73.46721001496,
        73.72011136496,
        73.67191549396,
        73.80388951196001,
        73.52274180496,
        73.43028693396
      ],
      "exit_codes": [
        0,
        0,
        0,
        0,
        0,
        0,
        0,
        0,
        0,
        0
      ]
    }
  ]
}
