{
  "results": [
    {
      "command": "cargo build --jobs 16 --release --example breakout",
      "mean": 73.60564213102,
      "stddev": 0.6357332457358467,
      "median": 73.37139120592,
      "user": 1058.99113116,
      "system": 27.7687939,
      "min": 72.71439699192001,
      "max": 74.80094815192001,
      "times": [
        74.21029853292,
        73.37892645992001,
        74.00202360392001,
        72.71439699192001,
        74.05776986092,
        73.36385595192,
        74.80094815192001,
        73.06076318792,
        73.27720786492,
        73.19023070392001
      ],
      "exit_codes": [
        0,
        0,
        0,
        0,
        0,
        0,
        0,
        0,
        0,
        0
      ]
    }
  ]
}
