{
  "results": [
    {
      "command": "cargo build --jobs 16 --release --example breakout",
      "mean": 69.39722312670001,
      "stddev": 0.754896120385582,
      "median": 69.38067874430001,
      "user": 985.5420442600001,
      "system": 27.043353680000003,
      "min": 67.9246639338,
      "max": 70.3671656508,
      "times": [
        69.3400520048,
        70.3671656508,
        68.5317131038,
        69.5788323348,
        69.1505563658,
        69.4035999018,
        70.2342862888,
        69.3577575868,
        67.9246639338,
        70.0836040958
      ],
      "exit_codes": [
        0,
        0,
        0,
        0,
        0,
        0,
        0,
        0,
        0,
        0
      ]
    }
  ]
}
