{
  "results": [
    {
      "command": "cargo build --jobs 8 --release --example breakout",
      "mean": 104.57687622334,
      "stddev": 0.4335919921112184,
      "median": 104.39239901674,
      "user": 788.54530844,
      "system": 21.47009644,
      "min": 104.10680612774,
      "max": 105.24578807874,
      "times": [
        104.50962913174,
        104.16958058874,
        104.10680612774,
        104.22224374974,
        104.27516890174,
        105.10887061674,
        104.97469935274,
        104.89033542374,
        104.26564026174,
        105.24578807874
      ],
      "exit_codes": [
        0,
        0,
        0,
        0,
        0,
        0,
        0,
        0,
        0,
        0
      ]
    }
  ]
}
