{
  "results": [
    {
      "command": "cargo build --jobs 8 --release --example breakout",
      "mean": 104.59884499554,
      "stddev": 0.3278705090269523,
      "median": 104.49709129674001,
      "user": 789.74673078,
      "system": 21.59328352,
      "min": 104.22247170374001,
      "max": 105.18353563674,
      "times": [
        104.46641736774001,
        104.72188339374,
        105.18353563674,
        104.26447678274,
        105.10983075374001,
        104.66531954374001,
        104.22247170374001,
        104.40569495974,
        104.42105458774,
        104.52776522574001
      ],
      "exit_codes": [
        0,
        0,
        0,
        0,
        0,
        0,
        0,
        0,
        0,
        0
      ]
    }
  ]
}
