{
  "results": [
    {
      "command": "cargo build --jobs 16 --release --example breakout",
      "mean": 70.02149378200002,
      "stddev": 0.5543893593152742,
      "median": 69.94434645710001,
      "user": 985.7100100199999,
      "system": 27.21109094,
      "min": 69.4086211516,
      "max": 71.1431419946,
      "times": [
        69.8628520256,
        70.64439694160001,
        69.89632401060001,
        70.1180638046,
        69.4086211516,
        69.99236890360001,
        69.4476810796,
        69.4596995806,
        71.1431419946,
        70.2417883276
      ],
      "exit_codes": [
        0,
        0,
        0,
        0,
        0,
        0,
        0,
        0,
        0,
        0
      ]
    }
  ]
}
