{
  "results": [
    {
      "command": "cargo build --jobs 16 --release --example breakout",
      "mean": 72.2322486125,
      "stddev": 0.26487298916486246,
      "median": 72.2023992382,
      "user": 1064.6905838000002,
      "system": 27.83883412,
      "min": 71.8437396687,
      "max": 72.72275152670001,
      "times": [
        72.3791228077,
        72.3322593017,
        71.8437396687,
        72.26566372170001,
        72.72275152670001,
        72.1157839767,
        71.9541153487,
        72.13913475470001,
        72.5108418697,
        72.05907314870001
      ],
      "exit_codes": [
        0,
        0,
        0,
        0,
        0,
        0,
        0,
        0,
        0,
        0
      ]
    }
  ]
}
