{
  "results": [
    {
      "command": "cargo build --jobs 8 --release --example breakout",
      "mean": 111.59364808733999,
      "stddev": 0.11779315687138632,
      "median": 111.61165226404,
      "user": 846.49083238,
      "system": 22.51557036,
      "min": 111.46705371354,
      "max": 111.81473594154001,
      "times": [
        111.66389203054,
        111.47162011154,
        111.81473594154001,
        111.46705371354,
        111.63593679254001,
        111.48546362554,
        111.47101662654,
        111.67181698754,
        111.66757730854,
        111.58736773554
      ],
      "exit_codes": [
        0,
        0,
        0,
        0,
        0,
        0,
        0,
        0,
        0,
        0
      ]
    }
  ]
}
