{
  "results": [
    {
      "command": "cargo build --release --example breakout",
      "mean": 70.93457167574,
      "stddev": 0.1623503393637995,
      "median": 70.85397170874,
      "user": 1321.8535354,
      "system": 38.63404084,
      "min": 70.78502148924,
      "max": 71.19538343824,
      "times": [
        70.84066216224,
        70.84129119923999,
        71.16335789623999,
        70.88225674924,
        70.85083864324,
        71.19538343824,
        70.78502148924,
        70.85710477424,
        71.13720581723999,
        70.79259458824
      ],
      "exit_codes": [
        0,
        0,
        0,
        0,
        0,
        0,
        0,
        0,
        0,
        0
      ]
    }
  ]
}
