{
  "results": [
    {
      "command": "cargo build --jobs 16 --release --example breakout",
      "mean": 71.45153041320002,
      "stddev": 0.6422428733625044,
      "median": 71.3861240562,
      "user": 1013.3993326799998,
      "system": 27.461882459999998,
      "min": 70.15070251370001,
      "max": 72.48473096170001,
      "times": [
        71.9329697687,
        71.33907559170001,
        70.98216689270001,
        71.6073861887,
        72.0676556397,
        71.32693509970001,
        70.15070251370001,
        71.43317252070001,
        71.19050895470001,
        72.48473096170001
      ],
      "exit_codes": [
        0,
        0,
        0,
        0,
        0,
        0,
        0,
        0,
        0,
        0
      ]
    }
  ]
}
