{
  "results": [
    {
      "command": "cargo build --jobs 8 --release --example breakout",
      "mean": 107.6199945534,
      "stddev": 0.5797224021067628,
      "median": 107.3490002567,
      "user": 811.5181848999999,
      "system": 21.836027520000002,
      "min": 106.9397216302,
      "max": 108.3761918172,
      "times": [
        107.0924095022,
        107.3293896212,
        107.24518901319999,
        107.98995461919999,
        108.3507688552,
        108.3761918172,
        108.3525568092,
        106.9397216302,
        107.15515277419999,
        107.3686108922
      ],
      "exit_codes": [
        0,
        0,
        0,
        0,
        0,
        0,
        0,
        0,
        0,
        0
      ]
    }
  ]
}
