{
  "results": [
    {
      "command": "cargo build --jobs 16 --release --example breakout",
      "mean": 73.61074786184001,
      "stddev": 0.7165820610872263,
      "median": 73.56663246384,
      "user": 1059.3525633,
      "system": 27.716432419999997,
      "min": 72.51777412234,
      "max": 74.70814172834,
      "times": [
        73.67865428834,
        74.70814172834,
        73.06586651534,
        72.91938415834,
        72.51777412234,
        74.10908153634,
        73.31874714134,
        73.48972992334001,
        74.65656420034,
        73.64353500434
      ],
      "exit_codes": [
        0,
        0,
        0,
        0,
        0,
        0,
        0,
        0,
        0,
        0
      ]
    }
  ]
}
