{
  "results": [
    {
      "command": "cargo build --jobs 8 --release --example breakout",
      "mean": 111.85544464868,
      "stddev": 0.221230288977644,
      "median": 111.79302020237999,
      "user": 845.4380628000001,
      "system": 22.12924516,
      "min": 111.62191979238,
      "max": 112.34284754138,
      "times": [
        111.62191979238,
        111.79984351137999,
        111.75297399338,
        111.75598512138,
        112.34284754138,
        111.79371289138,
        111.99130303737999,
        111.62970003438,
        112.07383305037999,
        111.79232751337999
      ],
      "exit_codes": [
        0,
        0,
        0,
        0,
        0,
        0,
        0,
        0,
        0,
        0
      ]
    }
  ]
}
