{
  "results": [
    {
      "command": "cargo build --release --example breakout",
      "mean": 73.53636094976,
      "stddev": 0.14076640407128566,
      "median": 73.50889814906,
      "user": 1404.12832562,
      "system": 39.53294236,
      "min": 73.37808951606,
      "max": 73.82528477206,
      "times": [
        73.46118880606001,
        73.37808951606,
        73.66165495606,
        73.64178639406,
        73.55046341106,
        73.40954140206,
        73.82528477206,
        73.41050110006,
        73.55776625306,
        73.46733288706
      ],
      "exit_codes": [
        0,
        0,
        0,
        0,
        0,
        0,
        0,
        0,
        0,
        0
      ]
    }
  ]
}
