{
  "results": [
    {
      "command": "cargo build --jobs 8 --release --example breakout",
      "mean": 112.41946527542,
      "stddev": 0.12199355222258686,
      "median": 112.40207504742,
      "user": 847.9480318599999,
      "system": 22.672404359999994,
      "min": 112.24685830192,
      "max": 112.61849358692,
      "times": [
        112.47751227692,
        112.61849358692,
        112.35303785191999,
        112.32353919792,
        112.60582051192,
        112.32159618292,
        112.44364474892,
        112.24685830192,
        112.43414072392,
        112.37000937092
      ],
      "exit_codes": [
        0,
        0,
        0,
        0,
        0,
        0,
        0,
        0,
        0,
        0
      ]
    }
  ]
}
