{
  "results": [
    {
      "command": "cargo build --jobs 16 --release --example breakout",
      "mean": 72.5928131712,
      "stddev": 0.29719430345991554,
      "median": 72.5998790607,
      "user": 1067.38086626,
      "system": 27.98349564,
      "min": 72.1668901482,
      "max": 73.10166277420001,
      "times": [
        73.10166277420001,
        72.1668901482,
        72.9087644702,
        72.5584680732,
        72.6392618972,
        72.7198057862,
        72.1950535222,
        72.35149543120001,
        72.7262333852,
        72.56049622420001
      ],
      "exit_codes": [
        0,
        0,
        0,
        0,
        0,
        0,
        0,
        0,
        0,
        0
      ]
    }
  ]
}
