{
  "results": [
    {
      "command": "cargo build --jobs 16 --release --example breakout",
      "mean": 72.68981101214001,
      "stddev": 0.508569505687048,
      "median": 72.45225091454,
      "user": 1070.91909006,
      "system": 27.95157438,
      "min": 72.18081352604,
      "max": 73.55188055704,
      "times": [
        73.34275795404,
        73.55188055704,
        72.41887787104,
        73.27213021304,
        72.18081352604,
        72.32889834204,
        72.36204741704,
        72.23545866504,
        72.71962161804,
        72.48562395804
      ],
      "exit_codes": [
        0,
        0,
        0,
        0,
        0,
        0,
        0,
        0,
        0,
        0
      ]
    }
  ]
}
