{
  "results": [
    {
      "command": "cargo build --jobs 8 --release --example breakout",
      "mean": 112.90104228284,
      "stddev": 0.25951695811343384,
      "median": 112.85392438464001,
      "user": 852.1292896799999,
      "system": 22.6015571,
      "min": 112.52946387814,
      "max": 113.46422420614,
      "times": [
        112.64153463914,
        112.85868896914,
        112.52946387814,
        112.75739920814,
        112.83952195414,
        112.84915980014,
        113.00730287714,
        113.46422420614,
        112.96342331214,
        113.09970398414
      ],
      "exit_codes": [
        0,
        0,
        0,
        0,
        0,
        0,
        0,
        0,
        0,
        0
      ]
    }
  ]
}
