{
  "results": [
    {
      "command": "cargo build --jobs 8 --release --example breakout",
      "mean": 113.22016265457998,
      "stddev": 0.3789984559305021,
      "median": 113.26808743908,
      "user": 851.4180218600001,
      "system": 22.59242066,
      "min": 112.47765266808,
      "max": 113.62104759207999,
      "times": [
        112.47765266808,
        113.44679112508,
        113.08938375308,
        113.54978783307999,
        113.62104759207999,
        112.91642069907999,
        113.00315688408,
        113.00263557208,
        113.50990864907999,
        113.58484177007999
      ],
      "exit_codes": [
        0,
        0,
        0,
        0,
        0,
        0,
        0,
        0,
        0,
        0
      ]
    }
  ]
}
