{
  "results": [
    {
      "command": "cargo build --release --example breakout",
      "mean": 72.81418147208,
      "stddev": 0.13119537050975194,
      "median": 72.79290586177999,
      "user": 1409.5894071,
      "system": 40.15825733999999,
      "min": 72.66582603428,
      "max": 73.02747000027999,
      "times": [
        72.67945822528,
        72.66582603428,
        72.89994885728,
        72.83264114827999,
        72.68516467127999,
        72.75317057528,
        72.92455005728,
        72.95509330428,
        73.02747000027999,
        72.71849184727999
      ],
      "exit_codes": [
        0,
        0,
        0,
        0,
        0,
        0,
        0,
        0,
        0,
        0
      ]
    }
  ]
}
