{
  "results": [
    {
      "command": "cargo build --jobs 16 --release --example breakout",
      "mean": 72.77209214013999,
      "stddev": 0.3467915042658633,
      "median": 72.70056825494001,
      "user": 1072.29787206,
      "system": 28.122756179999993,
      "min": 72.35549365394,
      "max": 73.45128915094,
      "times": [
        73.05299568594,
        73.45128915094,
        72.73677644194,
        72.54072294294,
        72.44838533894,
        73.16768627294,
        72.69712542194,
        72.70401108794,
        72.35549365394,
        72.56643540394
      ],
      "exit_codes": [
        0,
        0,
        0,
        0,
        0,
        0,
        0,
        0,
        0,
        0
      ]
    }
  ]
}
