{
  "results": [
    {
      "command": "cargo build --release --example breakout",
      "mean": 73.11581714569999,
      "stddev": 0.20439941892839986,
      "median": 73.134247477,
      "user": 1373.93219636,
      "system": 39.239412720000004,
      "min": 72.7967221335,
      "max": 73.4397472645,
      "times": [
        73.1337062465,
        72.7967221335,
        73.1347887075,
        73.38584274349999,
        73.4397472645,
        72.9730182165,
        73.20649054249999,
        72.86521474749999,
        73.1572049995,
        73.0654358555
      ],
      "exit_codes": [
        0,
        0,
        0,
        0,
        0,
        0,
        0,
        0,
        0,
        0
      ]
    }
  ]
}
