{
  "results": [
    {
      "command": "cargo build --jobs 8 --release --example breakout",
      "mean": 110.03187614938001,
      "stddev": 0.11650713154266719,
      "median": 110.05791381908,
      "user": 828.3654615400001,
      "system": 21.96912044,
      "min": 109.84106440258,
      "max": 110.18031971258,
      "times": [
        110.11643311958001,
        109.93229852458,
        110.09004680258,
        110.14331562158,
        109.98043722058,
        109.84106440258,
        109.88904675558001,
        110.02578083558001,
        110.12001849858001,
        110.18031971258
      ],
      "exit_codes": [
        0,
        0,
        0,
        0,
        0,
        0,
        0,
        0,
        0,
        0
      ]
    }
  ]
}
