{
  "results": [
    {
      "command": "cargo build --jobs 16 --release --example breakout",
      "mean": 73.05998242975998,
      "stddev": 0.7200877320344944,
      "median": 72.96959695926,
      "user": 1036.28810612,
      "system": 27.555910200000007,
      "min": 72.06571524476,
      "max": 74.11010752976,
      "times": [
        74.08066375976,
        72.43928471476,
        73.64645120276,
        72.82938933176,
        73.10980458676,
        72.06571524476,
        74.11010752976,
        72.59770645476,
        72.38320016476,
        73.33750130776001
      ],
      "exit_codes": [
        0,
        0,
        0,
        0,
        0,
        0,
        0,
        0,
        0,
        0
      ]
    }
  ]
}
