{
  "results": [
    {
      "command": "cargo build --jobs 8 --release --example breakout",
      "mean": 112.6680563421,
      "stddev": 0.11047863916684253,
      "median": 112.69408680789999,
      "user": 842.5819265599999,
      "system": 22.441418940000002,
      "min": 112.47958842189999,
      "max": 112.84192159989999,
      "times": [
        112.7215103069,
        112.84192159989999,
        112.74358630489999,
        112.7226971259,
        112.6677565449,
        112.49990324289999,
        112.70280790289999,
        112.6853657129,
        112.47958842189999,
        112.6154262579
      ],
      "exit_codes": [
        0,
        0,
        0,
        0,
        0,
        0,
        0,
        0,
        0,
        0
      ]
    }
  ]
}
