{
  "results": [
    {
      "command": "cargo build --release --example breakout",
      "mean": 73.11794815104,
      "stddev": 0.12687305721384068,
      "median": 73.13554473644,
      "user": 1398.4626372999999,
      "system": 39.67336493999999,
      "min": 72.86542341494,
      "max": 73.29266637594,
      "times": [
        73.15300447794,
        72.98147339293999,
        73.20906495294,
        73.07942600994,
        73.29266637594,
        73.06070546394,
        72.86542341494,
        73.19008052193999,
        73.22955190494,
        73.11808499493999
      ],
      "exit_codes": [
        0,
        0,
        0,
        0,
        0,
        0,
        0,
        0,
        0,
        0
      ]
    }
  ]
}
