{
  "results": [
    {
      "command": "cargo build --jobs 16 --release --example breakout",
      "mean": 72.91930949982,
      "stddev": 0.410155087586215,
      "median": 72.86904217441999,
      "user": 1058.17820014,
      "system": 28.054352359999996,
      "min": 72.31950357292,
      "max": 73.72914187091999,
      "times": [
        72.70646854291999,
        72.86772267091999,
        72.87036167791999,
        72.44234737292,
        72.84590696491999,
        72.93305494792,
        73.16773504592,
        73.31085233092,
        72.31950357292,
        73.72914187091999
      ],
      "exit_codes": [
        0,
        0,
        0,
        0,
        0,
        0,
        0,
        0,
        0,
        0
      ]
    }
  ]
}
