{
  "results": [
    {
      "command": "cargo build --jobs 8 --release --example breakout",
      "mean": 113.4173034663,
      "stddev": 0.26734425471344037,
      "median": 113.47879739819999,
      "user": 852.4696493199999,
      "system": 22.619477660000005,
      "min": 112.9019549462,
      "max": 113.7663809172,
      "times": [
        112.9019549462,
        113.30444859219999,
        113.7663809172,
        113.4724902142,
        113.6566089222,
        113.6038363742,
        113.6090941082,
        113.17926468319999,
        113.1938513232,
        113.4851045822
      ],
      "exit_codes": [
        0,
        0,
        0,
        0,
        0,
        0,
        0,
        0,
        0,
        0
      ]
    }
  ]
}
