{
  "results": [
    {
      "command": "cargo build --jobs 16 --release --example breakout",
      "mean": 72.94424303658,
      "stddev": 0.45247701801042634,
      "median": 72.88678387048,
      "user": 1070.89190326,
      "system": 28.244061999999996,
      "min": 72.40628443048,
      "max": 73.59598650548,
      "times": [
        73.31827151948,
        72.40895697748,
        72.58067728848,
        73.59598650548,
        72.40628443048,
        73.08980536648001,
        73.33560581348,
        73.41065178748,
        72.61242830248,
        72.68376237448
      ],
      "exit_codes": [
        0,
        0,
        0,
        0,
        0,
        0,
        0,
        0,
        0,
        0
      ]
    }
  ]
}
