{
  "results": [
    {
      "command": "cargo build --jobs 16 --release --example breakout",
      "mean": 72.34333523526,
      "stddev": 0.23361353261606632,
      "median": 72.30535613286,
      "user": 1069.38912768,
      "system": 27.875446240000002,
      "min": 72.02133883136,
      "max": 72.71969793635999,
      "times": [
        72.20409063736,
        72.51228913736,
        72.13274262836,
        72.63848231036,
        72.71969793635999,
        72.02133883136,
        72.38390982135999,
        72.45018420736,
        72.22680244436,
        72.14381439835999
      ],
      "exit_codes": [
        0,
        0,
        0,
        0,
        0,
        0,
        0,
        0,
        0,
        0
      ]
    }
  ]
}
