{
  "results": [
    {
      "command": "cargo build --jobs 8 --release --example breakout",
      "mean": 112.52646061737998,
      "stddev": 0.25674541386570465,
      "median": 112.64099079228001,
      "user": 848.49110262,
      "system": 22.635979420000005,
      "min": 112.06753520027999,
      "max": 112.81256315028,
      "times": [
        112.81256315028,
        112.09021072328,
        112.66800904227999,
        112.71307553028,
        112.53609083328,
        112.63073186228,
        112.66629841427999,
        112.42884169528,
        112.65124972228,
        112.06753520027999
      ],
      "exit_codes": [
        0,
        0,
        0,
        0,
        0,
        0,
        0,
        0,
        0,
        0
      ]
    }
  ]
}
