{
  "results": [
    {
      "command": "cargo build --jobs 16 --release --example breakout",
      "mean": 69.71239662962,
      "stddev": 0.7864128646888222,
      "median": 69.81395540812,
      "user": 989.35839754,
      "system": 27.171487239999994,
      "min": 68.49832843362,
      "max": 71.09593571362,
      "times": [
        71.09593571362,
        69.60064286062,
        68.52800367162,
        70.15321232362,
        69.64195886662,
        70.06477799862,
        69.35579112162,
        69.98595194962,
        70.19936335662,
        68.49832843362
      ],
      "exit_codes": [
        0,
        0,
        0,
        0,
        0,
        0,
        0,
        0,
        0,
        0
      ]
    }
  ]
}
