{
  "results": [
    {
      "command": "cargo build --jobs 8 --release --example breakout",
      "mean": 105.08975877421999,
      "stddev": 0.390638140463458,
      "median": 105.17108781412,
      "user": 792.5527463399999,
      "system": 21.64792138,
      "min": 104.32477968362,
      "max": 105.55840530862,
      "times": [
        105.55840530862,
        104.32477968362,
        105.00033994462,
        105.09270352662,
        105.06584698662,
        105.45104824362,
        105.24947210162,
        105.34861763262,
        104.53759149062,
        105.26878282362
      ],
      "exit_codes": [
        0,
        0,
        0,
        0,
        0,
        0,
        0,
        0,
        0,
        0
      ]
    }
  ]
}
