{
  "results": [
    {
      "command": "cargo build --jobs 8 --release --example breakout",
      "mean": 109.30500924441999,
      "stddev": 0.124964038325757,
      "median": 109.29211455782,
      "user": 826.1472444999999,
      "system": 21.869238559999996,
      "min": 109.11486314132,
      "max": 109.46413741932,
      "times": [
        109.46413741932,
        109.17336480531999,
        109.17392228432,
        109.43173478131999,
        109.29501351732,
        109.28921559832,
        109.40289976932,
        109.43630464932,
        109.26863647831999,
        109.11486314132
      ],
      "exit_codes": [
        0,
        0,
        0,
        0,
        0,
        0,
        0,
        0,
        0,
        0
      ]
    }
  ]
}
