{
  "results": [
    {
      "command": "cargo build --release --example breakout",
      "mean": 73.12636270656,
      "stddev": 0.19256785173353302,
      "median": 73.16421613336001,
      "user": 1381.48843884,
      "system": 39.2909169,
      "min": 72.66659606486,
      "max": 73.32073938686,
      "times": [
        73.31972485986,
        73.21679841986,
        73.12915542686001,
        72.66659606486,
        73.32073938686,
        73.13656857386,
        72.97824704286,
        73.19186369286001,
        73.22731423186,
        73.07661936586001
      ],
      "exit_codes": [
        0,
        0,
        0,
        0,
        0,
        0,
        0,
        0,
        0,
        0
      ]
    }
  ]
}
