{
  "results": [
    {
      "command": "cargo build --jobs 16 --release --example breakout",
      "mean": 72.72844434146,
      "stddev": 0.6618205634468368,
      "median": 72.92148525176,
      "user": 1032.1691531399997,
      "system": 27.528586139999998,
      "min": 71.82200657326,
      "max": 73.57110171926,
      "times": [
        72.79047861226,
        71.82200657326,
        73.05249189126,
        72.18885219726,
        73.57110171926,
        71.97152840026,
        73.12315034326,
        73.19796050725999,
        72.05709844126,
        73.50977472926
      ],
      "exit_codes": [
        0,
        0,
        0,
        0,
        0,
        0,
        0,
        0,
        0,
        0
      ]
    }
  ]
}
