{
  "results": [
    {
      "command": "cargo build --jobs 16 --release --example breakout",
      "mean": 72.63293249698,
      "stddev": 0.5051956656384378,
      "median": 72.71661622248,
      "user": 1060.6059314200002,
      "system": 28.040664680000003,
      "min": 71.87684006498,
      "max": 73.50508205398,
      "times": [
        72.86065801498,
        72.42079079898,
        73.08169059398,
        73.50508205398,
        72.86359085598,
        72.18604543798,
        72.57257442998,
        72.90748334498,
        71.87684006498,
        72.05456937398
      ],
      "exit_codes": [
        0,
        0,
        0,
        0,
        0,
        0,
        0,
        0,
        0,
        0
      ]
    }
  ]
}
