{
  "results": [
    {
      "command": "cargo build --release --example breakout",
      "mean": 72.79813416260001,
      "stddev": 0.1761756351635398,
      "median": 72.812725166,
      "user": 1403.69976854,
      "system": 39.91250075999999,
      "min": 72.5229764965,
      "max": 73.0103653545,
      "times": [
        72.7097138825,
        72.5972194945,
        72.9188942375,
        72.6996142025,
        73.0103653545,
        72.9157364495,
        72.6739881675,
        72.9771942135,
        72.5229764965,
        72.95563912749999
      ],
      "exit_codes": [
        0,
        0,
        0,
        0,
        0,
        0,
        0,
        0,
        0,
        0
      ]
    }
  ]
}
