{
  "results": [
    {
      "command": "cargo build --jobs 8 --release --example breakout",
      "mean": 112.17117671803999,
      "stddev": 0.133685344034528,
      "median": 112.14417056674,
      "user": 844.7894947799999,
      "system": 22.472556739999995,
      "min": 111.96344258724,
      "max": 112.40013032623999,
      "times": [
        112.09031083224,
        112.21097812624,
        112.07986618423999,
        112.40013032623999,
        112.08069243224,
        112.19803030124,
        112.31708946223999,
        112.09023062824,
        112.28099630023999,
        111.96344258724
      ],
      "exit_codes": [
        0,
        0,
        0,
        0,
        0,
        0,
        0,
        0,
        0,
        0
      ]
    }
  ]
}
