{
  "results": [
    {
      "command": "cargo build --jobs 8 --release --example breakout",
      "mean": 112.12392123016,
      "stddev": 0.18629840184294127,
      "median": 112.13451112915999,
      "user": 847.45403922,
      "system": 22.480192439999996,
      "min": 111.90738613966,
      "max": 112.37805821266,
      "times": [
        112.12442293266,
        112.14459932566,
        111.90738613966,
        111.91953352566,
        112.37805821266,
        111.94880253266,
        112.33130208966,
        111.96291745866,
        112.36468009766,
        112.15750998666
      ],
      "exit_codes": [
        0,
        0,
        0,
        0,
        0,
        0,
        0,
        0,
        0,
        0
      ]
    }
  ]
}
