{
  "results": [
    {
      "command": "cargo build --jobs 16 --release --example breakout",
      "mean": 72.4031872372,
      "stddev": 0.34013026145344427,
      "median": 72.2933066994,
      "user": 1065.9768809199998,
      "system": 27.85438534,
      "min": 72.0169993404,
      "max": 73.0849434494,
      "times": [
        72.2829259044,
        72.4108363884,
        72.0169993404,
        72.2186641304,
        72.8205499544,
        72.0488894424,
        72.3036874944,
        72.2373181504,
        73.0849434494,
        72.6070581174
      ],
      "exit_codes": [
        0,
        0,
        0,
        0,
        0,
        0,
        0,
        0,
        0,
        0
      ]
    }
  ]
}
