{
  "results": [
    {
      "command": "cargo build --jobs 8 --release --example breakout",
      "mean": 112.48885250894,
      "stddev": 0.15724539260613596,
      "median": 112.52023478844,
      "user": 847.41836226,
      "system": 22.166229019999996,
      "min": 112.26189746594001,
      "max": 112.66628234794001,
      "times": [
        112.45244720494,
        112.29066870494,
        112.63478603094,
        112.26189746594001,
        112.29544614794001,
        112.62226389094,
        112.66628234794001,
        112.48755593494,
        112.62426371894,
        112.55291364194001
      ],
      "exit_codes": [
        0,
        0,
        0,
        0,
        0,
        0,
        0,
        0,
        0,
        0
      ]
    }
  ]
}
