{
  "results": [
    {
      "command": "cargo build --jobs 16 --release --example breakout",
      "mean": 73.93812756306002,
      "stddev": 0.8765113185081486,
      "median": 73.60935823246001,
      "user": 1061.04473246,
      "system": 27.645786719999997,
      "min": 73.24216729046,
      "max": 76.24884906146,
      "times": [
        73.51487855446001,
        74.41976161246001,
        76.24884906146,
        73.93709561546001,
        73.54837531746,
        73.42959241346,
        73.24216729046,
        73.87122455646,
        73.49899006146,
        73.67034114746001
      ],
      "exit_codes": [
        0,
        0,
        0,
        0,
        0,
        0,
        0,
        0,
        0,
        0
      ]
    }
  ]
}
