{
  "results": [
    {
      "command": "cargo build --jobs 16 --release --example breakout",
      "mean": 69.75550957450001,
      "stddev": 0.8544194212977996,
      "median": 69.7720482133,
      "user": 987.6737477,
      "system": 27.028989640000002,
      "min": 68.3902296768,
      "max": 71.2399559958,
      "times": [
        68.4120209588,
        71.2399559958,
        69.8121259928,
        69.6726062508,
        70.27418797280001,
        70.0927044638,
        69.7319704338,
        70.2939825578,
        68.3902296768,
        69.6353114418
      ],
      "exit_codes": [
        0,
        0,
        0,
        0,
        0,
        0,
        0,
        0,
        0,
        0
      ]
    }
  ]
}
