{
  "results": [
    {
      "command": "cargo build --jobs 8 --release --example breakout",
      "mean": 105.00530056246001,
      "stddev": 0.3475362864479632,
      "median": 104.97596567756,
      "user": 790.7762724199999,
      "system": 21.506879899999994,
      "min": 104.45145073356,
      "max": 105.64480391756,
      "times": [
        105.12442790256,
        105.64480391756,
        104.88673809256,
        104.93178591656,
        105.25034299856,
        105.26358205156001,
        104.54794265656,
        104.97859490756,
        104.97333644756,
        104.45145073356
      ],
      "exit_codes": [
        0,
        0,
        0,
        0,
        0,
        0,
        0,
        0,
        0,
        0
      ]
    }
  ]
}
