{
  "results": [
    {
      "command": "cargo build --jobs 8 --release --example breakout",
      "mean": 112.20935286160002,
      "stddev": 0.15034545188170798,
      "median": 112.19977792830001,
      "user": 848.47144888,
      "system": 22.577632719999997,
      "min": 112.0114787153,
      "max": 112.5423534953,
      "times": [
        112.20372382330001,
        112.1060480683,
        112.0630027393,
        112.1424861203,
        112.5423534953,
        112.19583203330001,
        112.0114787153,
        112.2667441813,
        112.2417248803,
        112.3201345593
      ],
      "exit_codes": [
        0,
        0,
        0,
        0,
        0,
        0,
        0,
        0,
        0,
        0
      ]
    }
  ]
}
