{
  "results": [
    {
      "command": "cargo build --jobs 16 --release --example breakout",
      "mean": 72.44871786403999,
      "stddev": 0.5261543558940197,
      "median": 72.25747798194001,
      "user": 1067.65443556,
      "system": 27.9555723,
      "min": 71.97496306644,
      "max": 73.46936496744,
      "times": [
        72.12032912544001,
        72.28362479244001,
        72.23133117144,
        73.33082256444,
        71.97496306644,
        72.05231601444,
        73.46936496744,
        72.49902718744,
        72.12844240444001,
        72.39695734644
      ],
      "exit_codes": [
        0,
        0,
        0,
        0,
        0,
        0,
        0,
        0,
        0,
        0
      ]
    }
  ]
}
