{
  "results": [
    {
      "command": "cargo build --jobs 16 --release --example breakout",
      "mean": 72.44688642962,
      "stddev": 0.3822478446007322,
      "median": 72.44076863082,
      "user": 1066.2990218799998,
      "system": 27.968696,
      "min": 71.92296931231999,
      "max": 73.19518171632,
      "times": [
        72.61560261232,
        72.17857663132,
        72.27561873232,
        73.19518171632,
        72.28350660932,
        72.59803065231999,
        72.01986152132,
        72.66811838832,
        71.92296931231999,
        72.71139812032
      ],
      "exit_codes": [
        0,
        0,
        0,
        0,
        0,
        0,
        0,
        0,
        0,
        0
      ]
    }
  ]
}
