{
  "results": [
    {
      "command": "cargo build --jobs 8 --release --example breakout",
      "mean": 112.29627765571999,
      "stddev": 0.26886542474928,
      "median": 112.20568927652,
      "user": 848.1703371799998,
      "system": 22.554133760000003,
      "min": 112.05781898152,
      "max": 112.90036611552,
      "times": [
        112.14856752952001,
        112.08099954552,
        112.58223084652,
        112.35333493152,
        112.05781898152,
        112.25927338252,
        112.35536122152,
        112.07271883252,
        112.15210517052,
        112.90036611552
      ],
      "exit_codes": [
        0,
        0,
        0,
        0,
        0,
        0,
        0,
        0,
        0,
        0
      ]
    }
  ]
}
