{
  "results": [
    {
      "command": "cargo build --jobs 16 --release --example breakout",
      "mean": 70.01047923746,
      "stddev": 0.8528495836735688,
      "median": 69.81892390556001,
      "user": 988.0463081399997,
      "system": 27.13307126,
      "min": 68.54363060306001,
      "max": 71.55188279806,
      "times": [
        69.84580314206,
        70.38674244506001,
        71.55188279806,
        68.54363060306001,
        70.92498079606001,
        69.52768933306001,
        69.75507260906001,
        69.79204466906,
        70.45318229206,
        69.32376368706001
      ],
      "exit_codes": [
        0,
        0,
        0,
        0,
        0,
        0,
        0,
        0,
        0,
        0
      ]
    }
  ]
}
