{
  "results": [
    {
      "command": "cargo build --jobs 8 --release --example breakout",
      "mean": 105.2783413335,
      "stddev": 0.3139610252817698,
      "median": 105.3616947092,
      "user": 791.5655489799999,
      "system": 21.71938132,
      "min": 104.5245116352,
      "max": 105.58007105419999,
      "times": [
        105.4386465162,
        105.23647178419999,
        105.58007105419999,
        105.27822265619999,
        104.5245116352,
        105.5650086172,
        105.3640599642,
        104.99814055319999,
        105.43895110019999,
        105.3593294542
      ],
      "exit_codes": [
        0,
        0,
        0,
        0,
        0,
        0,
        0,
        0,
        0,
        0
      ]
    }
  ]
}
