{
  "results": [
    {
      "command": "cargo build --jobs 8 --release --example breakout",
      "mean": 109.88421897856001,
      "stddev": 0.14569771319984293,
      "median": 109.84678322276,
      "user": 826.8462786799998,
      "system": 21.899031979999997,
      "min": 109.73136317626,
      "max": 110.17550890326,
      "times": [
        109.97143252126,
        109.81171625326,
        109.73136317626,
        109.87153565726,
        109.76237102426,
        110.17550890326,
        110.07137574126,
        109.84684182426,
        109.75332006326,
        109.84672462126001
      ],
      "exit_codes": [
        0,
        0,
        0,
        0,
        0,
        0,
        0,
        0,
        0,
        0
      ]
    }
  ]
}
