{
  "results": [
    {
      "command": "cargo build --release --example breakout",
      "mean": 73.66428296308001,
      "stddev": 0.2208080085250948,
      "median": 73.62395714318001,
      "user": 1383.05550026,
      "system": 39.25069662,
      "min": 73.30404200518001,
      "max": 73.96218940918,
      "times": [
        73.89648645618,
        73.30404200518001,
        73.96218940918,
        73.80926149218,
        73.54441028118,
        73.63857087318,
        73.90462797118,
        73.60934341318,
        73.54455590318,
        73.42934182618
      ],
      "exit_codes": [
        0,
        0,
        0,
        0,
        0,
        0,
        0,
        0,
        0,
        0
      ]
    }
  ]
}
