{
  "results": [
    {
      "command": "cargo build --jobs 16 --release --example breakout",
      "mean": 72.67515534610001,
      "stddev": 0.6998413715980817,
      "median": 72.5990769701,
      "user": 1035.0250484399999,
      "system": 27.490165459999997,
      "min": 71.69445267110001,
      "max": 74.3252613301,
      "times": [
        72.3798743991,
        72.6733869321,
        74.3252613301,
        72.5052240561,
        71.69445267110001,
        72.0161894751,
        72.5247670081,
        72.78005981710001,
        73.0081145731,
        72.8442231991
      ],
      "exit_codes": [
        0,
        0,
        0,
        0,
        0,
        0,
        0,
        0,
        0,
        0
      ]
    }
  ]
}
