{
  "results": [
    {
      "command": "cargo build --jobs 16 --release --example breakout",
      "mean": 72.78280810438001,
      "stddev": 0.5273045693158984,
      "median": 72.68867665238,
      "user": 1037.47401436,
      "system": 27.504323879999998,
      "min": 71.87233952488,
      "max": 73.71427287488001,
      "times": [
        73.11710729488,
        72.65647098188,
        73.06660019488001,
        72.22227632388001,
        72.60053998988,
        71.87233952488,
        72.60962557988,
        72.72088232288,
        73.71427287488001,
        73.24796595588
      ],
      "exit_codes": [
        0,
        0,
        0,
        0,
        0,
        0,
        0,
        0,
        0,
        0
      ]
    }
  ]
}
