{
  "results": [
    {
      "command": "cargo build --jobs 8 --release --example breakout",
      "mean": 110.12039511174001,
      "stddev": 0.09593701987387127,
      "median": 110.11648242744,
      "user": 828.50226556,
      "system": 21.97175086,
      "min": 109.95330600244,
      "max": 110.27135407844,
      "times": [
        110.08582164144,
        110.04245322844001,
        110.27135407844,
        110.26459404244001,
        110.15734597744,
        110.10909875244,
        109.95330600244,
        110.12599403244,
        110.07011725944001,
        110.12386610244
      ],
      "exit_codes": [
        0,
        0,
        0,
        0,
        0,
        0,
        0,
        0,
        0,
        0
      ]
    }
  ]
}
