{
  "results": [
    {
      "command": "cargo build --jobs 8 --release --example breakout",
      "mean": 112.30494566562,
      "stddev": 0.1560396940009015,
      "median": 112.28418188702,
      "user": 846.4447587999999,
      "system": 22.1576327,
      "min": 112.08999663202,
      "max": 112.55731666902,
      "times": [
        112.51451187501999,
        112.36475252801999,
        112.24539287002,
        112.55731666902,
        112.18481280002,
        112.41060913102,
        112.19989914301999,
        112.08999663202,
        112.15919410402,
        112.32297090402
      ],
      "exit_codes": [
        0,
        0,
        0,
        0,
        0,
        0,
        0,
        0,
        0,
        0
      ]
    }
  ]
}
