{
  "results": [
    {
      "command": "cargo build --release --example breakout",
      "mean": 73.61010518014,
      "stddev": 0.19722190500710784,
      "median": 73.62001401244,
      "user": 1413.79644478,
      "system": 39.52856743999999,
      "min": 73.19959116694,
      "max": 73.93917511194,
      "times": [
        73.64530900794,
        73.83193694494,
        73.19959116694,
        73.54336753694,
        73.65898775794,
        73.52279423294,
        73.51986201694,
        73.93917511194,
        73.61858527794,
        73.62144274693999
      ],
      "exit_codes": [
        0,
        0,
        0,
        0,
        0,
        0,
        0,
        0,
        0,
        0
      ]
    }
  ]
}
