{
  "results": [
    {
      "command": "cargo build --jobs 16 --release --example breakout",
      "mean": 74.16729616763999,
      "stddev": 0.7449217771560714,
      "median": 74.05949432804,
      "user": 1060.0347434199998,
      "system": 27.759656059999998,
      "min": 73.16155778154,
      "max": 75.40551441454001,
      "times": [
        74.03107815354001,
        75.39482705554,
        73.83126910454,
        74.10112889554,
        74.49892282054,
        73.55231884454,
        73.60843410354,
        73.16155778154,
        74.08791050254,
        75.40551441454001
      ],
      "exit_codes": [
        0,
        0,
        0,
        0,
        0,
        0,
        0,
        0,
        0,
        0
      ]
    }
  ]
}
