{
  "results": [
    {
      "command": "cargo build --jobs 8 --release --example breakout",
      "mean": 112.20921389877999,
      "stddev": 0.13760224134843696,
      "median": 112.24209895678,
      "user": 847.8336881999998,
      "system": 22.57017784,
      "min": 112.03286136878,
      "max": 112.42515539078,
      "times": [
        112.31111132578,
        112.15778669778,
        112.29402209478,
        112.03286136878,
        112.30881859878001,
        112.27735984578,
        112.42515539078,
        112.20683806778,
        112.04070332878,
        112.03748226878
      ],
      "exit_codes": [
        0,
        0,
        0,
        0,
        0,
        0,
        0,
        0,
        0,
        0
      ]
    }
  ]
}
