{
  "results": [
    {
      "command": "cargo build --jobs 16 --release --example breakout",
      "mean": 72.20545466569999,
      "stddev": 0.32349265811946076,
      "median": 72.1286780257,
      "user": 1067.5200464799998,
      "system": 27.80392422,
      "min": 71.8391707142,
      "max": 72.7037289642,
      "times": [
        72.2746135522,
        72.6324384442,
        72.5323582122,
        71.9065847272,
        71.9496208042,
        72.7037289642,
        71.8391707142,
        71.9586751872,
        72.2664434802,
        71.9909125712
      ],
      "exit_codes": [
        0,
        0,
        0,
        0,
        0,
        0,
        0,
        0,
        0,
        0
      ]
    }
  ]
}
