{
  "results": [
    {
      "command": "cargo build --release --example breakout",
      "mean": 72.41120115331998,
      "stddev": 0.1432192986547564,
      "median": 72.42504625292,
      "user": 1398.5519838399996,
      "system": 39.73388522,
      "min": 72.17017342042,
      "max": 72.59127396742,
      "times": [
        72.38459626742,
        72.34779264641999,
        72.58656879441999,
        72.46549623842,
        72.17017342042,
        72.26341383642,
        72.51711161442,
        72.49748051441999,
        72.59127396742,
        72.28810423342
      ],
      "exit_codes": [
        0,
        0,
        0,
        0,
        0,
        0,
        0,
        0,
        0,
        0
      ]
    }
  ]
}
