{
  "results": [
    {
      "command": "cargo build --jobs 16 --release --example breakout",
      "mean": 72.02120572013999,
      "stddev": 0.44469473772667917,
      "median": 72.03882734583999,
      "user": 1055.1585831799998,
      "system": 27.76861856,
      "min": 71.41950904634,
      "max": 72.61507764033999,
      "times": [
        72.61507764033999,
        72.04154148533999,
        72.31621831733999,
        71.62100354133999,
        71.41950904634,
        72.03611320633999,
        72.60916398133999,
        72.35695673533999,
        71.57589186934,
        71.62058137833999
      ],
      "exit_codes": [
        0,
        0,
        0,
        0,
        0,
        0,
        0,
        0,
        0,
        0
      ]
    }
  ]
}
