{
  "results": [
    {
      "command": "cargo build --jobs 8 --release --example breakout",
      "mean": 111.67558944845999,
      "stddev": 0.0985575380911177,
      "median": 111.64104959576,
      "user": 839.0538048599999,
      "system": 22.2776553,
      "min": 111.54496755526,
      "max": 111.82225897526,
      "times": [
        111.79173184726,
        111.57130517526,
        111.65099415226,
        111.62891138025999,
        111.80690963026,
        111.63110503925999,
        111.54496755526,
        111.62618195626,
        111.82225897526,
        111.68152877326
      ],
      "exit_codes": [
        0,
        0,
        0,
        0,
        0,
        0,
        0,
        0,
        0,
        0
      ]
    }
  ]
}
