{
  "results": [
    {
      "command": "cargo build --jobs 8 --release --example breakout",
      "mean": 111.94326543554,
      "stddev": 0.12902689502023154,
      "median": 111.95014573024,
      "user": 846.9841414,
      "system": 22.151856159999998,
      "min": 111.72983457674,
      "max": 112.19666726974,
      "times": [
        111.83856081674,
        111.99334107574,
        112.02890720174,
        112.19666726974,
        111.72983457674,
        111.91751261174001,
        111.86397199974,
        112.01380072274,
        111.98277884874,
        111.86727923174
      ],
      "exit_codes": [
        0,
        0,
        0,
        0,
        0,
        0,
        0,
        0,
        0,
        0
      ]
    }
  ]
}
