{
  "results": [
    {
      "command": "cargo build --release --example breakout",
      "mean": 73.42057221584001,
      "stddev": 0.1679274361006997,
      "median": 73.36767740074,
      "user": 1405.61278346,
      "system": 39.621699359999994,
      "min": 73.22181803774001,
      "max": 73.81227573774,
      "times": [
        73.22181803774001,
        73.81227573774,
        73.39600094874,
        73.32268287174,
        73.33935385274,
        73.55383989374,
        73.30445706874,
        73.32623342374,
        73.45853694274,
        73.47052338074
      ],
      "exit_codes": [
        0,
        0,
        0,
        0,
        0,
        0,
        0,
        0,
        0,
        0
      ]
    }
  ]
}
