{
  "results": [
    {
      "command": "cargo build --jobs 16 --release --example breakout",
      "mean": 73.37137649946001,
      "stddev": 0.3555970475484098,
      "median": 73.36881319606,
      "user": 1060.8680391799999,
      "system": 27.78735518,
      "min": 72.74870061756,
      "max": 73.86513108556001,
      "times": [
        73.86513108556001,
        73.25503042456,
        73.14197633256,
        73.00083712356,
        73.31920235456,
        73.80052677756001,
        73.41842403756,
        72.74870061756,
        73.69435358856,
        73.46958265256
      ],
      "exit_codes": [
        0,
        0,
        0,
        0,
        0,
        0,
        0,
        0,
        0,
        0
      ]
    }
  ]
}
