{
  "results": [
    {
      "command": "cargo build --jobs 16 --release --example breakout",
      "mean": 70.313195037,
      "stddev": 1.022225715701084,
      "median": 70.3810390571,
      "user": 995.4998519599998,
      "system": 27.23505836,
      "min": 68.6355164281,
      "max": 71.6700632791,
      "times": [
        69.9597660951,
        70.0684649061,
        71.6391275091,
        70.7042802191,
        71.6700632791,
        70.0530376481,
        68.8493224611,
        70.6936132081,
        68.6355164281,
        70.8587586161
      ],
      "exit_codes": [
        0,
        0,
        0,
        0,
        0,
        0,
        0,
        0,
        0,
        0
      ]
    }
  ]
}
