{
  "results": [
    {
      "command": "cargo build --jobs 8 --release --example breakout",
      "mean": 105.51159184902,
      "stddev": 0.16211224242287006,
      "median": 105.52059796431999,
      "user": 796.9062045199998,
      "system": 21.73502534,
      "min": 105.16706564732,
      "max": 105.70907636732,
      "times": [
        105.50019439232,
        105.43478901831999,
        105.64393251931999,
        105.54100153632,
        105.62516087031999,
        105.35802809332,
        105.70907636732,
        105.64415747631999,
        105.16706564732,
        105.49251256932
      ],
      "exit_codes": [
        0,
        0,
        0,
        0,
        0,
        0,
        0,
        0,
        0,
        0
      ]
    }
  ]
}
