{
  "results": [
    {
      "command": "cargo build --jobs 8 --release --example breakout",
      "mean": 112.25020774384,
      "stddev": 0.19768716064478808,
      "median": 112.14820148264,
      "user": 848.1965466200002,
      "system": 22.569721780000002,
      "min": 112.09447770314,
      "max": 112.65448860114,
      "times": [
        112.34898137214,
        112.22711906314001,
        112.52985741614,
        112.09804181514001,
        112.14834802114001,
        112.14805494414,
        112.09447770314,
        112.65448860114,
        112.10526675014,
        112.14744175214001
      ],
      "exit_codes": [
        0,
        0,
        0,
        0,
        0,
        0,
        0,
        0,
        0,
        0
      ]
    }
  ]
}
