{
  "results": [
    {
      "command": "cargo build --jobs 16 --release --example breakout",
      "mean": 72.30700977555999,
      "stddev": 0.2261018921130289,
      "median": 72.29244839776001,
      "user": 1067.90271632,
      "system": 27.91773602,
      "min": 71.98269778726001,
      "max": 72.69233754126,
      "times": [
        72.57416380526,
        72.44643450626,
        72.24723613126001,
        71.98269778726001,
        72.39994874826,
        72.13282746726,
        72.69233754126,
        72.19295843026,
        72.33766066426,
        72.06383267426
      ],
      "exit_codes": [
        0,
        0,
        0,
        0,
        0,
        0,
        0,
        0,
        0,
        0
      ]
    }
  ]
}
