{
  "results": [
    {
      "command": "cargo build --jobs 8 --release --example breakout",
      "mean": 110.90295323611997,
      "stddev": 0.1630306002821821,
      "median": 110.91624661931999,
      "user": 836.12847782,
      "system": 22.019558139999994,
      "min": 110.63059523081999,
      "max": 111.18260689482,
      "times": [
        110.88924267482,
        110.93765108081999,
        111.09751582482,
        110.95242659982,
        110.90924833481999,
        110.63059523081999,
        110.92324490381999,
        111.18260689482,
        110.75150946581999,
        110.75549135082
      ],
      "exit_codes": [
        0,
        0,
        0,
        0,
        0,
        0,
        0,
        0,
        0,
        0
      ]
    }
  ]
}
