{
  "results": [
    {
      "command": "cargo build --release --example breakout",
      "mean": 72.7697612619,
      "stddev": 0.21976169260130393,
      "median": 72.85608668360001,
      "user": 1377.64206558,
      "system": 39.24217404,
      "min": 72.3095824991,
      "max": 73.01785184010001,
      "times": [
        72.8436377181,
        72.97711335310001,
        73.01785184010001,
        72.5175538361,
        72.89754249010001,
        72.8725107421,
        72.86853564910001,
        72.7278473761,
        72.3095824991,
        72.6654371151
      ],
      "exit_codes": [
        0,
        0,
        0,
        0,
        0,
        0,
        0,
        0,
        0,
        0
      ]
    }
  ]
}
