{
  "results": [
    {
      "command": "cargo build --jobs 16 --release --example breakout",
      "mean": 72.55030438122,
      "stddev": 0.5365844773179342,
      "median": 72.59866502832,
      "user": 1047.3686956200002,
      "system": 27.604681459999995,
      "min": 71.78402872232,
      "max": 73.21896845132,
      "times": [
        72.42498938832,
        71.78402872232,
        72.07810904232,
        72.07052336832,
        72.77234066832,
        72.01818563332,
        72.96118823332,
        73.15817501432,
        73.01653529032001,
        73.21896845132
      ],
      "exit_codes": [
        0,
        0,
        0,
        0,
        0,
        0,
        0,
        0,
        0,
        0
      ]
    }
  ]
}
