{
  "results": [
    {
      "command": "cargo build --jobs 8 --release --example breakout",
      "mean": 111.68174785668,
      "stddev": 0.25450049208088515,
      "median": 111.66204940207999,
      "user": 846.7548517999998,
      "system": 22.522886540000002,
      "min": 111.34974702957999,
      "max": 112.16607864058,
      "times": [
        111.46575535458,
        111.61606419958,
        111.54393941158,
        111.70803460457999,
        112.03525727558,
        111.48461453658,
        112.16607864058,
        111.73049356557999,
        111.71749394858,
        111.34974702957999
      ],
      "exit_codes": [
        0,
        0,
        0,
        0,
        0,
        0,
        0,
        0,
        0,
        0
      ]
    }
  ]
}
