{
  "results": [
    {
      "command": "cargo build --jobs 16 --release --example breakout",
      "mean": 72.19646168846,
      "stddev": 0.2308567058755886,
      "median": 72.26136725956,
      "user": 1065.23921432,
      "system": 27.991041059999997,
      "min": 71.81890017556,
      "max": 72.47104273656001,
      "times": [
        71.81890017556,
        71.85459231056001,
        72.23367443956,
        72.35907062256,
        72.47104273656001,
        72.28906007956,
        72.00876593156,
        72.40598282456,
        72.15985025356001,
        72.36367751056001
      ],
      "exit_codes": [
        0,
        0,
        0,
        0,
        0,
        0,
        0,
        0,
        0,
        0
      ]
    }
  ]
}
