{
  "results": [
    {
      "command": "cargo build --jobs 16 --release --example breakout",
      "mean": 70.13549155476,
      "stddev": 0.6706513975305789,
      "median": 70.42888819915999,
      "user": 999.65511706,
      "system": 27.231164820000004,
      "min": 68.95038673565999,
      "max": 70.83480095466,
      "times": [
        70.67595926566,
        70.40787870765999,
        69.00191549166,
        70.52541556365999,
        69.79378059065999,
        70.22146784265999,
        70.44989769066,
        70.49341270466,
        68.95038673565999,
        70.83480095466
      ],
      "exit_codes": [
        0,
        0,
        0,
        0,
        0,
        0,
        0,
        0,
        0,
        0
      ]
    }
  ]
}
