{
  "results": [
    {
      "command": "cargo build --release --example breakout",
      "mean": 71.18382372156,
      "stddev": 0.10643807574123779,
      "median": 71.18384352406,
      "user": 1331.0036595400002,
      "system": 38.72101454,
      "min": 71.03119822856,
      "max": 71.42623404856,
      "times": [
        71.42623404856,
        71.06356178156001,
        71.16886782656,
        71.03119822856,
        71.19881922156,
        71.21735800856,
        71.15795442556,
        71.21021891056,
        71.21733767856,
        71.14668708556
      ],
      "exit_codes": [
        0,
        0,
        0,
        0,
        0,
        0,
        0,
        0,
        0,
        0
      ]
    }
  ]
}
