{
  "results": [
    {
      "command": "cargo build --jobs 8 --release --example breakout",
      "mean": 105.87910027923999,
      "stddev": 0.20400363656726186,
      "median": 105.85443484034,
      "user": 799.8276138599999,
      "system": 21.657612559999997,
      "min": 105.44137194584,
      "max": 106.14951839284001,
      "times": [
        106.05345792884,
        105.88239138784,
        105.81866575484,
        105.44137194584,
        106.14951839284001,
        105.82647829284001,
        105.74026471984,
        106.00535478984,
        105.81198995884,
        106.06150962084
      ],
      "exit_codes": [
        0,
        0,
        0,
        0,
        0,
        0,
        0,
        0,
        0,
        0
      ]
    }
  ]
}
