{
  "results": [
    {
      "command": "cargo build --jobs 16 --release --example breakout",
      "mean": 70.1854954808,
      "stddev": 0.38387437921644435,
      "median": 70.08854112329999,
      "user": 987.9549911,
      "system": 27.261872779999997,
      "min": 69.7827959668,
      "max": 70.8058137628,
      "times": [
        70.7815784858,
        69.9035731468,
        70.2536245808,
        69.9234576658,
        70.8058137628,
        70.2542942428,
        69.9013311018,
        69.8257573958,
        70.4227284588,
        69.7827959668
      ],
      "exit_codes": [
        0,
        0,
        0,
        0,
        0,
        0,
        0,
        0,
        0,
        0
      ]
    }
  ]
}
