{
  "results": [
    {
      "command": "cargo build --jobs 8 --release --example breakout",
      "mean": 104.9369250828,
      "stddev": 0.28777870019466245,
      "median": 104.863256034,
      "user": 792.01551482,
      "system": 21.73847672,
      "min": 104.6002545375,
      "max": 105.33516609850001,
      "times": [
        104.6666324685,
        105.25749186750001,
        105.2178720995,
        104.6002545375,
        104.6932984435,
        105.0021996425,
        104.7243124255,
        105.33516609850001,
        104.7016685465,
        105.1703546985
      ],
      "exit_codes": [
        0,
        0,
        0,
        0,
        0,
        0,
        0,
        0,
        0,
        0
      ]
    }
  ]
}
