{
  "results": [
    {
      "command": "cargo build --jobs 16 --release --example breakout",
      "mean": 73.54785499222,
      "stddev": 0.7717000075012354,
      "median": 73.33971454872,
      "user": 1063.0358345399998,
      "system": 27.736131719999996,
      "min": 72.39475347422,
      "max": 74.90238099522,
      "times": [
        72.39475347422,
        73.11631189522,
        73.51057564722,
        74.38121913622,
        73.97077748321999,
        72.90192043822,
        73.16885345022,
        74.10104342422,
        73.03071397821999,
        74.90238099522
      ],
      "exit_codes": [
        0,
        0,
        0,
        0,
        0,
        0,
        0,
        0,
        0,
        0
      ]
    }
  ]
}
