{
  "results": [
    {
      "command": "cargo build --release --example breakout",
      "mean": 73.72383103196,
      "stddev": 0.14408805595275442,
      "median": 73.70812883716,
      "user": 1403.6780285599998,
      "system": 39.561966639999994,
      "min": 73.52319384916001,
      "max": 74.00143838116,
      "times": [
        73.75911678816,
        73.75480350516,
        73.61953706816,
        73.52319384916001,
        73.71186248616,
        73.70439518816,
        74.00143838116,
        73.90651251216,
        73.58147144116,
        73.67597910016
      ],
      "exit_codes": [
        0,
        0,
        0,
        0,
        0,
        0,
        0,
        0,
        0,
        0
      ]
    }
  ]
}
