{
  "results": [
    {
      "command": "cargo build --jobs 8 --release --example breakout",
      "mean": 112.5595128682,
      "stddev": 0.1707067880391524,
      "median": 112.5256794238,
      "user": 847.7885533599999,
      "system": 22.14547382,
      "min": 112.3469364453,
      "max": 112.8455482693,
      "times": [
        112.8455482693,
        112.3469364453,
        112.5811259413,
        112.5523419023,
        112.4505357413,
        112.4373221093,
        112.7473578403,
        112.3819118343,
        112.7530316533,
        112.4990169453
      ],
      "exit_codes": [
        0,
        0,
        0,
        0,
        0,
        0,
        0,
        0,
        0,
        0
      ]
    }
  ]
}
