{
  "results": [
    {
      "command": "cargo build --jobs 16 --release --example breakout",
      "mean": 72.54577919758,
      "stddev": 0.5729042893555025,
      "median": 72.59386917168001,
      "user": 1061.0619710600001,
      "system": 27.977230259999992,
      "min": 71.72703294268,
      "max": 73.75168869668,
      "times": [
        72.84259089868,
        72.08153631968,
        72.67222723468001,
        71.96359417768001,
        73.75168869668,
        71.72703294268,
        72.51551110868,
        72.79191376268,
        72.78947469368,
        72.32222214068
      ],
      "exit_codes": [
        0,
        0,
        0,
        0,
        0,
        0,
        0,
        0,
        0,
        0
      ]
    }
  ]
}
