{
  "results": [
    {
      "command": "cargo build --jobs 8 --release --example breakout",
      "mean": 112.17087569366001,
      "stddev": 0.1389301324671135,
      "median": 112.19934686706,
      "user": 843.8389493400002,
      "system": 22.344092999999997,
      "min": 111.93545955006,
      "max": 112.39680121106,
      "times": [
        112.23568958106,
        112.18783038206,
        112.39680121106,
        112.12784458906,
        112.05243078005999,
        112.02480429606,
        112.31790587806,
        112.21912731706,
        111.93545955006,
        112.21086335206
      ],
      "exit_codes": [
        0,
        0,
        0,
        0,
        0,
        0,
        0,
        0,
        0,
        0
      ]
    }
  ]
}
