{
  "results": [
    {
      "command": "cargo build --release --example breakout",
      "mean": 72.8184465992,
      "stddev": 0.18747076666198254,
      "median": 72.84259572090001,
      "user": 1399.83551458,
      "system": 40.1517097,
      "min": 72.4355607434,
      "max": 73.11345666540001,
      "times": [
        72.84037110940001,
        72.8448203324,
        72.84998225940001,
        72.4355607434,
        72.9108525404,
        73.11345666540001,
        72.7932937714,
        72.6421187894,
        73.0062007794,
        72.7478090014
      ],
      "exit_codes": [
        0,
        0,
        0,
        0,
        0,
        0,
        0,
        0,
        0,
        0
      ]
    }
  ]
}
