{
  "results": [
    {
      "command": "cargo build --jobs 16 --release --example breakout",
      "mean": 70.68198503286,
      "stddev": 0.5685266889224341,
      "median": 70.72870996396,
      "user": 997.5276336199998,
      "system": 27.271751559999995,
      "min": 69.90622459945999,
      "max": 71.51830770945999,
      "times": [
        69.90622459945999,
        70.93197179346,
        71.04645002545999,
        70.39584044646,
        70.20984026746,
        69.93435084346,
        71.41944471545999,
        70.71344764746,
        70.74397228046,
        71.51830770945999
      ],
      "exit_codes": [
        0,
        0,
        0,
        0,
        0,
        0,
        0,
        0,
        0,
        0
      ]
    }
  ]
}
