{
  "results": [
    {
      "command": "cargo build --jobs 8 --release --example breakout",
      "mean": 105.95766168676,
      "stddev": 0.4678021253212599,
      "median": 105.86410468176001,
      "user": 798.8517924,
      "system": 21.745133900000003,
      "min": 105.41524506276001,
      "max": 106.62539798776,
      "times": [
        106.56414282576,
        106.62539798776,
        105.73348245076001,
        106.37407246376,
        105.44747429676,
        106.25012204876,
        105.81361424176,
        105.41524506276001,
        105.91459512176,
        105.43847036776
      ],
      "exit_codes": [
        0,
        0,
        0,
        0,
        0,
        0,
        0,
        0,
        0,
        0
      ]
    }
  ]
}
