{
  "results": [
    {
      "command": "cargo build --jobs 8 --release --example breakout",
      "mean": 104.56502117532,
      "stddev": 0.3361708687096054,
      "median": 104.62752410671999,
      "user": 785.89260816,
      "system": 21.58805966,
      "min": 103.68236577722,
      "max": 104.91473558522,
      "times": [
        104.91473558522,
        103.68236577722,
        104.82355127321999,
        104.64050433122,
        104.58822678221999,
        104.72502704322,
        104.65102693522,
        104.50776916321999,
        104.50246098022,
        104.61454388221999
      ],
      "exit_codes": [
        0,
        0,
        0,
        0,
        0,
        0,
        0,
        0,
        0,
        0
      ]
    }
  ]
}
