{
  "results": [
    {
      "command": "cargo build --jobs 16 --release --example breakout",
      "mean": 69.61067422884,
      "stddev": 0.4248822353695821,
      "median": 69.48396818104,
      "user": 981.3022406,
      "system": 27.064676660000003,
      "min": 69.15817886554,
      "max": 70.38696862453999,
      "times": [
        69.44018445254,
        70.09050712754,
        69.52775190954,
        69.74430264354,
        69.37369078853999,
        69.15817886554,
        70.38696862453999,
        69.19376285054,
        69.98484741454,
        69.20654761153999
      ],
      "exit_codes": [
        0,
        0,
        0,
        0,
        0,
        0,
        0,
        0,
        0,
        0
      ]
    }
  ]
}
