{
  "results": [
    {
      "command": "cargo build --jobs 8 --release --example breakout",
      "mean": 112.19846220052003,
      "stddev": 0.06336189201743476,
      "median": 112.20086317742,
      "user": 846.49312826,
      "system": 22.152397299999997,
      "min": 112.09977662192,
      "max": 112.30485758892,
      "times": [
        112.21938362392001,
        112.11763875992,
        112.30485758892,
        112.25761598492001,
        112.20452775092001,
        112.14773192892001,
        112.24277786792,
        112.19311327392,
        112.09977662192,
        112.19719860392
      ],
      "exit_codes": [
        0,
        0,
        0,
        0,
        0,
        0,
        0,
        0,
        0,
        0
      ]
    }
  ]
}
