{
  "results": [
    {
      "command": "cargo build --release --example breakout",
      "mean": 73.56343925096,
      "stddev": 0.21452206500966906,
      "median": 73.49910031996001,
      "user": 1411.8939124999997,
      "system": 39.73298817999999,
      "min": 73.31750232096,
      "max": 73.86378799996001,
      "times": [
        73.84902761896001,
        73.35231689096001,
        73.31750232096,
        73.40752399596,
        73.37069284696001,
        73.50575918296,
        73.79601621996001,
        73.86378799996001,
        73.49244145696001,
        73.67932397596
      ],
      "exit_codes": [
        0,
        0,
        0,
        0,
        0,
        0,
        0,
        0,
        0,
        0
      ]
    }
  ]
}
