{
  "results": [
    {
      "command": "cargo build --jobs 16 --release --example breakout",
      "mean": 73.97209769862,
      "stddev": 0.5523370744986273,
      "median": 73.86864896132,
      "user": 1059.7122341200002,
      "system": 27.739624299999996,
      "min": 73.40074307482001,
      "max": 74.96507277382001,
      "times": [
        73.40074307482001,
        73.92214708182,
        73.58865557882001,
        74.96507277382001,
        73.52849394382001,
        74.78561631982001,
        74.27619376282,
        73.81515084082001,
        74.01974682582001,
        73.41915678382
      ],
      "exit_codes": [
        0,
        0,
        0,
        0,
        0,
        0,
        0,
        0,
        0,
        0
      ]
    }
  ]
}
