{
  "results": [
    {
      "command": "cargo build --jobs 16 --release --example breakout",
      "mean": 71.40869711546001,
      "stddev": 0.6262474791791599,
      "median": 71.27073949856,
      "user": 1012.5852716399999,
      "system": 27.395017239999994,
      "min": 70.76724322706,
      "max": 72.59912187006,
      "times": [
        71.51541535406001,
        71.16157465606001,
        71.37990434106001,
        71.60925262206001,
        70.76724322706,
        72.32324871706001,
        70.94357955906001,
        70.94200152806,
        70.84562928006001,
        72.59912187006
      ],
      "exit_codes": [
        0,
        0,
        0,
        0,
        0,
        0,
        0,
        0,
        0,
        0
      ]
    }
  ]
}
