{
  "results": [
    {
      "command": "cargo build --jobs 8 --release --example breakout",
      "mean": 107.53311173088,
      "stddev": 0.422706881574021,
      "median": 107.63078428297999,
      "user": 810.4123778199998,
      "system": 21.7952266,
      "min": 106.74570300248,
      "max": 107.97376819748,
      "times": [
        107.88706362348,
        107.55299828448,
        107.70857028148,
        106.74570300248,
        107.51355414247999,
        107.87605324548,
        106.83709273648,
        107.97376819748,
        107.71958923748,
        107.51672455748
      ],
      "exit_codes": [
        0,
        0,
        0,
        0,
        0,
        0,
        0,
        0,
        0,
        0
      ]
    }
  ]
}
