{
  "results": [
    {
      "command": "cargo build --release --example breakout",
      "mean": 71.61486548154,
      "stddev": 0.27954917622859454,
      "median": 71.57745718793998,
      "user": 1340.5525075,
      "system": 38.91087618,
      "min": 71.22393888094,
      "max": 72.08240378993999,
      "times": [
        71.66594840594,
        71.28398063894,
        72.08240378993999,
        71.57813161393999,
        71.57678276194,
        71.41017989193999,
        71.53596997794,
        71.22393888094,
        71.97052235193999,
        71.82079650194
      ],
      "exit_codes": [
        0,
        0,
        0,
        0,
        0,
        0,
        0,
        0,
        0,
        0
      ]
    }
  ]
}
