{
  "results": [
    {
      "command": "cargo build --jobs 16 --release --example breakout",
      "mean": 74.27154903014,
      "stddev": 0.46856386202611205,
      "median": 74.12182847744,
      "user": 1065.46614562,
      "system": 27.778778639999995,
      "min": 73.69006272994,
      "max": 75.26741205294,
      "times": [
        74.54612010094,
        74.12395368994001,
        74.09389331894,
        74.11970326494,
        73.95654610794,
        73.91148269294,
        74.78435811394,
        73.69006272994,
        75.26741205294,
        74.22195822894
      ],
      "exit_codes": [
        0,
        0,
        0,
        0,
        0,
        0,
        0,
        0,
        0,
        0
      ]
    }
  ]
}
