{
  "results": [
    {
      "command": "cargo build --jobs 8 --release --example breakout",
      "mean": 112.69911987598,
      "stddev": 0.3140844238093435,
      "median": 112.72507841788,
      "user": 850.6486276399999,
      "system": 22.23677754,
      "min": 112.20434022437999,
      "max": 113.15959977537999,
      "times": [
        113.15959977537999,
        113.06965430337999,
        112.68806760138,
        112.65108350237999,
        112.26111564937999,
        112.87388097537999,
        112.20434022437999,
        112.83669258437999,
        112.76208923438,
        112.48467490937999
      ],
      "exit_codes": [
        0,
        0,
        0,
        0,
        0,
        0,
        0,
        0,
        0,
        0
      ]
    }
  ]
}
