{
  "results": [
    {
      "command": "cargo build --release --example breakout",
      "mean": 73.88358008322,
      "stddev": 0.31213743478263983,
      "median": 73.91528325772,
      "user": 1413.2655693999998,
      "system": 39.58579551999999,
      "min": 73.37737735172,
      "max": 74.31650071172,
      "times": [
        74.02008667172,
        73.49888165371999,
        74.11161433872,
        73.37737735172,
        74.26534906372,
        73.89559167672,
        74.31650071172,
        73.75347109472,
        73.93497483872,
        73.66195343072
      ],
      "exit_codes": [
        0,
        0,
        0,
        0,
        0,
        0,
        0,
        0,
        0,
        0
      ]
    }
  ]
}
