{
  "results": [
    {
      "command": "cargo build --jobs 8 --release --example breakout",
      "mean": 112.09737174794,
      "stddev": 0.09120229863918332,
      "median": 112.10741915544,
      "user": 846.5307857199999,
      "system": 22.050689719999998,
      "min": 111.92894971944,
      "max": 112.26046168944,
      "times": [
        112.08961945744001,
        112.15829269344,
        112.11620600044,
        112.14364393944,
        112.11874734844001,
        111.98497409644,
        111.92894971944,
        112.07419022444,
        112.09863231044001,
        112.26046168944
      ],
      "exit_codes": [
        0,
        0,
        0,
        0,
        0,
        0,
        0,
        0,
        0,
        0
      ]
    }
  ]
}
