{
  "results": [
    {
      "command": "cargo build --jobs 16 --release --example breakout",
      "mean": 73.78502306044,
      "stddev": 0.6583931872041997,
      "median": 73.77629738104,
      "user": 1061.05978138,
      "system": 27.6009465,
      "min": 72.45426956403999,
      "max": 74.56529849703999,
      "times": [
        73.75561454204,
        73.67664771403999,
        74.56529849703999,
        74.21940544803999,
        74.30939110704,
        72.45426956403999,
        73.17871039004,
        73.38787841503999,
        74.50603470703999,
        73.79698022004
      ],
      "exit_codes": [
        0,
        0,
        0,
        0,
        0,
        0,
        0,
        0,
        0,
        0
      ]
    }
  ]
}
