{
  "results": [
    {
      "command": "cargo build --release --example breakout",
      "mean": 72.91794410422001,
      "stddev": 0.235673914527675,
      "median": 72.89846599751999,
      "user": 1403.8735398999997,
      "system": 39.77237864,
      "min": 72.52668662652,
      "max": 73.24013418952,
      "times": [
        72.86340864652,
        73.19222423352001,
        72.73982143752,
        73.01689807952,
        72.66839325452,
        73.24013418952,
        72.84498069352,
        72.93352334852,
        72.52668662652,
        73.15337053252
      ],
      "exit_codes": [
        0,
        0,
        0,
        0,
        0,
        0,
        0,
        0,
        0,
        0
      ]
    }
  ]
}
