{
  "results": [
    {
      "command": "cargo build --jobs 8 --release --example breakout",
      "mean": 112.43223535060001,
      "stddev": 0.09213968317695001,
      "median": 112.4205170519,
      "user": 842.7207345,
      "system": 22.46507256,
      "min": 112.28380752490001,
      "max": 112.5673577629,
      "times": [
        112.5673577629,
        112.3642416479,
        112.3693833269,
        112.44422964990001,
        112.37720635790001,
        112.56679177890001,
        112.3968044539,
        112.28380752490001,
        112.50008715390001,
        112.4524438489
      ],
      "exit_codes": [
        0,
        0,
        0,
        0,
        0,
        0,
        0,
        0,
        0,
        0
      ]
    }
  ]
}
