{
  "results": [
    {
      "command": "cargo build --jobs 16 --release --example breakout",
      "mean": 72.52777248945999,
      "stddev": 0.45675496915492697,
      "median": 72.47662750646,
      "user": 1058.8778975599998,
      "system": 28.070629039999993,
      "min": 71.86511530646,
      "max": 73.21067458946,
      "times": [
        73.21067458946,
        72.25275961346,
        71.99185879646001,
        73.01529623246,
        72.58636515546,
        72.57123377446,
        72.32376039746,
        72.38202123846,
        73.07863979046,
        71.86511530646
      ],
      "exit_codes": [
        0,
        0,
        0,
        0,
        0,
        0,
        0,
        0,
        0,
        0
      ]
    }
  ]
}
