{
  "results": [
    {
      "command": "cargo build --jobs 8 --release --example breakout",
      "mean": 111.84731512818,
      "stddev": 0.1544081667515922,
      "median": 111.83530296568,
      "user": 847.6306685,
      "system": 22.22467572,
      "min": 111.65282123218,
      "max": 112.13603247318,
      "times": [
        111.99772164418,
        111.68848544117999,
        111.65282123218,
        111.69645519518,
        111.85385230318,
        112.13603247318,
        111.79188070418,
        111.98396046218,
        111.81675362818,
        111.85518819818
      ],
      "exit_codes": [
        0,
        0,
        0,
        0,
        0,
        0,
        0,
        0,
        0,
        0
      ]
    }
  ]
}
