{
  "results": [
    {
      "command": "cargo build --release --example breakout",
      "mean": 73.63247459452,
      "stddev": 0.1667358170901467,
      "median": 73.62934279092,
      "user": 1408.6154743,
      "system": 39.52140526,
      "min": 73.38443991492001,
      "max": 73.82550911892001,
      "times": [
        73.38443991492001,
        73.57887223092,
        73.80227683592001,
        73.82550911892001,
        73.39647919192001,
        73.59342982192001,
        73.51102712392,
        73.80517981892001,
        73.66525575992,
        73.76227612792
      ],
      "exit_codes": [
        0,
        0,
        0,
        0,
        0,
        0,
        0,
        0,
        0,
        0
      ]
    }
  ]
}
