{
  "results": [
    {
      "command": "cargo build --jobs 16 --release --example breakout",
      "mean": 73.47145906958,
      "stddev": 0.648351938696309,
      "median": 73.37051996427999,
      "user": 1060.55168084,
      "system": 27.75959376,
      "min": 72.79352052828,
      "max": 74.57182748027999,
      "times": [
        73.58184404028,
        73.23249990827999,
        74.22306249728,
        72.87952794227999,
        72.94108922928,
        74.14126132727999,
        72.84141772228,
        74.57182748027999,
        73.50854002028,
        72.79352052828
      ],
      "exit_codes": [
        0,
        0,
        0,
        0,
        0,
        0,
        0,
        0,
        0,
        0
      ]
    }
  ]
}
