{
  "results": [
    {
      "command": "cargo build --jobs 16 --release --example breakout",
      "mean": 71.15417479226001,
      "stddev": 0.7488678388850184,
      "median": 71.25410274026001,
      "user": 1013.9196608600001,
      "system": 27.213367159999997,
      "min": 69.76937353626,
      "max": 72.26650591626,
      "times": [
        71.80898608926,
        71.11104515626,
        71.29215592826,
        71.52366502526,
        72.26650591626,
        71.16772579426001,
        71.35528289726001,
        71.21604955226,
        69.76937353626,
        70.03095802726
      ],
      "exit_codes": [
        0,
        0,
        0,
        0,
        0,
        0,
        0,
        0,
        0,
        0
      ]
    }
  ]
}
