{
  "results": [
    {
      "command": "cargo build --jobs 8 --release --example breakout",
      "mean": 107.45429440376002,
      "stddev": 0.7035273336871994,
      "median": 107.04883305415999,
      "user": 810.7579218999999,
      "system": 21.735098479999998,
      "min": 106.81271173116,
      "max": 108.51584278616,
      "times": [
        107.03637403015999,
        108.51584278616,
        108.33555498615999,
        107.06129207816,
        106.81271173116,
        107.94327547716,
        106.89720811016,
        108.20717327516,
        106.90940035915999,
        106.82411120415999
      ],
      "exit_codes": [
        0,
        0,
        0,
        0,
        0,
        0,
        0,
        0,
        0,
        0
      ]
    }
  ]
}
