{
  "results": [
    {
      "command": "cargo build --jobs 8 --release --example breakout",
      "mean": 111.65305992984,
      "stddev": 0.13019475448737097,
      "median": 111.61642848253999,
      "user": 838.50882312,
      "system": 22.342323320000002,
      "min": 111.43362068654,
      "max": 111.82699638954,
      "times": [
        111.73674884853999,
        111.51574694553999,
        111.60913456653999,
        111.75934174653999,
        111.61535822053999,
        111.82699638954,
        111.82280442954,
        111.59334872053999,
        111.43362068654,
        111.61749874453999
      ],
      "exit_codes": [
        0,
        0,
        0,
        0,
        0,
        0,
        0,
        0,
        0,
        0
      ]
    }
  ]
}
