{
  "results": [
    {
      "command": "cargo build --jobs 16 --release --example breakout",
      "mean": 72.19959475294002,
      "stddev": 0.893706898052261,
      "median": 71.91142337424,
      "user": 1053.43675792,
      "system": 27.838445659999998,
      "min": 71.19013585674,
      "max": 73.44109233974001,
      "times": [
        73.40027937774,
        72.16975396474001,
        71.36256057674001,
        71.65309278374001,
        71.42421480374,
        72.77916645574001,
        71.19013585674,
        73.44109233974001,
        71.50246806574,
        73.07318330474001
      ],
      "exit_codes": [
        0,
        0,
        0,
        0,
        0,
        0,
        0,
        0,
        0,
        0
      ]
    }
  ]
}
