{
  "results": [
    {
      "command": "cargo build --release --example breakout",
      "mean": 72.43380502035998,
      "stddev": 0.11232309967630712,
      "median": 72.38743876786,
      "user": 1393.6466513399996,
      "system": 39.859761739999996,
      "min": 72.33755663936,
      "max": 72.65063471636,
      "times": [
        72.41487305736,
        72.65063471636,
        72.33755663936,
        72.36523894136,
        72.47901206936,
        72.34938777936,
        72.35313392836,
        72.38670517935999,
        72.38817235636,
        72.61333553636
      ],
      "exit_codes": [
        0,
        0,
        0,
        0,
        0,
        0,
        0,
        0,
        0,
        0
      ]
    }
  ]
}
