{
  "results": [
    {
      "command": "cargo build --jobs 8 --release --example breakout",
      "mean": 110.50901976306,
      "stddev": 0.11872883617898893,
      "median": 110.49175953406,
      "user": 832.17406938,
      "system": 21.96966044,
      "min": 110.36376556955999,
      "max": 110.68047490155999,
      "times": [
        110.61701089756,
        110.61901659156,
        110.49202634155999,
        110.49149272656,
        110.63094554256,
        110.40590918256,
        110.40919574655999,
        110.38036013055999,
        110.68047490155999,
        110.36376556955999
      ],
      "exit_codes": [
        0,
        0,
        0,
        0,
        0,
        0,
        0,
        0,
        0,
        0
      ]
    }
  ]
}
