{
  "results": [
    {
      "command": "cargo build --jobs 16 --release --example breakout",
      "mean": 73.2386813016,
      "stddev": 1.1233938074402168,
      "median": 72.9426633432,
      "user": 1041.35186868,
      "system": 27.673168979999996,
      "min": 71.8964224322,
      "max": 74.9656282032,
      "times": [
        71.93799204919999,
        72.6776705272,
        74.9656282032,
        72.4720460042,
        74.7571749132,
        74.4448634272,
        73.3496887732,
        71.8964224322,
        72.8169872602,
        73.0683394262
      ],
      "exit_codes": [
        0,
        0,
        0,
        0,
        0,
        0,
        0,
        0,
        0,
        0
      ]
    }
  ]
}
