{
  "results": [
    {
      "command": "cargo build --release --example breakout",
      "mean": 73.77527005946,
      "stddev": 0.18953657044845768,
      "median": 73.77089105026,
      "user": 1408.4698458399998,
      "system": 39.48512254,
      "min": 73.36181245776001,
      "max": 73.98413392776,
      "times": [
        73.89331940376,
        73.72360497876001,
        73.72124331376,
        73.63626685476001,
        73.71086355376,
        73.92249824376,
        73.98413392776,
        73.98078073876,
        73.81817712176,
        73.36181245776001
      ],
      "exit_codes": [
        0,
        0,
        0,
        0,
        0,
        0,
        0,
        0,
        0,
        0
      ]
    }
  ]
}
