{
  "results": [
    {
      "command": "cargo build --jobs 16 --release --example breakout",
      "mean": 73.74857822924,
      "stddev": 0.5264373610671771,
      "median": 73.93914457874,
      "user": 1060.2431580200002,
      "system": 27.735385019999995,
      "min": 72.69217413573999,
      "max": 74.32103507174,
      "times": [
        72.69217413573999,
        73.36235047474,
        73.99208995474,
        74.10616421974,
        73.88619920274,
        74.32103507174,
        73.64544042774,
        74.02784716974,
        73.17595605874,
        74.27652557674
      ],
      "exit_codes": [
        0,
        0,
        0,
        0,
        0,
        0,
        0,
        0,
        0,
        0
      ]
    }
  ]
}
