{
  "results": [
    {
      "command": "cargo build --jobs 8 --release --example breakout",
      "mean": 112.16148743256,
      "stddev": 0.11790891972692386,
      "median": 112.20106027156001,
      "user": 846.2323477799997,
      "system": 22.039462419999996,
      "min": 111.91517605506,
      "max": 112.30020064205999,
      "times": [
        112.05621524506,
        112.22816586206,
        112.05590271806,
        112.30020064205999,
        112.26665514305999,
        112.16771877506,
        111.91517605506,
        112.22271934206,
        112.21772085006,
        112.18439969306
      ],
      "exit_codes": [
        0,
        0,
        0,
        0,
        0,
        0,
        0,
        0,
        0,
        0
      ]
    }
  ]
}
