{
  "results": [
    {
      "command": "cargo build --jobs 16 --release --example breakout",
      "mean": 73.55760906056,
      "stddev": 0.49904030549335754,
      "median": 73.55758831936,
      "user": 1060.6696570999998,
      "system": 27.786447179999993,
      "min": 73.00161474436,
      "max": 74.54260128435999,
      "times": [
        73.27748107436,
        73.00161474436,
        73.58686756936,
        73.86583592135999,
        73.52830906935999,
        74.04240134636,
        73.03222116036,
        74.54260128435999,
        73.65684165536,
        73.04191678036
      ],
      "exit_codes": [
        0,
        0,
        0,
        0,
        0,
        0,
        0,
        0,
        0,
        0
      ]
    }
  ]
}
