{
  "results": [
    {
      "command": "cargo build --jobs 8 --release --example breakout",
      "mean": 111.97875427857998,
      "stddev": 0.10422496271029033,
      "median": 111.97663878698,
      "user": 847.03587726,
      "system": 22.23794928,
      "min": 111.82726825248,
      "max": 112.15377606247999,
      "times": [
        111.95027436648,
        111.87473230648,
        112.05102921148,
        112.03864026848,
        112.00300320747999,
        112.15377606247999,
        111.82726825248,
        111.88641641347999,
        111.91867487648,
        112.08372782048
      ],
      "exit_codes": [
        0,
        0,
        0,
        0,
        0,
        0,
        0,
        0,
        0,
        0
      ]
    }
  ]
}
