{
  "results": [
    {
      "command": "cargo build --release --example breakout",
      "mean": 73.44695424084,
      "stddev": 0.16486125196218576,
      "median": 73.43870389253999,
      "user": 1413.1188912999999,
      "system": 39.602703559999995,
      "min": 73.21712833453999,
      "max": 73.69100971454,
      "times": [
        73.40045758754,
        73.49398626854,
        73.65189865053999,
        73.69100971454,
        73.36893232054,
        73.47695019753999,
        73.26483212554,
        73.21712833453999,
        73.60324276554,
        73.30110444354
      ],
      "exit_codes": [
        0,
        0,
        0,
        0,
        0,
        0,
        0,
        0,
        0,
        0
      ]
    }
  ]
}
