{
  "results": [
    {
      "command": "cargo build --jobs 8 --release --example breakout",
      "mean": 112.51240162308,
      "stddev": 0.203244831983767,
      "median": 112.47325211598,
      "user": 847.57957274,
      "system": 22.173335700000003,
      "min": 112.20914534648,
      "max": 112.79383310948,
      "times": [
        112.75347720548001,
        112.37203009648,
        112.66901734348001,
        112.28005675248001,
        112.41392987548001,
        112.44710160648,
        112.68602226948,
        112.49940262548,
        112.79383310948,
        112.20914534648
      ],
      "exit_codes": [
        0,
        0,
        0,
        0,
        0,
        0,
        0,
        0,
        0,
        0
      ]
    }
  ]
}
