{
  "results": [
    {
      "command": "cargo build --jobs 16 --release --example breakout",
      "mean": 73.72708769805999,
      "stddev": 0.7237891736377055,
      "median": 73.77813550876,
      "user": 1061.80392818,
      "system": 27.662466220000006,
      "min": 72.85346579826,
      "max": 74.74829908826,
      "times": [
        74.74829908826,
        73.76459867526,
        73.79167234226,
        74.37456159426,
        72.85346579826,
        73.15171797725999,
        74.63689340726,
        73.04264378226,
        74.04807120326,
        72.85895311226
      ],
      "exit_codes": [
        0,
        0,
        0,
        0,
        0,
        0,
        0,
        0,
        0,
        0
      ]
    }
  ]
}
