{
  "results": [
    {
      "command": "cargo build --release --example breakout",
      "mean": 73.4627346745,
      "stddev": 0.1630124675569184,
      "median": 73.4729797808,
      "user": 1404.62989788,
      "system": 39.64888394,
      "min": 73.0851120083,
      "max": 73.6761927273,
      "times": [
        73.6761927273,
        73.3469654343,
        73.4580203403,
        73.4416659683,
        73.0851120083,
        73.46905489230001,
        73.5361811963,
        73.6359492933,
        73.5013002153,
        73.4769046693
      ],
      "exit_codes": [
        0,
        0,
        0,
        0,
        0,
        0,
        0,
        0,
        0,
        0
      ]
    }
  ]
}
