{
  "results": [
    {
      "command": "cargo build --jobs 16 --release --example breakout",
      "mean": 72.25627995255999,
      "stddev": 0.21957907920796246,
      "median": 72.23041565156,
      "user": 1067.6009405999998,
      "system": 27.848020199999997,
      "min": 71.99124878156,
      "max": 72.75854482056,
      "times": [
        72.06768030655999,
        72.20448818556,
        72.34248468256,
        72.16703168555999,
        72.42690330956,
        72.75854482056,
        72.08704745956,
        72.26102717655999,
        72.25634311756,
        71.99124878156
      ],
      "exit_codes": [
        0,
        0,
        0,
        0,
        0,
        0,
        0,
        0,
        0,
        0
      ]
    }
  ]
}
