{
  "results": [
    {
      "command": "cargo build --jobs 8 --release --example breakout",
      "mean": 112.23027057274001,
      "stddev": 0.22603078274824484,
      "median": 112.25473596474001,
      "user": 847.7655308,
      "system": 22.43696758,
      "min": 111.88159508273999,
      "max": 112.61792325873999,
      "times": [
        112.36805158874,
        112.41677710274,
        111.88159508273999,
        112.34769917474,
        112.61792325873999,
        112.13603954474,
        112.06891330874,
        111.95623473674,
        112.18693531474,
        112.32253661474
      ],
      "exit_codes": [
        0,
        0,
        0,
        0,
        0,
        0,
        0,
        0,
        0,
        0
      ]
    }
  ]
}
