{
  "results": [
    {
      "command": "cargo build --jobs 16 --release --example breakout",
      "mean": 74.11146309344,
      "stddev": 0.6069545414024025,
      "median": 73.92509791094,
      "user": 1061.7692768400002,
      "system": 27.91293794,
      "min": 73.35479970144,
      "max": 75.20879233644,
      "times": [
        73.88388424244,
        73.96263997844001,
        74.08034925744,
        73.71674930244001,
        73.56775938344,
        75.20879233644,
        73.88755584344,
        75.04775098544,
        74.40434990344,
        73.35479970144
      ],
      "exit_codes": [
        0,
        0,
        0,
        0,
        0,
        0,
        0,
        0,
        0,
        0
      ]
    }
  ]
}
