{
  "results": [
    {
      "command": "cargo build --release --example breakout",
      "mean": 73.93579872373999,
      "stddev": 0.1558956392134622,
      "median": 73.93853258714,
      "user": 1412.8969007199998,
      "system": 39.72009554,
      "min": 73.70014521713999,
      "max": 74.23566971714,
      "times": [
        73.92723582414,
        73.93962039214,
        74.23566971714,
        73.99899837714,
        73.71997673914,
        73.97766365314,
        73.70014521713999,
        73.93744478213999,
        73.86155212514,
        74.05968041013999
      ],
      "exit_codes": [
        0,
        0,
        0,
        0,
        0,
        0,
        0,
        0,
        0,
        0
      ]
    }
  ]
}
