{
  "results": [
    {
      "command": "cargo build --jobs 8 --release --example breakout",
      "mean": 112.2162005638,
      "stddev": 0.0731074971440231,
      "median": 112.2241510348,
      "user": 847.57914964,
      "system": 22.15105408,
      "min": 112.1334719428,
      "max": 112.37637059180001,
      "times": [
        112.2220910038,
        112.23555759780001,
        112.14623230880001,
        112.2684793768,
        112.1790048048,
        112.14033127980001,
        112.37637059180001,
        112.2342556658,
        112.1334719428,
        112.2262110658
      ],
      "exit_codes": [
        0,
        0,
        0,
        0,
        0,
        0,
        0,
        0,
        0,
        0
      ]
    }
  ]
}
