{
  "results": [
    {
      "command": "cargo build --release --example breakout",
      "mean": 72.84223834412,
      "stddev": 0.26005684197567874,
      "median": 72.78063553932,
      "user": 1371.3706803599998,
      "system": 39.21703298,
      "min": 72.55447222532001,
      "max": 73.30327190532,
      "times": [
        72.94131739832001,
        72.64719631332001,
        72.57633488632001,
        72.84602436932,
        72.66066079132001,
        73.30327190532,
        73.19828542732,
        72.97957341532,
        72.71524670932001,
        72.55447222532001
      ],
      "exit_codes": [
        0,
        0,
        0,
        0,
        0,
        0,
        0,
        0,
        0,
        0
      ]
    }
  ]
}
