{
  "results": [
    {
      "command": "cargo build --jobs 8 --release --example breakout",
      "mean": 109.46058381878001,
      "stddev": 0.12799986590226922,
      "median": 109.44066362978,
      "user": 826.1661855599999,
      "system": 21.905801340000004,
      "min": 109.27317355528001,
      "max": 109.63808726628001,
      "times": [
        109.27317355528001,
        109.37208348928,
        109.31736132828,
        109.61606798828001,
        109.41895197528001,
        109.54430263328,
        109.57832681228001,
        109.63808726628001,
        109.46237528428,
        109.38510785528
      ],
      "exit_codes": [
        0,
        0,
        0,
        0,
        0,
        0,
        0,
        0,
        0,
        0
      ]
    }
  ]
}
