{
  "results": [
    {
      "command": "cargo build --jobs 16 --release --example breakout",
      "mean": 72.33065924569999,
      "stddev": 0.5811784984183564,
      "median": 72.3300028326,
      "user": 1031.19866544,
      "system": 27.52027634,
      "min": 71.4461007701,
      "max": 73.2076081211,
      "times": [
        71.56329467009999,
        73.2076081211,
        72.4324161011,
        72.6616802491,
        72.2259057451,
        71.4461007701,
        73.1315307771,
        72.3684270901,
        72.2915785751,
        71.97805035809999
      ],
      "exit_codes": [
        0,
        0,
        0,
        0,
        0,
        0,
        0,
        0,
        0,
        0
      ]
    }
  ]
}
