{
  "results": [
    {
      "command": "cargo build --jobs 16 --release --example breakout",
      "mean": 72.75060111703999,
      "stddev": 0.568359055143738,
      "median": 72.54894798634,
      "user": 1030.97946428,
      "system": 27.579415899999997,
      "min": 72.10827526284,
      "max": 73.67400343983999,
      "times": [
        72.42860083683999,
        73.67400343983999,
        72.34229446084,
        72.61213364283999,
        73.42237614284,
        72.23859269884,
        72.10827526284,
        72.69144768983999,
        72.48576232984,
        73.50252466584
      ],
      "exit_codes": [
        0,
        0,
        0,
        0,
        0,
        0,
        0,
        0,
        0,
        0
      ]
    }
  ]
}
