{
  "results": [
    {
      "command": "cargo build --jobs 8 --release --example breakout",
      "mean": 109.11985384168,
      "stddev": 0.1553052115225187,
      "median": 109.11493376748001,
      "user": 824.39394664,
      "system": 21.8925937,
      "min": 108.91895380048001,
      "max": 109.40751576148,
      "times": [
        109.40751576148,
        108.99590021048,
        109.25741252048,
        109.13694762948,
        109.09291990548,
        109.23886804148,
        109.03272722548,
        108.91895380048001,
        109.17992027648,
        108.93737304548
      ],
      "exit_codes": [
        0,
        0,
        0,
        0,
        0,
        0,
        0,
        0,
        0,
        0
      ]
    }
  ]
}
