{
  "results": [
    {
      "command": "cargo build --jobs 16 --release --example breakout",
      "mean": 72.98685945032,
      "stddev": 0.4996920724692097,
      "median": 72.89210107422,
      "user": 1041.29176692,
      "system": 27.601933300000002,
      "min": 72.24322002022,
      "max": 73.86974757521999,
      "times": [
        72.76099578422,
        72.48850158622,
        72.99163634722,
        72.24322002022,
        73.59353849422,
        73.38809456621999,
        72.96823702921999,
        72.81596511922,
        73.86974757521999,
        72.74865798121999
      ],
      "exit_codes": [
        0,
        0,
        0,
        0,
        0,
        0,
        0,
        0,
        0,
        0
      ]
    }
  ]
}
