{
  "results": [
    {
      "command": "cargo build --jobs 8 --release --example breakout",
      "mean": 110.41032490079999,
      "stddev": 0.16144102391339402,
      "median": 110.38265927750001,
      "user": 832.04008032,
      "system": 21.973209860000004,
      "min": 110.193102693,
      "max": 110.69201714900001,
      "times": [
        110.69201714900001,
        110.34329932,
        110.48395409400001,
        110.193102693,
        110.53253452000001,
        110.223711214,
        110.58536009900001,
        110.37214935300001,
        110.39316920200001,
        110.283951364
      ],
      "exit_codes": [
        0,
        0,
        0,
        0,
        0,
        0,
        0,
        0,
        0,
        0
      ]
    }
  ]
}
