{
  "results": [
    {
      "command": "cargo build --release --example breakout",
      "mean": 73.12648731076,
      "stddev": 0.15272909251085803,
      "median": 73.08378965856,
      "user": 1405.06174866,
      "system": 39.76661052,
      "min": 72.95821908856,
      "max": 73.47781200656,
      "times": [
        73.11748474256001,
        73.07856485456,
        73.23392456456,
        73.08901446256,
        72.95821908856,
        73.07696283656,
        72.97590911256,
        73.03432792356,
        73.22265351556,
        73.47781200656
      ],
      "exit_codes": [
        0,
        0,
        0,
        0,
        0,
        0,
        0,
        0,
        0,
        0
      ]
    }
  ]
}
