{
  "results": [
    {
      "command": "cargo build --jobs 8 --release --example breakout",
      "mean": 112.2292814391,
      "stddev": 0.07627988871601585,
      "median": 112.2232988382,
      "user": 842.52387098,
      "system": 22.470716819999996,
      "min": 112.1087555887,
      "max": 112.3302452647,
      "times": [
        112.1445337747,
        112.31027565870001,
        112.2367361697,
        112.2098615067,
        112.1087555887,
        112.1921206607,
        112.1870475127,
        112.3302452647,
        112.2434182467,
        112.32982000770001
      ],
      "exit_codes": [
        0,
        0,
        0,
        0,
        0,
        0,
        0,
        0,
        0,
        0
      ]
    }
  ]
}
