{
  "results": [
    {
      "command": "cargo build --jobs 16 --release --example breakout",
      "mean": 72.78798675217999,
      "stddev": 0.4041098260417621,
      "median": 72.78664455558,
      "user": 1059.0104388,
      "system": 27.97184864,
      "min": 72.13875975107999,
      "max": 73.67980528908,
      "times": [
        72.83864791008,
        72.62287317408,
        72.13875975107999,
        73.04813407708,
        72.40803298508,
        72.85798082007999,
        72.80099171708,
        73.67980528908,
        72.71234440408,
        72.77229739408
      ],
      "exit_codes": [
        0,
        0,
        0,
        0,
        0,
        0,
        0,
        0,
        0,
        0
      ]
    }
  ]
}
