{
  "results": [
    {
      "command": "cargo build --jobs 16 --release --example breakout",
      "mean": 72.34633758665998,
      "stddev": 0.23917109366690867,
      "median": 72.40547992085999,
      "user": 1069.06982768,
      "system": 27.88845,
      "min": 71.97707400585999,
      "max": 72.70320625686,
      "times": [
        72.13672846585999,
        71.97707400585999,
        72.46322228186,
        72.39570300586,
        72.41525683585999,
        72.70320625686,
        72.49084015186,
        72.61723863286,
        72.12143220086,
        72.14267402886
      ],
      "exit_codes": [
        0,
        0,
        0,
        0,
        0,
        0,
        0,
        0,
        0,
        0
      ]
    }
  ]
}
