{
  "results": [
    {
      "command": "cargo build --jobs 8 --release --example breakout",
      "mean": 112.40125443906,
      "stddev": 0.16480579940774753,
      "median": 112.37029278996002,
      "user": 848.8370697999999,
      "system": 22.647294119999998,
      "min": 112.17591125646001,
      "max": 112.73741698546,
      "times": [
        112.35461454946001,
        112.56929311246,
        112.73741698546,
        112.44130938646,
        112.17591125646001,
        112.22095268546,
        112.38597103046001,
        112.34420575146001,
        112.31251278346001,
        112.47035684946
      ],
      "exit_codes": [
        0,
        0,
        0,
        0,
        0,
        0,
        0,
        0,
        0,
        0
      ]
    }
  ]
}
