{
  "results": [
    {
      "command": "cargo build --release --example breakout",
      "mean": 73.07726798678,
      "stddev": 0.1963038034125627,
      "median": 73.09260100998,
      "user": 1384.9164371,
      "system": 39.19258132,
      "min": 72.68693039998,
      "max": 73.37385445298,
      "times": [
        73.37385445298,
        73.28808145497999,
        73.01155866997999,
        72.89905168397999,
        72.99812055497999,
        73.13782613197999,
        72.68693039998,
        73.12717593398,
        73.19205449898,
        73.05802608597999
      ],
      "exit_codes": [
        0,
        0,
        0,
        0,
        0,
        0,
        0,
        0,
        0,
        0
      ]
    }
  ]
}
