{
  "results": [
    {
      "command": "cargo build --jobs 16 --release --example breakout",
      "mean": 73.38114682064,
      "stddev": 0.6319175376955197,
      "median": 73.47541658424,
      "user": 1037.20623998,
      "system": 27.5672622,
      "min": 72.10479464024,
      "max": 74.27955544324,
      "times": [
        73.47175746523999,
        73.47907570324,
        74.27955544324,
        72.10479464024,
        73.14587583923999,
        73.56523598224,
        72.92582360624,
        74.16195437824,
        72.99955168324,
        73.67784346523999
      ],
      "exit_codes": [
        0,
        0,
        0,
        0,
        0,
        0,
        0,
        0,
        0,
        0
      ]
    }
  ]
}
