{
  "results": [
    {
      "command": "cargo build --jobs 8 --release --example breakout",
      "mean": 110.13987296798,
      "stddev": 0.06445265069709905,
      "median": 110.12908936228001,
      "user": 828.9736797200001,
      "system": 22.045513319999998,
      "min": 110.04331704728,
      "max": 110.27212052728001,
      "times": [
        110.09774671728,
        110.11872841528,
        110.13945030928001,
        110.11861585828001,
        110.21462993128,
        110.27212052728001,
        110.15784638028,
        110.14099056328,
        110.09528393028,
        110.04331704728
      ],
      "exit_codes": [
        0,
        0,
        0,
        0,
        0,
        0,
        0,
        0,
        0,
        0
      ]
    }
  ]
}
