{
  "results": [
    {
      "command": "cargo build --jobs 8 --release --example breakout",
      "mean": 112.31719322768,
      "stddev": 0.08231577547822772,
      "median": 112.33478520678,
      "user": 842.84670866,
      "system": 22.521916079999997,
      "min": 112.13542937278,
      "max": 112.40983961778,
      "times": [
        112.13542937278,
        112.35946420377999,
        112.39586556678,
        112.31010620978,
        112.30837918878,
        112.37093099278,
        112.25194785478,
        112.26969124578,
        112.36027802378,
        112.40983961778
      ],
      "exit_codes": [
        0,
        0,
        0,
        0,
        0,
        0,
        0,
        0,
        0,
        0
      ]
    }
  ]
}
