{
  "results": [
    {
      "command": "cargo build --jobs 16 --release --example breakout",
      "mean": 72.45524697966,
      "stddev": 0.4452414103926687,
      "median": 72.45121311846,
      "user": 1060.5401202799997,
      "system": 27.996903679999996,
      "min": 71.83539280896001,
      "max": 73.16842353296,
      "times": [
        72.98768912496,
        72.00941241296,
        72.55988608096,
        72.79796486696,
        72.25121061896,
        72.00156358396,
        71.83539280896001,
        72.59838660996,
        73.16842353296,
        72.34254015596001
      ],
      "exit_codes": [
        0,
        0,
        0,
        0,
        0,
        0,
        0,
        0,
        0,
        0
      ]
    }
  ]
}
