{
  "results": [
    {
      "command": "cargo build --release --example breakout",
      "mean": 73.25640753966,
      "stddev": 0.1970499671571389,
      "median": 73.29737951666,
      "user": 1406.8382936399998,
      "system": 39.94117332,
      "min": 72.93605455766,
      "max": 73.57401724166,
      "times": [
        73.33933650966,
        73.25542252366,
        73.39625357066001,
        72.98504056466001,
        73.13510239366,
        73.34935396866001,
        72.93605455766,
        73.57401724166,
        73.39491166966,
        73.19858239666
      ],
      "exit_codes": [
        0,
        0,
        0,
        0,
        0,
        0,
        0,
        0,
        0,
        0
      ]
    }
  ]
}
