{
  "results": [
    {
      "command": "cargo build --jobs 16 --release --example breakout",
      "mean": 73.04313578954,
      "stddev": 0.6976739233210814,
      "median": 72.84200471864,
      "user": 1035.40602378,
      "system": 27.552245,
      "min": 72.26721409764001,
      "max": 74.38502008864,
      "times": [
        72.26721409764001,
        72.77635643964,
        72.83788755864,
        72.67475317564,
        72.87670391764,
        73.47374176164,
        73.99989401564001,
        72.29366496164,
        74.38502008864,
        72.84612187864
      ],
      "exit_codes": [
        0,
        0,
        0,
        0,
        0,
        0,
        0,
        0,
        0,
        0
      ]
    }
  ]
}
