{
  "results": [
    {
      "command": "cargo build --jobs 8 --release --example breakout",
      "mean": 110.04829419237998,
      "stddev": 0.14093811531606898,
      "median": 110.03791101158,
      "user": 828.47301794,
      "system": 22.007040800000002,
      "min": 109.88593949007999,
      "max": 110.37421393107999,
      "times": [
        110.37421393107999,
        110.06182172508,
        110.13006045607999,
        109.93374746907999,
        110.09467112207999,
        110.09427789707999,
        109.93528134607999,
        110.01400029807999,
        109.88593949007999,
        109.95892818908
      ],
      "exit_codes": [
        0,
        0,
        0,
        0,
        0,
        0,
        0,
        0,
        0,
        0
      ]
    }
  ]
}
