{
  "results": [
    {
      "command": "cargo build --release --example breakout",
      "mean": 73.43534090014,
      "stddev": 0.27507160680941767,
      "median": 73.47698369684001,
      "user": 1379.2590457,
      "system": 39.180610959999996,
      "min": 72.77369693534,
      "max": 73.73787619234,
      "times": [
        73.29747785934,
        73.34161192934,
        72.77369693534,
        73.37925837334001,
        73.57640621634,
        73.47640783034001,
        73.71039166734,
        73.73787619234,
        73.58272243434,
        73.47755956334001
      ],
      "exit_codes": [
        0,
        0,
        0,
        0,
        0,
        0,
        0,
        0,
        0,
        0
      ]
    }
  ]
}
