{
  "results": [
    {
      "command": "cargo build --release --example breakout",
      "mean": 72.42670910173999,
      "stddev": 0.21149363371623148,
      "median": 72.41482078674,
      "user": 1362.2262966800001,
      "system": 38.99333858,
      "min": 72.09552024674,
      "max": 72.77273526774,
      "times": [
        72.73511390574,
        72.46059301074,
        72.23913810174,
        72.41173100974,
        72.41791056374,
        72.27095313174,
        72.77273526774,
        72.33925907074,
        72.52413670874,
        72.09552024674
      ],
      "exit_codes": [
        0,
        0,
        0,
        0,
        0,
        0,
        0,
        0,
        0,
        0
      ]
    }
  ]
}
