{
  "results": [
    {
      "command": "cargo build --jobs 8 --release --example breakout",
      "mean": 108.24111731140002,
      "stddev": 0.13348358013322054,
      "median": 108.22694570569999,
      "user": 816.5661676599998,
      "system": 21.91528442,
      "min": 108.0877144657,
      "max": 108.5301201427,
      "times": [
        108.1664769757,
        108.3726912787,
        108.2434319647,
        108.1678813347,
        108.0920321127,
        108.0877144657,
        108.2801345077,
        108.2602308847,
        108.5301201427,
        108.2104594467
      ],
      "exit_codes": [
        0,
        0,
        0,
        0,
        0,
        0,
        0,
        0,
        0,
        0
      ]
    }
  ]
}
