{
  "results": [
    {
      "command": "cargo build --jobs 16 --release --example breakout",
      "mean": 72.1871870978,
      "stddev": 0.5058199070830388,
      "median": 72.1704451418,
      "user": 1019.92593886,
      "system": 27.5874867,
      "min": 71.38245572230001,
      "max": 72.9590066553,
      "times": [
        72.2437664073,
        71.97434033830001,
        72.8239420253,
        72.9590066553,
        72.1095476353,
        72.6150848683,
        71.59316500630001,
        71.38245572230001,
        72.2313426483,
        71.93921967130001
      ],
      "exit_codes": [
        0,
        0,
        0,
        0,
        0,
        0,
        0,
        0,
        0,
        0
      ]
    }
  ]
}
