{
  "results": [
    {
      "command": "cargo build --jobs 16 --release --example breakout",
      "mean": 73.38799321906001,
      "stddev": 0.48354358577444717,
      "median": 73.47584057376,
      "user": 1033.7656492800004,
      "system": 27.77156212,
      "min": 72.65569498776,
      "max": 74.17121578375999,
      "times": [
        73.55518852476,
        73.00956820376,
        72.65569498776,
        72.72239242575999,
        73.58383304476,
        73.89266945876,
        74.17121578375999,
        73.30415043176,
        73.58872670676,
        73.39649262276
      ],
      "exit_codes": [
        0,
        0,
        0,
        0,
        0,
        0,
        0,
        0,
        0,
        0
      ]
    }
  ]
}
