{
  "results": [
    {
      "command": "cargo build --jobs 8 --release --example breakout",
      "mean": 109.94357916726001,
      "stddev": 0.10768378265637962,
      "median": 109.93335098376,
      "user": 828.36035876,
      "system": 21.96695248,
      "min": 109.79488016126,
      "max": 110.08912792225999,
      "times": [
        110.08912792225999,
        110.05250010726,
        109.85611322625999,
        109.84235599125999,
        110.06678876526,
        109.79488016126,
        109.91339542826,
        109.95330653926,
        110.02004217726,
        109.84728135425999
      ],
      "exit_codes": [
        0,
        0,
        0,
        0,
        0,
        0,
        0,
        0,
        0,
        0
      ]
    }
  ]
}
