{
  "results": [
    {
      "command": "cargo build --jobs 8 --release --example breakout",
      "mean": 104.89515694437998,
      "stddev": 0.4823925266012737,
      "median": 105.01766290187999,
      "user": 789.3738708,
      "system": 21.544530119999997,
      "min": 104.14798401988,
      "max": 105.52679678688,
      "times": [
        104.79583708887999,
        104.58663035288,
        104.37670841588,
        105.28641691788,
        105.52679678688,
        104.14798401988,
        105.25944338888,
        105.23948871488,
        104.44351712988,
        105.28874662788
      ],
      "exit_codes": [
        0,
        0,
        0,
        0,
        0,
        0,
        0,
        0,
        0,
        0
      ]
    }
  ]
}
