{
  "results": [
    {
      "command": "cargo build --jobs 16 --release --example breakout",
      "mean": 69.98152321734,
      "stddev": 0.5957368396182282,
      "median": 69.65695323284001,
      "user": 985.1361751600001,
      "system": 27.02343614,
      "min": 69.48084308234,
      "max": 71.23215450434,
      "times": [
        69.56484247534,
        71.23215450434,
        70.63970966734,
        69.54296496034,
        69.48084308234,
        69.73620216434,
        69.57770430134,
        70.23171295834,
        70.28038113534001,
        69.52871692434
      ],
      "exit_codes": [
        0,
        0,
        0,
        0,
        0,
        0,
        0,
        0,
        0,
        0
      ]
    }
  ]
}
