{
  "results": [
    {
      "command": "cargo build --release --example breakout",
      "mean": 71.34126537544,
      "stddev": 0.19724990715514126,
      "median": 71.30075524654,
      "user": 1409.6344291199998,
      "system": 40.13162446,
      "min": 71.05573236604,
      "max": 71.74442859504,
      "times": [
        71.28078257304,
        71.24959624904001,
        71.74442859504,
        71.20431523404001,
        71.22021176404,
        71.05573236604,
        71.32369485404,
        71.55775624704,
        71.45540795204,
        71.32072792004
      ],
      "exit_codes": [
        0,
        0,
        0,
        0,
        0,
        0,
        0,
        0,
        0,
        0
      ]
    }
  ]
}
