{
  "results": [
    {
      "command": "cargo build --jobs 8 --release --example breakout",
      "mean": 111.6800523418,
      "stddev": 0.11799626315244427,
      "median": 111.694051763,
      "user": 847.5616201399998,
      "system": 22.5056162,
      "min": 111.5469695,
      "max": 111.860583213,
      "times": [
        111.860583213,
        111.569878495,
        111.733528135,
        111.547664859,
        111.5469695,
        111.586450597,
        111.684198677,
        111.860025437,
        111.707319656,
        111.703904849
      ],
      "exit_codes": [
        0,
        0,
        0,
        0,
        0,
        0,
        0,
        0,
        0,
        0
      ]
    }
  ]
}
