{
  "results": [
    {
      "command": "cargo build --jobs 16 --release --example breakout",
      "mean": 72.43935139102,
      "stddev": 0.38620343323782425,
      "median": 72.35560360682,
      "user": 1064.9135131399998,
      "system": 27.822154920000003,
      "min": 72.00896226982,
      "max": 73.07395822082,
      "times": [
        72.41282341182,
        72.12629614981999,
        72.22783858582,
        72.36312719082,
        72.94364027681999,
        72.03058627082,
        73.07395822082,
        72.85820151082,
        72.00896226982,
        72.34808002282
      ],
      "exit_codes": [
        0,
        0,
        0,
        0,
        0,
        0,
        0,
        0,
        0,
        0
      ]
    }
  ]
}
