{
  "results": [
    {
      "command": "cargo build --release --example breakout",
      "mean": 73.45635906076001,
      "stddev": 0.3109829283870615,
      "median": 73.50618134676,
      "user": 1394.1168219199997,
      "system": 39.347918619999994,
      "min": 72.99286035476,
      "max": 73.92948051676001,
      "times": [
        72.99286035476,
        73.80803556876,
        73.17477573976001,
        73.92948051676001,
        73.56117979376,
        73.54701938576001,
        73.27080813976,
        73.46534330776001,
        73.69873931376,
        73.11534848676
      ],
      "exit_codes": [
        0,
        0,
        0,
        0,
        0,
        0,
        0,
        0,
        0,
        0
      ]
    }
  ]
}
