{
  "results": [
    {
      "command": "cargo build --jobs 16 --release --example breakout",
      "mean": 73.57362268374,
      "stddev": 0.6786503266526666,
      "median": 73.44886205364,
      "user": 1043.61357678,
      "system": 27.64512874,
      "min": 72.62244172264,
      "max": 74.66165891964,
      "times": [
        73.05352202464,
        73.62205760264,
        74.39538921764,
        73.27566650464,
        72.62244172264,
        74.27370760364,
        74.66165891964,
        73.64986151464,
        72.92104405463999,
        73.26087767263999
      ],
      "exit_codes": [
        0,
        0,
        0,
        0,
        0,
        0,
        0,
        0,
        0,
        0
      ]
    }
  ]
}
