{
  "results": [
    {
      "command": "cargo build --jobs 8 --release --example breakout",
      "mean": 110.83432600222,
      "stddev": 0.12561700076997948,
      "median": 110.83375261591999,
      "user": 834.5957310800001,
      "system": 22.09735022,
      "min": 110.65437287492,
      "max": 111.06221435892,
      "times": [
        110.89583750492,
        110.69377394892,
        110.84939109092,
        110.78241455592,
        110.85214199392,
        110.65437287492,
        110.81811414092,
        111.06221435892,
        110.98678706492,
        110.74821248792
      ],
      "exit_codes": [
        0,
        0,
        0,
        0,
        0,
        0,
        0,
        0,
        0,
        0
      ]
    }
  ]
}
