{
  "results": [
    {
      "command": "cargo build --jobs 8 --release --example breakout",
      "mean": 110.00596752228,
      "stddev": 0.04506550577615878,
      "median": 109.99994351548,
      "user": 828.52096096,
      "system": 21.96062596,
      "min": 109.92738015298,
      "max": 110.09242772298,
      "times": [
        109.92738015298,
        109.99355186198,
        110.01940070198,
        110.01124846998,
        109.99987933098,
        110.05775634198,
        109.98431925298,
        110.00000769998,
        110.09242772298,
        109.97370368698
      ],
      "exit_codes": [
        0,
        0,
        0,
        0,
        0,
        0,
        0,
        0,
        0,
        0
      ]
    }
  ]
}
