{
  "results": [
    {
      "command": "cargo build --jobs 16 --release --example breakout",
      "mean": 73.59531183941999,
      "stddev": 0.729170906934948,
      "median": 73.66986904502,
      "user": 1033.09365822,
      "system": 27.646079359999998,
      "min": 72.31917050602,
      "max": 74.56275029602,
      "times": [
        73.45420543502,
        74.29160091802001,
        73.40204095102,
        73.88553265502,
        72.31917050602,
        73.93020860402001,
        73.29978214602001,
        72.59099695102,
        74.21682993202,
        74.56275029602
      ],
      "exit_codes": [
        0,
        0,
        0,
        0,
        0,
        0,
        0,
        0,
        0,
        0
      ]
    }
  ]
}
