{
  "results": [
    {
      "command": "cargo build --jobs 8 --release --example breakout",
      "mean": 107.27058204092,
      "stddev": 0.5402638527175888,
      "median": 107.19253233132,
      "user": 810.3482557199999,
      "system": 21.83310374,
      "min": 106.65362252432,
      "max": 107.93917492732001,
      "times": [
        106.84716053332001,
        106.75166043932,
        107.87141604432,
        107.52768883332,
        107.93917492732001,
        106.85737582932,
        106.74621953632,
        107.81560895932,
        106.65362252432,
        107.69589278232
      ],
      "exit_codes": [
        0,
        0,
        0,
        0,
        0,
        0,
        0,
        0,
        0,
        0
      ]
    }
  ]
}
