{
  "results": [
    {
      "command": "cargo build --jobs 16 --release --example breakout",
      "mean": 71.38747259710001,
      "stddev": 0.6545746126303208,
      "median": 71.51070616590002,
      "user": 1011.858777,
      "system": 27.31471388,
      "min": 70.59622293890001,
      "max": 72.5139791209,
      "times": [
        71.52855100490001,
        70.77383392390001,
        72.5139791209,
        70.59622293890001,
        70.63512890290001,
        71.6310267859,
        70.85307995090001,
        71.74512624190001,
        72.1049157739,
        71.49286132690001
      ],
      "exit_codes": [
        0,
        0,
        0,
        0,
        0,
        0,
        0,
        0,
        0,
        0
      ]
    }
  ]
}
