{
  "results": [
    {
      "command": "cargo build --release --example breakout",
      "mean": 71.28514175862,
      "stddev": 0.18443640798688848,
      "median": 71.28511663062,
      "user": 1409.3101796199996,
      "system": 40.42238256,
      "min": 70.97183983762001,
      "max": 71.59263898762,
      "times": [
        71.15365495162001,
        71.27446049062,
        71.37811371762001,
        71.24997181962,
        71.29577277062,
        71.59263898762,
        71.50800457562,
        71.09923646162001,
        70.97183983762001,
        71.32772397362001
      ],
      "exit_codes": [
        0,
        0,
        0,
        0,
        0,
        0,
        0,
        0,
        0,
        0
      ]
    }
  ]
}
