{
  "results": [
    {
      "command": "cargo build --jobs 8 --release --example breakout",
      "mean": 111.67231656338,
      "stddev": 0.13781176436084625,
      "median": 111.67194867428,
      "user": 846.52182266,
      "system": 22.43944946,
      "min": 111.46448607127999,
      "max": 111.93917005028,
      "times": [
        111.63522986328,
        111.61013643128,
        111.93917005028,
        111.73820354928,
        111.73002354028,
        111.56114206728,
        111.46448607127999,
        111.70866748528,
        111.54579545928,
        111.79031111628
      ],
      "exit_codes": [
        0,
        0,
        0,
        0,
        0,
        0,
        0,
        0,
        0,
        0
      ]
    }
  ]
}
