{
  "results": [
    {
      "command": "cargo build --jobs 16 --release --example breakout",
      "mean": 72.46897360304,
      "stddev": 0.33210419336321834,
      "median": 72.51012136924001,
      "user": 1064.36787708,
      "system": 27.838210359999998,
      "min": 71.93853053074001,
      "max": 72.92852411074,
      "times": [
        72.81282716474,
        72.64561452974,
        71.93853053074001,
        71.97449680274,
        72.24872901474001,
        72.92852411074,
        72.43737775674,
        72.68339338174,
        72.57041044474,
        72.44983229374
      ],
      "exit_codes": [
        0,
        0,
        0,
        0,
        0,
        0,
        0,
        0,
        0,
        0
      ]
    }
  ]
}
