{
  "results": [
    {
      "command": "cargo build --jobs 16 --release --example breakout",
      "mean": 72.19273733682,
      "stddev": 0.7449337403123234,
      "median": 72.09991029822001,
      "user": 1053.25220614,
      "system": 27.69996976,
      "min": 71.36098896472001,
      "max": 73.88876788572,
      "times": [
        73.88876788572,
        71.59906176372,
        72.64446741572,
        72.42484599272001,
        72.56500647572,
        71.66517375472,
        72.15044064772,
        72.04937994872,
        71.57924051872,
        71.36098896472001
      ],
      "exit_codes": [
        0,
        0,
        0,
        0,
        0,
        0,
        0,
        0,
        0,
        0
      ]
    }
  ]
}
