{
  "results": [
    {
      "command": "cargo build --release --example breakout",
      "mean": 72.38109046951999,
      "stddev": 0.07509037722064178,
      "median": 72.38104471401999,
      "user": 1389.2079798,
      "system": 39.77415684,
      "min": 72.22867224352,
      "max": 72.49280951752,
      "times": [
        72.37063372952,
        72.49280951752,
        72.42253308252,
        72.40983642852,
        72.30083023052,
        72.37437670852,
        72.22867224352,
        72.38771271952,
        72.45630788552,
        72.36719214952
      ],
      "exit_codes": [
        0,
        0,
        0,
        0,
        0,
        0,
        0,
        0,
        0,
        0
      ]
    }
  ]
}
