{
  "results": [
    {
      "command": "cargo build --jobs 8 --release --example breakout",
      "mean": 111.46431597553999,
      "stddev": 0.12957570905386612,
      "median": 111.48185759373999,
      "user": 837.3558498799999,
      "system": 22.275225659999997,
      "min": 111.26338773724,
      "max": 111.63780245324,
      "times": [
        111.33304630424,
        111.59921445523999,
        111.32830920824,
        111.26338773724,
        111.50261200524,
        111.60963601323999,
        111.48661027124,
        111.40543639123999,
        111.47710491624,
        111.63780245324
      ],
      "exit_codes": [
        0,
        0,
        0,
        0,
        0,
        0,
        0,
        0,
        0,
        0
      ]
    }
  ]
}
