{
  "results": [
    {
      "command": "cargo build --jobs 16 --release --example breakout",
      "mean": 72.6115639626,
      "stddev": 0.5484825388335534,
      "median": 72.6250029727,
      "user": 1059.84909542,
      "system": 27.912900080000004,
      "min": 71.9076599797,
      "max": 73.3577197227,
      "times": [
        72.0590829397,
        72.2222482137,
        71.9771845507,
        71.9076599797,
        72.6757284767,
        72.9823424567,
        73.2409062877,
        72.5742774687,
        73.1184895297,
        73.3577197227
      ],
      "exit_codes": [
        0,
        0,
        0,
        0,
        0,
        0,
        0,
        0,
        0,
        0
      ]
    }
  ]
}
