{
  "results": [
    {
      "command": "cargo build --release --example breakout",
      "mean": 73.23967532434,
      "stddev": 0.1909749646048673,
      "median": 73.18868444564,
      "user": 1402.64402318,
      "system": 39.767092059999996,
      "min": 72.90856120164,
      "max": 73.48375663863999,
      "times": [
        73.46827756164,
        72.90856120164,
        73.10917097264,
        73.44285130864,
        73.48375663863999,
        73.17675365164,
        73.07900864963999,
        73.17446539164,
        73.35329262763999,
        73.20061523964
      ],
      "exit_codes": [
        0,
        0,
        0,
        0,
        0,
        0,
        0,
        0,
        0,
        0
      ]
    }
  ]
}
