{
  "results": [
    {
      "command": "cargo build --jobs 8 --release --example breakout",
      "mean": 112.35653894568001,
      "stddev": 0.10584267649529287,
      "median": 112.39003165728,
      "user": 843.75358612,
      "system": 22.39700624,
      "min": 112.18929354878,
      "max": 112.51302527078,
      "times": [
        112.37781451278,
        112.43613803278001,
        112.28820127378,
        112.22995312378,
        112.44872869978,
        112.40980180878,
        112.27018438378,
        112.40224880178,
        112.18929354878,
        112.51302527078
      ],
      "exit_codes": [
        0,
        0,
        0,
        0,
        0,
        0,
        0,
        0,
        0,
        0
      ]
    }
  ]
}
