{
  "results": [
    {
      "command": "cargo build --jobs 16 --release --example breakout",
      "mean": 70.52179497818,
      "stddev": 0.8540044855483657,
      "median": 70.59141646847999,
      "user": 996.2985379799999,
      "system": 27.242701159999996,
      "min": 68.93203685298,
      "max": 71.62017775897999,
      "times": [
        71.62017775897999,
        70.38917601998,
        70.90965003598,
        69.24491598398,
        70.47562520898,
        71.30831916998,
        68.93203685298,
        70.59527726798,
        71.15521581397999,
        70.58755566898
      ],
      "exit_codes": [
        0,
        0,
        0,
        0,
        0,
        0,
        0,
        0,
        0,
        0
      ]
    }
  ]
}
