{
  "results": [
    {
      "command": "cargo build --release --example breakout",
      "mean": 71.01854552308,
      "stddev": 0.11277140607632231,
      "median": 71.02643133448,
      "user": 1330.6178057999998,
      "system": 38.72527391999999,
      "min": 70.84163015448,
      "max": 71.18262579948,
      "times": [
        71.18262579948,
        70.97767476647999,
        71.11230262848,
        70.94830338148,
        71.08709265048,
        70.89067081848,
        71.07518790248,
        71.12454060548,
        70.84163015448,
        70.94542652348
      ],
      "exit_codes": [
        0,
        0,
        0,
        0,
        0,
        0,
        0,
        0,
        0,
        0
      ]
    }
  ]
}
