{
  "results": [
    {
      "command": "cargo build --jobs 8 --release --example breakout",
      "mean": 105.82565536434,
      "stddev": 0.4384294507760285,
      "median": 105.98555416223999,
      "user": 797.98282506,
      "system": 21.661078659999994,
      "min": 104.99491464874,
      "max": 106.23415080074,
      "times": [
        106.23415080074,
        106.16857826773999,
        105.95330891274,
        105.97271551774,
        106.01189248473999,
        105.85566712074,
        106.02402476773999,
        104.99491464874,
        105.99839280674,
        105.04290831574
      ],
      "exit_codes": [
        0,
        0,
        0,
        0,
        0,
        0,
        0,
        0,
        0,
        0
      ]
    }
  ]
}
