{
  "results": [
    {
      "command": "cargo build --jobs 8 --release --example breakout",
      "mean": 112.16591764066,
      "stddev": 0.15588924240451488,
      "median": 112.13992990346,
      "user": 848.1515964,
      "system": 22.54249438,
      "min": 111.97298684596001,
      "max": 112.37511271996,
      "times": [
        112.34009871496,
        112.06130570296,
        111.97298684596001,
        112.21855410396,
        112.05409938196,
        112.24931436296,
        112.37511271996,
        112.00680406696,
        112.03602265696,
        112.34487784996
      ],
      "exit_codes": [
        0,
        0,
        0,
        0,
        0,
        0,
        0,
        0,
        0,
        0
      ]
    }
  ]
}
