{
  "results": [
    {
      "command": "cargo build --jobs 16 --release --example breakout",
      "mean": 72.19409927646001,
      "stddev": 0.16377368494911712,
      "median": 72.12158961755999,
      "user": 1068.84830666,
      "system": 27.9448237,
      "min": 72.00682173656,
      "max": 72.43537182755999,
      "times": [
        72.24085776055999,
        72.07856132655999,
        72.07934001956,
        72.38570455656,
        72.00682173656,
        72.06266714355999,
        72.43537182755999,
        72.16383921555999,
        72.41645473855999,
        72.07137443955999
      ],
      "exit_codes": [
        0,
        0,
        0,
        0,
        0,
        0,
        0,
        0,
        0,
        0
      ]
    }
  ]
}
