{
  "results": [
    {
      "command": "cargo build --jobs 8 --release --example breakout",
      "mean": 105.19055224716001,
      "stddev": 0.21184861738043964,
      "median": 105.29299442126,
      "user": 793.0823322999998,
      "system": 21.65076158,
      "min": 104.73996692326,
      "max": 105.35131117726,
      "times": [
        105.13555639725999,
        105.35131117726,
        104.73996692326,
        105.29649640726,
        105.20244703626,
        105.33649614626,
        105.33523495726,
        105.28949243526,
        105.32768577025999,
        104.89083522125999
      ],
      "exit_codes": [
        0,
        0,
        0,
        0,
        0,
        0,
        0,
        0,
        0,
        0
      ]
    }
  ]
}
