{
  "results": [
    {
      "command": "cargo build --jobs 16 --release --example breakout",
      "mean": 70.09426567925999,
      "stddev": 0.4725279809921579,
      "median": 70.19560782245999,
      "user": 988.0664352799998,
      "system": 27.1280102,
      "min": 69.03617933445999,
      "max": 70.63943056846,
      "times": [
        70.19905412546,
        70.31183212746,
        69.03617933445999,
        70.06894861746,
        69.70143031746,
        70.48593829945999,
        70.63943056846,
        70.19216151945999,
        69.83024632445999,
        70.47743555845999
      ],
      "exit_codes": [
        0,
        0,
        0,
        0,
        0,
        0,
        0,
        0,
        0,
        0
      ]
    }
  ]
}
