{
  "results": [
    {
      "command": "cargo build --jobs 8 --release --example breakout",
      "mean": 112.38502961192,
      "stddev": 0.11626243424945258,
      "median": 112.40774201572,
      "user": 845.15122534,
      "system": 22.590282260000002,
      "min": 112.12931670022,
      "max": 112.53690614522,
      "times": [
        112.29530755822,
        112.32023719322001,
        112.42852109922,
        112.49700247322001,
        112.53690614522,
        112.37008354222,
        112.45743737622,
        112.40446356322,
        112.12931670022,
        112.41102046822
      ],
      "exit_codes": [
        0,
        0,
        0,
        0,
        0,
        0,
        0,
        0,
        0,
        0
      ]
    }
  ]
}
