{
  "results": [
    {
      "command": "cargo build --jobs 16 --release --example breakout",
      "mean": 72.511089368,
      "stddev": 0.6288042419378822,
      "median": 72.19396669540001,
      "user": 1062.6134583599999,
      "system": 28.030353379999998,
      "min": 71.74754881140001,
      "max": 73.4845133734,
      "times": [
        73.4845133734,
        73.3502642824,
        72.0161699464,
        72.0940146504,
        71.74754881140001,
        72.0597101554,
        72.2939187404,
        73.0767518664,
        72.0856940334,
        72.9023078204
      ],
      "exit_codes": [
        0,
        0,
        0,
        0,
        0,
        0,
        0,
        0,
        0,
        0
      ]
    }
  ]
}
