{
  "results": [
    {
      "command": "cargo build --jobs 16 --release --example breakout",
      "mean": 71.17692485682,
      "stddev": 0.2741564987939823,
      "median": 71.19500998542,
      "user": 1011.15705072,
      "system": 27.510405159999998,
      "min": 70.57000726392,
      "max": 71.53046013192,
      "times": [
        71.25082109892,
        71.15259934992,
        71.53046013192,
        71.23742062091999,
        71.10265891392,
        70.57000726392,
        71.11232574792,
        71.49861951092,
        70.98475682892,
        71.32957910092
      ],
      "exit_codes": [
        0,
        0,
        0,
        0,
        0,
        0,
        0,
        0,
        0,
        0
      ]
    }
  ]
}
