{
  "results": [
    {
      "command": "cargo build --jobs 8 --release --example breakout",
      "mean": 107.54044556946,
      "stddev": 0.3796619206538012,
      "median": 107.64145180566,
      "user": 810.4601161399999,
      "system": 21.78557662,
      "min": 106.84384136466,
      "max": 107.92749058166,
      "times": [
        107.57694693766,
        107.92749058166,
        107.91545584466,
        107.57726069766,
        106.84384136466,
        107.82144441966,
        107.76442721865999,
        107.26881158066,
        107.00313413565999,
        107.70564291366
      ],
      "exit_codes": [
        0,
        0,
        0,
        0,
        0,
        0,
        0,
        0,
        0,
        0
      ]
    }
  ]
}
