{
  "results": [
    {
      "command": "cargo build --jobs 16 --release --example breakout",
      "mean": 72.4745470081,
      "stddev": 0.484947479445472,
      "median": 72.54852028250001,
      "user": 1032.00403126,
      "system": 27.524011859999995,
      "min": 71.479717198,
      "max": 73.367222695,
      "times": [
        72.22567369400001,
        72.559112866,
        71.479717198,
        72.625717736,
        72.706193522,
        72.53792769900001,
        72.634050544,
        73.367222695,
        72.084237305,
        72.525616822
      ],
      "exit_codes": [
        0,
        0,
        0,
        0,
        0,
        0,
        0,
        0,
        0,
        0
      ]
    }
  ]
}
