{
  "results": [
    {
      "command": "cargo build --jobs 8 --release --example breakout",
      "mean": 109.35434872132001,
      "stddev": 0.06782252471048013,
      "median": 109.36261802531999,
      "user": 826.3141479199998,
      "system": 22.000486619999997,
      "min": 109.25246380832,
      "max": 109.47964471632,
      "times": [
        109.35958241732,
        109.39143621432,
        109.25246380832,
        109.39232780232,
        109.36306693831999,
        109.27081078532,
        109.38438955132,
        109.36216911231999,
        109.28759586732,
        109.47964471632
      ],
      "exit_codes": [
        0,
        0,
        0,
        0,
        0,
        0,
        0,
        0,
        0,
        0
      ]
    }
  ]
}
