{
  "results": [
    {
      "command": "cargo build --release --example breakout",
      "mean": 72.96745871851999,
      "stddev": 0.20593391511799528,
      "median": 73.02295003462,
      "user": 1380.42545378,
      "system": 39.290127700000006,
      "min": 72.55415007812,
      "max": 73.18629032711999,
      "times": [
        72.86004616112,
        73.09305690212,
        73.14666482311999,
        73.18629032711999,
        73.16392141812,
        72.95485167212,
        72.55415007812,
        72.78631825912,
        72.83823914711999,
        73.09104839711999
      ],
      "exit_codes": [
        0,
        0,
        0,
        0,
        0,
        0,
        0,
        0,
        0,
        0
      ]
    }
  ]
}
