{
  "results": [
    {
      "command": "cargo build --jobs 16 --release --example breakout",
      "mean": 73.3248902879,
      "stddev": 0.7939513342468694,
      "median": 73.1399968635,
      "user": 1043.56904842,
      "system": 27.718884759999998,
      "min": 71.9448460465,
      "max": 74.9717666985,
      "times": [
        71.9448460465,
        73.2003230815,
        72.9847643985,
        74.9717666985,
        73.84475616050001,
        72.99862314250001,
        72.9694663665,
        73.3280299915,
        73.0796706455,
        73.9266563475
      ],
      "exit_codes": [
        0,
        0,
        0,
        0,
        0,
        0,
        0,
        0,
        0,
        0
      ]
    }
  ]
}
