{
  "results": [
    {
      "command": "cargo build --jobs 8 --release --example breakout",
      "mean": 110.84816870428001,
      "stddev": 0.10162275212110045,
      "median": 110.83246738048001,
      "user": 834.5725439199999,
      "system": 22.102196120000002,
      "min": 110.68257802198,
      "max": 111.04838600898,
      "times": [
        110.79558476798,
        110.68257802198,
        111.04838600898,
        110.83789028098,
        110.92635329098,
        110.77115121898001,
        110.83485058298001,
        110.94185705598001,
        110.83008417798001,
        110.81295163598
      ],
      "exit_codes": [
        0,
        0,
        0,
        0,
        0,
        0,
        0,
        0,
        0,
        0
      ]
    }
  ]
}
