{
  "results": [
    {
      "command": "cargo build --release --example breakout",
      "mean": 71.51498359274001,
      "stddev": 0.1826877672572119,
      "median": 71.48590031534,
      "user": 1340.8716586399999,
      "system": 38.86536819999999,
      "min": 71.24426600584,
      "max": 71.82758036484,
      "times": [
        71.41056727584,
        71.38729936684,
        71.60890978984,
        71.54541329484,
        71.51697138384,
        71.45482924684,
        71.24426600584,
        71.82758036484,
        71.77836994984,
        71.37562924884
      ],
      "exit_codes": [
        0,
        0,
        0,
        0,
        0,
        0,
        0,
        0,
        0,
        0
      ]
    }
  ]
}
