{
  "results": [
    {
      "command": "cargo build --jobs 16 --release --example breakout",
      "mean": 72.65026492644002,
      "stddev": 0.3461060232474656,
      "median": 72.65442129234,
      "user": 1071.3900896599998,
      "system": 28.120541899999996,
      "min": 72.22209322484,
      "max": 73.36432501883999,
      "times": [
        72.85381538484,
        72.72224228083999,
        72.58660030384,
        73.36432501883999,
        72.26931150084,
        72.87312784683999,
        72.22209322484,
        72.75263158684,
        72.30423447384,
        72.55426764284
      ],
      "exit_codes": [
        0,
        0,
        0,
        0,
        0,
        0,
        0,
        0,
        0,
        0
      ]
    }
  ]
}
