{
  "results": [
    {
      "command": "cargo build --jobs 8 --release --example breakout",
      "mean": 112.59338072264002,
      "stddev": 0.11572329020500204,
      "median": 112.57661065624,
      "user": 852.0175495599999,
      "system": 22.64074548,
      "min": 112.42997236924,
      "max": 112.80284990324,
      "times": [
        112.63059478724,
        112.68332299524,
        112.51073091724001,
        112.80284990324,
        112.48734979324,
        112.51634403224,
        112.57943390024,
        112.71942111624,
        112.42997236924,
        112.57378741224001
      ],
      "exit_codes": [
        0,
        0,
        0,
        0,
        0,
        0,
        0,
        0,
        0,
        0
      ]
    }
  ]
}
