{
  "results": [
    {
      "command": "cargo build --jobs 16 --release --example breakout",
      "mean": 70.34444815688,
      "stddev": 0.6540878611613095,
      "median": 70.11129547348,
      "user": 993.8059560599999,
      "system": 27.19851286,
      "min": 69.79592949698,
      "max": 71.90837198198,
      "times": [
        70.36482087697999,
        69.83109257097999,
        70.10504965397999,
        69.79592949698,
        71.90837198198,
        70.11754129298,
        69.99729587697999,
        70.38379998197999,
        69.93304463998,
        71.00753519598
      ],
      "exit_codes": [
        0,
        0,
        0,
        0,
        0,
        0,
        0,
        0,
        0,
        0
      ]
    }
  ]
}
