{
  "results": [
    {
      "command": "cargo build --jobs 8 --release --example breakout",
      "mean": 105.33002765879999,
      "stddev": 0.1904053427522859,
      "median": 105.3042333662,
      "user": 795.7808848199999,
      "system": 21.608743060000002,
      "min": 104.94520326119999,
      "max": 105.69781139919999,
      "times": [
        105.4448703522,
        105.2395257842,
        104.94520326119999,
        105.69781139919999,
        105.2642049812,
        105.3261784842,
        105.4118102552,
        105.4067917642,
        105.28159205819999,
        105.28228824819999
      ],
      "exit_codes": [
        0,
        0,
        0,
        0,
        0,
        0,
        0,
        0,
        0,
        0
      ]
    }
  ]
}
