{
  "results": [
    {
      "command": "cargo build --release --example breakout",
      "mean": 72.78845373276,
      "stddev": 0.18089938394918836,
      "median": 72.75180757726,
      "user": 1375.74092768,
      "system": 39.146564559999995,
      "min": 72.57033174276,
      "max": 73.10682966476,
      "times": [
        72.66244771976001,
        72.80397696276,
        73.04036238076,
        73.10682966476,
        72.67294189976,
        72.57033174276,
        72.88027004876001,
        72.60554630076001,
        72.69963819176,
        72.84219241576001
      ],
      "exit_codes": [
        0,
        0,
        0,
        0,
        0,
        0,
        0,
        0,
        0,
        0
      ]
    }
  ]
}
