{
  "results": [
    {
      "command": "cargo build --jobs 8 --release --example breakout",
      "mean": 108.5142961653,
      "stddev": 0.14789664122141324,
      "median": 108.4735574135,
      "user": 819.2480645600001,
      "system": 21.9799954,
      "min": 108.3267434065,
      "max": 108.8233273015,
      "times": [
        108.5233504285,
        108.4220560115,
        108.3267434065,
        108.42290974149999,
        108.5121290645,
        108.6706995325,
        108.8233273015,
        108.5988987805,
        108.43498576249999,
        108.4078616235
      ],
      "exit_codes": [
        0,
        0,
        0,
        0,
        0,
        0,
        0,
        0,
        0,
        0
      ]
    }
  ]
}
