{
  "results": [
    {
      "command": "cargo build --jobs 16 --release --example breakout",
      "mean": 72.41019820062,
      "stddev": 0.598157029515001,
      "median": 72.27908637662,
      "user": 1021.9752793999999,
      "system": 27.420557859999995,
      "min": 71.60585785862,
      "max": 73.57872978862,
      "times": [
        72.18666194962,
        72.55602533762,
        73.20070634961999,
        72.34480742962,
        73.57872978862,
        72.54005208662,
        72.21336532362,
        71.88532960162,
        71.99044628062,
        71.60585785862
      ],
      "exit_codes": [
        0,
        0,
        0,
        0,
        0,
        0,
        0,
        0,
        0,
        0
      ]
    }
  ]
}
