{
  "results": [
    {
      "command": "cargo build --jobs 16 --release --example breakout",
      "mean": 70.84755868853999,
      "stddev": 0.6781987556300321,
      "median": 70.73995581084,
      "user": 995.9854838399999,
      "system": 27.197382219999998,
      "min": 69.60757665434,
      "max": 71.77362368333999,
      "times": [
        70.17892759434,
        71.53964030934,
        70.65634854334,
        70.61415500433999,
        70.82356307834,
        71.64883776634,
        70.61300138634,
        71.01991286534,
        71.77362368333999,
        69.60757665434
      ],
      "exit_codes": [
        0,
        0,
        0,
        0,
        0,
        0,
        0,
        0,
        0,
        0
      ]
    }
  ]
}
