{
  "results": [
    {
      "command": "cargo build --jobs 8 --release --example breakout",
      "mean": 106.00892083337999,
      "stddev": 0.46625171311985625,
      "median": 106.01432187768,
      "user": 797.9518583999999,
      "system": 21.73508166,
      "min": 105.22670507668,
      "max": 106.53910146968,
      "times": [
        105.84712433668,
        105.98140861268,
        105.22670507668,
        105.28639214168,
        106.40937719068,
        106.48427364068,
        106.35242671368,
        106.04723514268,
        105.91516400868,
        106.53910146968
      ],
      "exit_codes": [
        0,
        0,
        0,
        0,
        0,
        0,
        0,
        0,
        0,
        0
      ]
    }
  ]
}
