{
  "results": [
    {
      "command": "cargo build --jobs 16 --release --example breakout",
      "mean": 73.71778225484002,
      "stddev": 0.60751129389582,
      "median": 73.74746690764,
      "user": 1060.1604060399998,
      "system": 27.588195859999995,
      "min": 72.87914157414001,
      "max": 74.45372380014,
      "times": [
        74.45372380014,
        72.87914157414001,
        74.34168656714,
        73.58885627814,
        73.13569183114001,
        74.37002201614,
        74.13481646914,
        72.93176153614,
        73.90607753714,
        73.43604493914
      ],
      "exit_codes": [
        0,
        0,
        0,
        0,
        0,
        0,
        0,
        0,
        0,
        0
      ]
    }
  ]
}
