{
  "results": [
    {
      "command": "cargo build --jobs 8 --release --example breakout",
      "mean": 112.30569899894002,
      "stddev": 0.1353129922867996,
      "median": 112.32484677554,
      "user": 846.7377518799998,
      "system": 22.14104898,
      "min": 112.10092388604001,
      "max": 112.57004911704,
      "times": [
        112.10092388604001,
        112.10901561204,
        112.38447605504,
        112.57004911704,
        112.31280879404,
        112.33961220804,
        112.28276214404,
        112.25854650804,
        112.33688475704,
        112.36191090804
      ],
      "exit_codes": [
        0,
        0,
        0,
        0,
        0,
        0,
        0,
        0,
        0,
        0
      ]
    }
  ]
}
