{
  "results": [
    {
      "command": "cargo build --release --example breakout",
      "mean": 73.33607878224,
      "stddev": 0.26093963023781025,
      "median": 73.38141566403999,
      "user": 1407.9467955599998,
      "system": 39.70267232,
      "min": 72.75528580954,
      "max": 73.77435281954,
      "times": [
        73.77435281954,
        73.13848178954001,
        72.75528580954,
        73.28487568654,
        73.35963142054,
        73.41581651854,
        73.40868189054001,
        73.32642141954,
        73.49404056054,
        73.40319990754
      ],
      "exit_codes": [
        0,
        0,
        0,
        0,
        0,
        0,
        0,
        0,
        0,
        0
      ]
    }
  ]
}
