{
  "results": [
    {
      "command": "cargo build --jobs 8 --release --example breakout",
      "mean": 110.19684125162,
      "stddev": 0.10545372396887086,
      "median": 110.20664466701999,
      "user": 833.7379938,
      "system": 21.968214119999995,
      "min": 110.01583919052,
      "max": 110.33323538252,
      "times": [
        110.05894379552,
        110.20190576552,
        110.28367300952,
        110.19611666051999,
        110.21138356851999,
        110.33323538252,
        110.27305847552,
        110.10735935251999,
        110.28689731552,
        110.01583919052
      ],
      "exit_codes": [
        0,
        0,
        0,
        0,
        0,
        0,
        0,
        0,
        0,
        0
      ]
    }
  ]
}
