{
  "results": [
    {
      "command": "cargo build --release --example breakout",
      "mean": 72.54183034058,
      "stddev": 0.13040495519356832,
      "median": 72.55148921538,
      "user": 1379.59632878,
      "system": 39.336174299999996,
      "min": 72.33486492538,
      "max": 72.69750456338001,
      "times": [
        72.57879306738,
        72.52060587238,
        72.69750456338001,
        72.67167990838,
        72.69407778738001,
        72.52418536338,
        72.39813654938,
        72.33486492538,
        72.40040009638001,
        72.59805527238001
      ],
      "exit_codes": [
        0,
        0,
        0,
        0,
        0,
        0,
        0,
        0,
        0,
        0
      ]
    }
  ]
}
