{
  "results": [
    {
      "command": "cargo build --jobs 16 --release --example breakout",
      "mean": 73.22202114128,
      "stddev": 0.5578918774868605,
      "median": 73.06786965548,
      "user": 1043.3964586399998,
      "system": 27.55228718,
      "min": 72.52557159098,
      "max": 74.01065544498,
      "times": [
        73.73964246098,
        72.71031604098,
        74.01065544498,
        72.60297234898,
        73.13357394798,
        73.00216536298,
        73.71832143297999,
        72.52557159098,
        73.84855468498,
        72.92843809698
      ],
      "exit_codes": [
        0,
        0,
        0,
        0,
        0,
        0,
        0,
        0,
        0,
        0
      ]
    }
  ]
}
