{
  "results": [
    {
      "command": "cargo build --jobs 16 --release --example breakout",
      "mean": 72.98580171808001,
      "stddev": 0.5276043491880041,
      "median": 73.01572128748,
      "user": 1031.35866988,
      "system": 27.555215679999993,
      "min": 72.20881560098,
      "max": 73.60010571098,
      "times": [
        73.04125306598,
        73.55660441698,
        72.99018950898,
        73.45534219097999,
        72.20881560098,
        73.60010571098,
        73.41906512898,
        72.83866997298,
        72.28222563797999,
        72.46574594598
      ],
      "exit_codes": [
        0,
        0,
        0,
        0,
        0,
        0,
        0,
        0,
        0,
        0
      ]
    }
  ]
}
