{
  "results": [
    {
      "command": "cargo build --jobs 8 --release --example breakout",
      "mean": 109.54413651726,
      "stddev": 0.0920164974121237,
      "median": 109.54049892635999,
      "user": 827.17421858,
      "system": 21.88205882,
      "min": 109.40000081336,
      "max": 109.67861562336,
      "times": [
        109.67861562336,
        109.48663368436,
        109.50524455936,
        109.67743474235999,
        109.57941591936,
        109.44884422935999,
        109.58612659036,
        109.50329571736,
        109.40000081336,
        109.57575329336
      ],
      "exit_codes": [
        0,
        0,
        0,
        0,
        0,
        0,
        0,
        0,
        0,
        0
      ]
    }
  ]
}
