{
  "results": [
    {
      "command": "cargo build --jobs 8 --release --example breakout",
      "mean": 107.06240749802001,
      "stddev": 0.5849786696723053,
      "median": 106.96317990221999,
      "user": 808.7168451,
      "system": 21.708349339999998,
      "min": 106.42671026571999,
      "max": 107.77523576672,
      "times": [
        107.74199167271999,
        107.57525135472,
        106.61742190972,
        107.77523576672,
        106.58235060471999,
        106.42671026571999,
        107.30893789471999,
        106.48774826772,
        107.61238486372,
        106.49604237972
      ],
      "exit_codes": [
        0,
        0,
        0,
        0,
        0,
        0,
        0,
        0,
        0,
        0
      ]
    }
  ]
}
