{
  "results": [
    {
      "command": "cargo build --jobs 16 --release --example breakout",
      "mean": 71.15639375762001,
      "stddev": 0.5636111198785728,
      "median": 71.23148649972,
      "user": 1009.28444674,
      "system": 27.35302562,
      "min": 70.09962196372,
      "max": 71.94606227872,
      "times": [
        71.61713755972,
        71.73517377272,
        71.38068705872,
        71.37281697772,
        70.09962196372,
        70.82037020072,
        71.09015602172,
        71.94606227872,
        70.63242787372,
        70.86948386872001
      ],
      "exit_codes": [
        0,
        0,
        0,
        0,
        0,
        0,
        0,
        0,
        0,
        0
      ]
    }
  ]
}
