{
  "results": [
    {
      "command": "cargo build --jobs 16 --release --example breakout",
      "mean": 72.55445412274,
      "stddev": 0.6487700235524361,
      "median": 72.63481508134001,
      "user": 1046.07333146,
      "system": 27.588215579999996,
      "min": 71.68613149184,
      "max": 73.79188974584,
      "times": [
        72.76392811484,
        72.30418148784,
        73.02314387983999,
        72.00912974984,
        73.79188974584,
        72.84467009784,
        71.72860263484,
        71.68613149184,
        72.88716197683999,
        72.50570204784
      ],
      "exit_codes": [
        0,
        0,
        0,
        0,
        0,
        0,
        0,
        0,
        0,
        0
      ]
    }
  ]
}
