{
  "results": [
    {
      "command": "cargo build --jobs 8 --release --example breakout",
      "mean": 110.70067894676001,
      "stddev": 0.1246382026552781,
      "median": 110.70197190665999,
      "user": 834.56648488,
      "system": 21.965368939999998,
      "min": 110.42167329216,
      "max": 110.90221514916,
      "times": [
        110.69032780516,
        110.67440937015999,
        110.67242683116,
        110.75373296916,
        110.71361600816,
        110.90221514916,
        110.62696873216,
        110.78208194116,
        110.42167329216,
        110.76933736916
      ],
      "exit_codes": [
        0,
        0,
        0,
        0,
        0,
        0,
        0,
        0,
        0,
        0
      ]
    }
  ]
}
