{
  "results": [
    {
      "command": "cargo build --release --example breakout",
      "mean": 72.76690028600001,
      "stddev": 0.1422001086643303,
      "median": 72.7229370462,
      "user": 1380.0363880599996,
      "system": 39.322804819999995,
      "min": 72.5792889537,
      "max": 72.9808329937,
      "times": [
        72.9808329937,
        72.5792889537,
        72.7715033827,
        72.67814012470001,
        72.6422097117,
        72.68029288070001,
        72.9106075897,
        72.72728029470001,
        72.9802531307,
        72.71859379770001
      ],
      "exit_codes": [
        0,
        0,
        0,
        0,
        0,
        0,
        0,
        0,
        0,
        0
      ]
    }
  ]
}
