{
  "results": [
    {
      "command": "cargo build --jobs 16 --release --example breakout",
      "mean": 72.46644583257999,
      "stddev": 0.28274430405859025,
      "median": 72.36850008517999,
      "user": 1065.4135725800002,
      "system": 27.89428838,
      "min": 72.15865667618,
      "max": 73.03969982817999,
      "times": [
        72.28133605218,
        73.03969982817999,
        72.27783653318,
        72.15865667618,
        72.36071016118,
        72.18301848018,
        72.74951951318,
        72.37629000918,
        72.60931885018,
        72.62807222218
      ],
      "exit_codes": [
        0,
        0,
        0,
        0,
        0,
        0,
        0,
        0,
        0,
        0
      ]
    }
  ]
}
