{
  "results": [
    {
      "command": "cargo build --jobs 8 --release --example breakout",
      "mean": 112.21523853154,
      "stddev": 0.24913980151275494,
      "median": 112.23560864333999,
      "user": 847.67072118,
      "system": 22.5229956,
      "min": 111.67333165583999,
      "max": 112.58707711384,
      "times": [
        112.02000846083999,
        112.58707711384,
        112.16887395783999,
        112.29125069784,
        111.67333165583999,
        112.33276814384,
        112.12899848184,
        112.40081049883999,
        112.36929971583999,
        112.17996658883999
      ],
      "exit_codes": [
        0,
        0,
        0,
        0,
        0,
        0,
        0,
        0,
        0,
        0
      ]
    }
  ]
}
