{
  "results": [
    {
      "command": "cargo build --jobs 16 --release --example breakout",
      "mean": 69.92316533816,
      "stddev": 0.6726599739504948,
      "median": 69.96541390286,
      "user": 998.96378456,
      "system": 27.1603261,
      "min": 68.73114549086,
      "max": 70.81103051586,
      "times": [
        69.71105233486,
        68.73114549086,
        70.40988488386,
        69.71458593586,
        70.36756415486,
        70.64031981086,
        70.81103051586,
        69.31455831186,
        70.21624186986,
        69.31527007286
      ],
      "exit_codes": [
        0,
        0,
        0,
        0,
        0,
        0,
        0,
        0,
        0,
        0
      ]
    }
  ]
}
