{
  "results": [
    {
      "command": "cargo build --jobs 8 --release --example breakout",
      "mean": 105.87792497168,
      "stddev": 0.44469614427216075,
      "median": 105.95953348347999,
      "user": 797.9430054799999,
      "system": 21.658821020000005,
      "min": 105.21026953698,
      "max": 106.58215520498,
      "times": [
        105.88989104497999,
        105.37899742398,
        106.58215520498,
        106.05827490198,
        106.01467418598,
        105.31731483598,
        105.90439278097999,
        106.21772427698,
        106.20555552398,
        105.21026953698
      ],
      "exit_codes": [
        0,
        0,
        0,
        0,
        0,
        0,
        0,
        0,
        0,
        0
      ]
    }
  ]
}
