{
  "results": [
    {
      "command": "cargo build --jobs 16 --release --example breakout",
      "mean": 72.45916440843999,
      "stddev": 0.5713006220820945,
      "median": 72.34397700784,
      "user": 1065.93469672,
      "system": 27.8118425,
      "min": 72.05294233833999,
      "max": 73.98865060333999,
      "times": [
        73.98865060333999,
        72.61584549434,
        72.05371324734,
        72.37724781834,
        72.32331608834,
        72.25230924334,
        72.36463792734,
        72.50969044333999,
        72.05329088034,
        72.05294233833999
      ],
      "exit_codes": [
        0,
        0,
        0,
        0,
        0,
        0,
        0,
        0,
        0,
        0
      ]
    }
  ]
}
