{
  "results": [
    {
      "command": "cargo build --jobs 8 --release --example breakout",
      "mean": 112.32496037595999,
      "stddev": 0.21681549189149102,
      "median": 112.33699635255999,
      "user": 848.0270239999998,
      "system": 22.53209358,
      "min": 112.02181851306,
      "max": 112.63876011106,
      "times": [
        112.34024592406,
        112.45330170406,
        112.63134188406,
        112.63876011106,
        112.09572097106,
        112.02181851306,
        112.34105304606,
        112.33374678106,
        112.33172838605999,
        112.06188643906
      ],
      "exit_codes": [
        0,
        0,
        0,
        0,
        0,
        0,
        0,
        0,
        0,
        0
      ]
    }
  ]
}
