{
  "results": [
    {
      "command": "cargo build --jobs 16 --release --example breakout",
      "mean": 70.71743662438,
      "stddev": 0.7165271817044514,
      "median": 70.59688824098001,
      "user": 998.40564386,
      "system": 27.232323200000003,
      "min": 69.50583815448,
      "max": 72.12796550248,
      "times": [
        70.87744448748,
        71.38635499348,
        70.31021569248,
        72.12796550248,
        70.66159380548,
        69.50583815448,
        71.12592943048,
        70.25466674448,
        70.53218267648,
        70.39217475648
      ],
      "exit_codes": [
        0,
        0,
        0,
        0,
        0,
        0,
        0,
        0,
        0,
        0
      ]
    }
  ]
}
