{
  "results": [
    {
      "command": "cargo build --jobs 8 --release --example breakout",
      "mean": 105.9686284822,
      "stddev": 0.4359353466200756,
      "median": 105.95781504590002,
      "user": 799.45113334,
      "system": 21.73662264,
      "min": 105.26762851640001,
      "max": 106.79537507040001,
      "times": [
        105.26762851640001,
        106.3660173484,
        105.96020357440001,
        106.1412046194,
        105.50949832740001,
        105.7428330404,
        105.76709816440001,
        106.1809996434,
        106.79537507040001,
        105.95542651740001
      ],
      "exit_codes": [
        0,
        0,
        0,
        0,
        0,
        0,
        0,
        0,
        0,
        0
      ]
    }
  ]
}
