{
  "results": [
    {
      "command": "cargo build --jobs 8 --release --example breakout",
      "mean": 104.24682089834,
      "stddev": 0.23101653809423944,
      "median": 104.27887182424,
      "user": 785.66513946,
      "system": 21.52309664,
      "min": 103.66394274423999,
      "max": 104.49027072624,
      "times": [
        104.43887089124,
        104.21058488423999,
        104.29811637623999,
        104.49027072624,
        104.26395571024,
        104.41018611124,
        104.29378793824,
        104.14110367923999,
        103.66394274423999,
        104.25738992224
      ],
      "exit_codes": [
        0,
        0,
        0,
        0,
        0,
        0,
        0,
        0,
        0,
        0
      ]
    }
  ]
}
