{
  "results": [
    {
      "command": "cargo build --jobs 16 --release --example breakout",
      "mean": 69.52625818009999,
      "stddev": 0.637408406343821,
      "median": 69.4979383886,
      "user": 980.9487087800001,
      "system": 27.13079184,
      "min": 68.1474815736,
      "max": 70.5524924386,
      "times": [
        70.5524924386,
        69.4046243856,
        69.2644229836,
        69.5480468816,
        70.2939474966,
        69.5657155456,
        69.4478298956,
        68.1474815736,
        69.41548113260001,
        69.6225394676
      ],
      "exit_codes": [
        0,
        0,
        0,
        0,
        0,
        0,
        0,
        0,
        0,
        0
      ]
    }
  ]
}
