{
  "results": [
    {
      "command": "cargo build --release --example breakout",
      "mean": 72.78758708854002,
      "stddev": 0.14492815645493853,
      "median": 72.82995229934001,
      "user": 1401.52388138,
      "system": 39.8534944,
      "min": 72.56827330384,
      "max": 73.01599946784,
      "times": [
        72.65668728784,
        72.91599262384001,
        72.62374532384001,
        72.84834827784,
        72.81155632084001,
        72.56827330384,
        72.86630731784001,
        72.69009484184001,
        72.87886611984001,
        73.01599946784
      ],
      "exit_codes": [
        0,
        0,
        0,
        0,
        0,
        0,
        0,
        0,
        0,
        0
      ]
    }
  ]
}
