{
  "results": [
    {
      "command": "cargo build --jobs 8 --release --example breakout",
      "mean": 112.53765270214001,
      "stddev": 0.0891560227683927,
      "median": 112.52171986184001,
      "user": 843.68731146,
      "system": 22.503220779999996,
      "min": 112.41100867284,
      "max": 112.71873024183999,
      "times": [
        112.58783960384,
        112.51004372684,
        112.59312924184,
        112.41100867284,
        112.71873024183999,
        112.42459851984,
        112.52150332684,
        112.52193639684,
        112.58251076184,
        112.50522652884
      ],
      "exit_codes": [
        0,
        0,
        0,
        0,
        0,
        0,
        0,
        0,
        0,
        0
      ]
    }
  ]
}
