{
  "results": [
    {
      "command": "cargo build --jobs 16 --release --example breakout",
      "mean": 72.66216456427999,
      "stddev": 0.5574636524209625,
      "median": 72.61848481947999,
      "user": 1060.00225078,
      "system": 28.075118120000003,
      "min": 71.95445897047999,
      "max": 73.59663154948,
      "times": [
        73.20739742148,
        72.10137311548,
        73.23058381247999,
        71.95445897047999,
        72.36867442548,
        73.59663154948,
        72.59341132448,
        72.64355831447999,
        72.06451335647999,
        72.86104335248
      ],
      "exit_codes": [
        0,
        0,
        0,
        0,
        0,
        0,
        0,
        0,
        0,
        0
      ]
    }
  ]
}
