{
  "results": [
    {
      "command": "cargo build --jobs 16 --release --example breakout",
      "mean": 72.49882455572,
      "stddev": 0.314236553791547,
      "median": 72.41224549712,
      "user": 1071.7387914399999,
      "system": 27.99984242,
      "min": 72.14044840311999,
      "max": 73.09158614111999,
      "times": [
        73.02605859212,
        72.30806922411999,
        72.41232620512,
        72.31071530512,
        72.41216478912,
        72.44588497411999,
        73.09158614111999,
        72.14044840311999,
        72.54109469612,
        72.29989722712
      ],
      "exit_codes": [
        0,
        0,
        0,
        0,
        0,
        0,
        0,
        0,
        0,
        0
      ]
    }
  ]
}
