{
  "results": [
    {
      "command": "cargo build --jobs 8 --release --example breakout",
      "mean": 112.78540554275999,
      "stddev": 0.22761694287658527,
      "median": 112.81388195706,
      "user": 851.5756825000001,
      "system": 22.6977489,
      "min": 112.41456762605999,
      "max": 113.13781362106,
      "times": [
        112.54980797206,
        112.77816857106,
        112.84959534306,
        113.13781362106,
        112.94575736606,
        113.03161348006,
        112.56830530006,
        112.86471656706,
        112.41456762605999,
        112.71370958106
      ],
      "exit_codes": [
        0,
        0,
        0,
        0,
        0,
        0,
        0,
        0,
        0,
        0
      ]
    }
  ]
}
