{
  "results": [
    {
      "command": "cargo build --jobs 8 --release --example breakout",
      "mean": 112.0806017681,
      "stddev": 0.13666232593126254,
      "median": 112.04243899720001,
      "user": 843.7202357799999,
      "system": 22.50359656,
      "min": 111.8548659602,
      "max": 112.2831858152,
      "times": [
        112.22285935820001,
        112.11465244120001,
        112.03439904220001,
        111.9819660782,
        112.0008984762,
        112.2831858152,
        111.8548659602,
        112.2546847522,
        112.05047895220001,
        112.0080268052
      ],
      "exit_codes": [
        0,
        0,
        0,
        0,
        0,
        0,
        0,
        0,
        0,
        0
      ]
    }
  ]
}
