{
  "results": [
    {
      "command": "cargo build --jobs 16 --release --example breakout",
      "mean": 72.51528836848,
      "stddev": 0.7130353324378893,
      "median": 72.48020008408,
      "user": 1060.4599268000002,
      "system": 27.958498459999998,
      "min": 71.65740582058,
      "max": 73.58822857258001,
      "times": [
        71.80696446958,
        72.34887128958,
        71.81972563558,
        72.95274894258,
        71.93449543558,
        72.61152887858,
        73.49408674658,
        72.93882789358,
        73.58822857258001,
        71.65740582058
      ],
      "exit_codes": [
        0,
        0,
        0,
        0,
        0,
        0,
        0,
        0,
        0,
        0
      ]
    }
  ]
}
