{
  "results": [
    {
      "command": "cargo build --release --example breakout",
      "mean": 72.88239716701999,
      "stddev": 0.2632591009251906,
      "median": 72.83831062962,
      "user": 1403.8943208999997,
      "system": 39.92203624,
      "min": 72.35410784962001,
      "max": 73.33673071162,
      "times": [
        73.06592736462,
        72.81854698162,
        72.35410784962001,
        72.79326991062,
        72.87056972562,
        73.33673071162,
        73.15223961362,
        72.85807427762,
        72.80828069462,
        72.76622454062
      ],
      "exit_codes": [
        0,
        0,
        0,
        0,
        0,
        0,
        0,
        0,
        0,
        0
      ]
    }
  ]
}
