{
  "results": [
    {
      "command": "cargo build --jobs 16 --release --example breakout",
      "mean": 72.26290115728001,
      "stddev": 0.357794216572723,
      "median": 72.07834517917999,
      "user": 1066.92570204,
      "system": 27.96621268,
      "min": 72.00480837218001,
      "max": 73.14793767918,
      "times": [
        72.05765458318,
        72.37110316718,
        72.07750796018,
        72.04337960118,
        72.04828550518,
        72.55559222618,
        73.14793767918,
        72.24356008018,
        72.00480837218001,
        72.07918239818
      ],
      "exit_codes": [
        0,
        0,
        0,
        0,
        0,
        0,
        0,
        0,
        0,
        0
      ]
    }
  ]
}
