{
  "results": [
    {
      "command": "cargo build --jobs 8 --release --example breakout",
      "mean": 112.36127071952001,
      "stddev": 0.2295279798408241,
      "median": 112.24527429842,
      "user": 848.0900757799998,
      "system": 22.521638279999998,
      "min": 112.17811068942001,
      "max": 112.80003022742001,
      "times": [
        112.19183575642,
        112.80003022742001,
        112.21328282342,
        112.37755757442001,
        112.27726577342,
        112.18061674842001,
        112.17811068942001,
        112.18967069742,
        112.52466438042,
        112.67967252442
      ],
      "exit_codes": [
        0,
        0,
        0,
        0,
        0,
        0,
        0,
        0,
        0,
        0
      ]
    }
  ]
}
