{
  "results": [
    {
      "command": "cargo build --jobs 16 --release --example breakout",
      "mean": 73.03178776754001,
      "stddev": 0.6423039784014047,
      "median": 72.82044103234,
      "user": 1040.95769212,
      "system": 27.629498359999996,
      "min": 72.35385905934,
      "max": 74.31259270234,
      "times": [
        74.31259270234,
        72.63396940834,
        73.51579644834,
        72.55216418133999,
        72.37759148034,
        73.67411927133999,
        73.25690305933999,
        72.89045544033999,
        72.35385905934,
        72.75042662434
      ],
      "exit_codes": [
        0,
        0,
        0,
        0,
        0,
        0,
        0,
        0,
        0,
        0
      ]
    }
  ]
}
