{
  "results": [
    {
      "command": "cargo build --jobs 8 --release --example breakout",
      "mean": 110.4582947875,
      "stddev": 0.1892892174456158,
      "median": 110.45045601340001,
      "user": 831.7576978000001,
      "system": 22.03549432,
      "min": 110.18767120940001,
      "max": 110.7947107284,
      "times": [
        110.7947107284,
        110.46899982640001,
        110.6060938124,
        110.6180265374,
        110.4319122004,
        110.18767120940001,
        110.2393604504,
        110.3508075914,
        110.3245340614,
        110.5608314574
      ],
      "exit_codes": [
        0,
        0,
        0,
        0,
        0,
        0,
        0,
        0,
        0,
        0
      ]
    }
  ]
}
