{
  "results": [
    {
      "command": "cargo build --jobs 16 --release --example breakout",
      "mean": 72.44630438084,
      "stddev": 0.40068046402222035,
      "median": 72.45346806474,
      "user": 1068.47127718,
      "system": 27.97343498,
      "min": 71.98327799574,
      "max": 72.99334729774,
      "times": [
        72.99334729774,
        72.76510367774,
        72.92707526273999,
        72.61278325474,
        71.99091686573999,
        72.29415287473999,
        72.72653563374,
        71.98327799574,
        72.06882549273999,
        72.10102545273999
      ],
      "exit_codes": [
        0,
        0,
        0,
        0,
        0,
        0,
        0,
        0,
        0,
        0
      ]
    }
  ]
}
