{
  "results": [
    {
      "command": "cargo build --jobs 8 --release --example breakout",
      "mean": 112.50515662542,
      "stddev": 0.18506788573496386,
      "median": 112.53833277172,
      "user": 848.1118007400003,
      "system": 22.549313899999998,
      "min": 112.04446209471999,
      "max": 112.68401945772,
      "times": [
        112.04446209471999,
        112.51251643572,
        112.45974094772,
        112.66826808572,
        112.51727295671999,
        112.56673861972,
        112.55939258672,
        112.68401945772,
        112.40125377071999,
        112.63790129872
      ],
      "exit_codes": [
        0,
        0,
        0,
        0,
        0,
        0,
        0,
        0,
        0,
        0
      ]
    }
  ]
}
