{
  "results": [
    {
      "command": "cargo build --jobs 16 --release --example breakout",
      "mean": 72.62455105908,
      "stddev": 0.38727953125727593,
      "median": 72.54811609648,
      "user": 1071.30237224,
      "system": 28.059259599999997,
      "min": 72.21438657398001,
      "max": 73.33569420898,
      "times": [
        72.83706177098,
        72.44425799298,
        73.33569420898,
        72.22398210098001,
        72.67513898798,
        73.15083544598001,
        72.26792131598,
        72.64656348298,
        72.21438657398001,
        72.44966870998
      ],
      "exit_codes": [
        0,
        0,
        0,
        0,
        0,
        0,
        0,
        0,
        0,
        0
      ]
    }
  ]
}
