{
  "results": [
    {
      "command": "cargo build --jobs 8 --release --example breakout",
      "mean": 112.72386136984001,
      "stddev": 0.17882857695250423,
      "median": 112.74017329614,
      "user": 851.6209995199999,
      "system": 22.62734242,
      "min": 112.39908521414,
      "max": 113.01129521314,
      "times": [
        113.01129521314,
        112.85297141614,
        112.77635147814,
        112.74052723214,
        112.68447145114,
        112.39908521414,
        112.50924158014,
        112.73981936014,
        112.88320319914,
        112.64164755414
      ],
      "exit_codes": [
        0,
        0,
        0,
        0,
        0,
        0,
        0,
        0,
        0,
        0
      ]
    }
  ]
}
