{
  "results": [
    {
      "command": "cargo build --jobs 8 --release --example breakout",
      "mean": 111.88175488704,
      "stddev": 0.1395675031637209,
      "median": 111.85617996844,
      "user": 846.5655792999999,
      "system": 22.083663479999995,
      "min": 111.71208922194,
      "max": 112.20190945894001,
      "times": [
        111.95015128294,
        111.84453440194001,
        111.86782553494,
        111.71208922194,
        111.79534575394,
        112.20190945894001,
        111.75289700994,
        111.80642809994,
        111.95862498594,
        111.92774311994
      ],
      "exit_codes": [
        0,
        0,
        0,
        0,
        0,
        0,
        0,
        0,
        0,
        0
      ]
    }
  ]
}
