{
  "results": [
    {
      "command": "cargo build --release --example breakout",
      "mean": 73.49020397278,
      "stddev": 0.29396486907470265,
      "median": 73.39003507058,
      "user": 1404.76354972,
      "system": 39.519080579999994,
      "min": 73.11090334608001,
      "max": 74.08518538408,
      "times": [
        73.32989910608,
        73.65730554108,
        73.38813043408,
        73.63086805208,
        73.75756752208,
        74.08518538408,
        73.38090119308,
        73.39193970708,
        73.16933944208,
        73.11090334608001
      ],
      "exit_codes": [
        0,
        0,
        0,
        0,
        0,
        0,
        0,
        0,
        0,
        0
      ]
    }
  ]
}
