{
  "results": [
    {
      "command": "cargo build --jobs 16 --release --example breakout",
      "mean": 73.83240761853999,
      "stddev": 0.5486815035250452,
      "median": 73.72788096884,
      "user": 1059.50294094,
      "system": 27.84529502,
      "min": 73.23163904484001,
      "max": 74.79988335284,
      "times": [
        73.31721090784,
        74.45881249084,
        73.63727620984001,
        74.22177641784,
        73.81848572784,
        73.23163904484001,
        74.12209340984,
        73.23265049984,
        73.48424812384,
        74.79988335284
      ],
      "exit_codes": [
        0,
        0,
        0,
        0,
        0,
        0,
        0,
        0,
        0,
        0
      ]
    }
  ]
}
