{
  "results": [
    {
      "command": "cargo build --jobs 16 --release --example breakout",
      "mean": 73.28235575965999,
      "stddev": 0.5576674152345841,
      "median": 73.20417652686,
      "user": 1060.7853488,
      "system": 27.75079434,
      "min": 72.56105978386,
      "max": 74.47966463686,
      "times": [
        73.37408218486,
        72.99712732985999,
        73.51702224585999,
        72.66842894186,
        73.78248735186,
        72.56105978386,
        73.20379463185999,
        73.03533206786,
        73.20455842186,
        74.47966463686
      ],
      "exit_codes": [
        0,
        0,
        0,
        0,
        0,
        0,
        0,
        0,
        0,
        0
      ]
    }
  ]
}
