{
  "results": [
    {
      "command": "cargo build --jobs 8 --release --example breakout",
      "mean": 111.85953701968,
      "stddev": 0.1559113394230635,
      "median": 111.83083330998,
      "user": 846.64839942,
      "system": 22.09959928,
      "min": 111.62611415748,
      "max": 112.07246008848,
      "times": [
        111.81580703848,
        111.79307416548001,
        111.80074534748,
        112.06734106448,
        111.84879735548,
        111.68139099648,
        112.04378040148,
        112.07246008848,
        111.84585958148,
        111.62611415748
      ],
      "exit_codes": [
        0,
        0,
        0,
        0,
        0,
        0,
        0,
        0,
        0,
        0
      ]
    }
  ]
}
