{
  "results": [
    {
      "command": "cargo build --release --example breakout",
      "mean": 73.5902691428,
      "stddev": 0.23642460745677912,
      "median": 73.5980237244,
      "user": 1409.4214044999999,
      "system": 39.484363499999986,
      "min": 73.2056002784,
      "max": 73.9308508914,
      "times": [
        73.2948364184,
        73.2056002784,
        73.4596190364,
        73.7597684254,
        73.5603021634,
        73.9308508914,
        73.63574528539999,
        73.46436916939999,
        73.7589171594,
        73.83268260039999
      ],
      "exit_codes": [
        0,
        0,
        0,
        0,
        0,
        0,
        0,
        0,
        0,
        0
      ]
    }
  ]
}
