{
  "results": [
    {
      "command": "cargo build --jobs 16 --release --example breakout",
      "mean": 72.34810931972,
      "stddev": 0.32592228415709884,
      "median": 72.27096307342,
      "user": 1067.5769961600001,
      "system": 28.02060626,
      "min": 71.97596329942,
      "max": 72.99015038942,
      "times": [
        72.51778435442,
        72.55809756442,
        72.02025554642,
        72.25782071041999,
        72.26946676342,
        72.27245938342,
        71.97596329942,
        72.62728351642,
        71.99181166942,
        72.99015038942
      ],
      "exit_codes": [
        0,
        0,
        0,
        0,
        0,
        0,
        0,
        0,
        0,
        0
      ]
    }
  ]
}
