{
  "results": [
    {
      "command": "cargo build --jobs 8 --release --example breakout",
      "mean": 112.33088592222,
      "stddev": 0.31159407374901493,
      "median": 112.22905479432,
      "user": 848.0787765199999,
      "system": 22.4824881,
      "min": 111.94478499982,
      "max": 112.89762609882,
      "times": [
        112.01979543582,
        112.52963724982,
        112.22083750482,
        112.10325212682001,
        112.63569942982001,
        112.58355582082001,
        111.94478499982,
        112.13639847182,
        112.23727208382,
        112.89762609882
      ],
      "exit_codes": [
        0,
        0,
        0,
        0,
        0,
        0,
        0,
        0,
        0,
        0
      ]
    }
  ]
}
