{
  "results": [
    {
      "command": "cargo build --jobs 8 --release --example breakout",
      "mean": 109.38320603088,
      "stddev": 0.12858547518090224,
      "median": 109.35700369808,
      "user": 826.81993726,
      "system": 21.93416336,
      "min": 109.22611644258,
      "max": 109.67453229457999,
      "times": [
        109.67453229457999,
        109.41610370558,
        109.45319510758,
        109.46511851558,
        109.28771017858,
        109.33377676158,
        109.22611644258,
        109.28432891557999,
        109.38023063458,
        109.31094775257999
      ],
      "exit_codes": [
        0,
        0,
        0,
        0,
        0,
        0,
        0,
        0,
        0,
        0
      ]
    }
  ]
}
