{
  "results": [
    {
      "command": "cargo build --jobs 16 --release --example breakout",
      "mean": 72.8584603216,
      "stddev": 0.6490525715323464,
      "median": 72.6099661303,
      "user": 1032.03302394,
      "system": 27.58487994,
      "min": 72.1893497103,
      "max": 73.7569100503,
      "times": [
        72.54649723829999,
        72.2516057223,
        72.24378549129999,
        73.66456505529999,
        73.5484141373,
        73.3712492613,
        73.7569100503,
        72.1893497103,
        72.6734350223,
        72.33879152729999
      ],
      "exit_codes": [
        0,
        0,
        0,
        0,
        0,
        0,
        0,
        0,
        0,
        0
      ]
    }
  ]
}
