{
  "results": [
    {
      "command": "cargo build --release --example breakout",
      "mean": 73.53839378760001,
      "stddev": 0.17475217869600673,
      "median": 73.4937041144,
      "user": 1406.4077184399998,
      "system": 39.690204859999994,
      "min": 73.30200995140001,
      "max": 73.7861134564,
      "times": [
        73.7861134564,
        73.7448572064,
        73.5203619154,
        73.3725961484,
        73.4670463134,
        73.3621409344,
        73.65932100340001,
        73.30200995140001,
        73.7114055204,
        73.4580854264
      ],
      "exit_codes": [
        0,
        0,
        0,
        0,
        0,
        0,
        0,
        0,
        0,
        0
      ]
    }
  ]
}
