{
  "results": [
    {
      "command": "cargo build --jobs 16 --release --example breakout",
      "mean": 74.4152936058,
      "stddev": 0.7603286634247677,
      "median": 74.5453526461,
      "user": 1059.59272412,
      "system": 27.791107659999994,
      "min": 72.8873277266,
      "max": 75.1881254536,
      "times": [
        75.1881254536,
        74.6239492846,
        73.68657310660001,
        74.9609904156,
        74.4667560076,
        72.8873277266,
        75.0982679686,
        75.1380867946,
        74.31813756060001,
        73.7847217396
      ],
      "exit_codes": [
        0,
        0,
        0,
        0,
        0,
        0,
        0,
        0,
        0,
        0
      ]
    }
  ]
}
