{
  "results": [
    {
      "command": "cargo build --jobs 8 --release --example breakout",
      "mean": 112.06190071782002,
      "stddev": 0.11260794727179435,
      "median": 112.03868405632,
      "user": 847.21433736,
      "system": 22.186600439999996,
      "min": 111.88668301482001,
      "max": 112.26275859182,
      "times": [
        111.94303393082001,
        112.21856281782,
        112.08004944582001,
        112.04148597782,
        112.03167128582001,
        112.26275859182,
        112.02735838282,
        112.09152159582,
        111.88668301482001,
        112.03588213482
      ],
      "exit_codes": [
        0,
        0,
        0,
        0,
        0,
        0,
        0,
        0,
        0,
        0
      ]
    }
  ]
}
