{
  "results": [
    {
      "command": "cargo build --jobs 8 --release --example breakout",
      "mean": 113.46004881921999,
      "stddev": 0.1757313664951461,
      "median": 113.43442981042,
      "user": 853.9505533199999,
      "system": 22.74016828,
      "min": 113.22879394792,
      "max": 113.72360915691999,
      "times": [
        113.47234093792,
        113.22879394792,
        113.62447136492,
        113.25749928792,
        113.58414871891999,
        113.72360915691999,
        113.29882777592,
        113.64299658592,
        113.39651868292,
        113.37128173292
      ],
      "exit_codes": [
        0,
        0,
        0,
        0,
        0,
        0,
        0,
        0,
        0,
        0
      ]
    }
  ]
}
