{
  "results": [
    {
      "command": "cargo build --jobs 16 --release --example breakout",
      "mean": 73.11618945110001,
      "stddev": 0.35179304614633466,
      "median": 73.07441735040001,
      "user": 1073.40894432,
      "system": 28.235337079999994,
      "min": 72.6529005674,
      "max": 73.7615598044,
      "times": [
        72.6529005674,
        73.6011753054,
        73.7615598044,
        73.0998468474,
        72.7545461464,
        72.8236846294,
        73.2585166184,
        73.1222827114,
        73.0383940274,
        73.0489878534
      ],
      "exit_codes": [
        0,
        0,
        0,
        0,
        0,
        0,
        0,
        0,
        0,
        0
      ]
    }
  ]
}
