{
  "results": [
    {
      "command": "cargo build --jobs 16 --release --example breakout",
      "mean": 73.72418342222,
      "stddev": 0.8655220414970876,
      "median": 73.41008842062,
      "user": 1062.71627338,
      "system": 27.981245579999996,
      "min": 72.80720182712,
      "max": 75.38435247212,
      "times": [
        73.24947824612,
        73.33549986612,
        75.13204470012,
        73.48467697512,
        73.95894987512,
        73.57249237712,
        72.80720182712,
        73.08334411212,
        75.38435247212,
        73.23379377112
      ],
      "exit_codes": [
        0,
        0,
        0,
        0,
        0,
        0,
        0,
        0,
        0,
        0
      ]
    }
  ]
}
