{
  "results": [
    {
      "command": "cargo build --jobs 8 --release --example breakout",
      "mean": 112.30827318594,
      "stddev": 0.05686744739256873,
      "median": 112.29794438793999,
      "user": 848.16276882,
      "system": 22.27389788,
      "min": 112.22185448994,
      "max": 112.42323803693999,
      "times": [
        112.22185448994,
        112.28818808694,
        112.31468630894,
        112.30476303294,
        112.29112574294,
        112.32412384394,
        112.25794330394,
        112.37353916794,
        112.28326984494,
        112.42323803693999
      ],
      "exit_codes": [
        0,
        0,
        0,
        0,
        0,
        0,
        0,
        0,
        0,
        0
      ]
    }
  ]
}
