{
  "results": [
    {
      "command": "cargo build --jobs 16 --release --example breakout",
      "mean": 72.9919505874,
      "stddev": 0.6410658478593614,
      "median": 72.78063034819999,
      "user": 1031.9313223600002,
      "system": 27.559535519999997,
      "min": 72.22168881569999,
      "max": 74.25735045869999,
      "times": [
        72.4800947967,
        72.83893548469999,
        72.7014695737,
        73.0077262577,
        72.9923632347,
        72.22168881569999,
        72.7223252117,
        72.7136524477,
        74.25735045869999,
        73.9838995927
      ],
      "exit_codes": [
        0,
        0,
        0,
        0,
        0,
        0,
        0,
        0,
        0,
        0
      ]
    }
  ]
}
