{
  "results": [
    {
      "command": "cargo build --release --example breakout",
      "mean": 72.77707886746,
      "stddev": 0.18000031993230053,
      "median": 72.80778385856,
      "user": 1381.3429055599997,
      "system": 39.18367712,
      "min": 72.45481366356,
      "max": 72.99331222656001,
      "times": [
        72.86135646256,
        72.45481366356,
        72.99331222656001,
        72.76705390556,
        72.71264500756,
        72.63693364956,
        72.98582836856001,
        72.58145047556,
        72.92888110356,
        72.84851381156
      ],
      "exit_codes": [
        0,
        0,
        0,
        0,
        0,
        0,
        0,
        0,
        0,
        0
      ]
    }
  ]
}
