{
  "results": [
    {
      "command": "cargo build --jobs 8 --release --example breakout",
      "mean": 109.31575403977999,
      "stddev": 0.1180674844915855,
      "median": 109.31368776018,
      "user": 826.7223822,
      "system": 21.9138323,
      "min": 109.16644044918,
      "max": 109.59179392918,
      "times": [
        109.28314046518,
        109.33350836918001,
        109.59179392918,
        109.36490700318001,
        109.18819245518,
        109.33117590618001,
        109.35517327718,
        109.29619961418,
        109.16644044918,
        109.24700892918
      ],
      "exit_codes": [
        0,
        0,
        0,
        0,
        0,
        0,
        0,
        0,
        0,
        0
      ]
    }
  ]
}
