{
  "results": [
    {
      "command": "cargo build --jobs 16 --release --example breakout",
      "mean": 72.41996383192,
      "stddev": 0.3397858806349462,
      "median": 72.32153394192,
      "user": 1069.23330958,
      "system": 27.988299079999997,
      "min": 72.08673790492,
      "max": 73.02639193591999,
      "times": [
        72.32362901792,
        72.13333462391999,
        73.02639193591999,
        72.31943886591999,
        72.29129525591999,
        72.32535893091999,
        72.55397062691999,
        73.00010310692,
        72.13937804992,
        72.08673790492
      ],
      "exit_codes": [
        0,
        0,
        0,
        0,
        0,
        0,
        0,
        0,
        0,
        0
      ]
    }
  ]
}
