{
  "results": [
    {
      "command": "cargo build --jobs 8 --release --example breakout",
      "mean": 112.33599255704,
      "stddev": 0.1436149506285766,
      "median": 112.34131103403999,
      "user": 849.6991446,
      "system": 22.527646679999997,
      "min": 112.12318397904,
      "max": 112.52547031803999,
      "times": [
        112.12318397904,
        112.47370220703999,
        112.30265548804,
        112.52547031803999,
        112.13437710904,
        112.26899067304,
        112.43780968104,
        112.37996658003999,
        112.24275498604,
        112.47101454903999
      ],
      "exit_codes": [
        0,
        0,
        0,
        0,
        0,
        0,
        0,
        0,
        0,
        0
      ]
    }
  ]
}
