{
  "results": [
    {
      "command": "cargo build --jobs 16 --release --example breakout",
      "mean": 73.36804265202001,
      "stddev": 0.8535940334683488,
      "median": 73.05820300292001,
      "user": 1058.7695460999998,
      "system": 27.83571206,
      "min": 72.49531377242,
      "max": 75.19851764142001,
      "times": [
        73.57619503142,
        73.03619171342001,
        72.49531377242,
        73.08021429242001,
        73.49108050442001,
        75.19851764142001,
        72.62864750342001,
        74.43778543542001,
        72.90833445642001,
        72.82814616942001
      ],
      "exit_codes": [
        0,
        0,
        0,
        0,
        0,
        0,
        0,
        0,
        0,
        0
      ]
    }
  ]
}
