{
  "results": [
    {
      "command": "cargo build --release --example breakout",
      "mean": 73.60706276138,
      "stddev": 0.1376480381754411,
      "median": 73.59024149568,
      "user": 1407.9585004200003,
      "system": 39.538806120000004,
      "min": 73.34891917768,
      "max": 73.79392405068,
      "times": [
        73.68819554667999,
        73.44991463968,
        73.79392405068,
        73.59400457667999,
        73.58187217468,
        73.58647841468,
        73.56073186368,
        73.76826313368,
        73.69832403568,
        73.34891917768
      ],
      "exit_codes": [
        0,
        0,
        0,
        0,
        0,
        0,
        0,
        0,
        0,
        0
      ]
    }
  ]
}
