{
  "results": [
    {
      "command": "cargo build --jobs 8 --release --example breakout",
      "mean": 111.7728192859,
      "stddev": 0.22263873294668005,
      "median": 111.7198214238,
      "user": 845.9353568,
      "system": 22.15861966,
      "min": 111.52680172929999,
      "max": 112.3224725433,
      "times": [
        111.72807325929999,
        111.6264045743,
        111.52680172929999,
        111.91327957429999,
        111.63558267529999,
        112.3224725433,
        111.65555433829999,
        111.7115695883,
        111.77267785129999,
        111.8357767253
      ],
      "exit_codes": [
        0,
        0,
        0,
        0,
        0,
        0,
        0,
        0,
        0,
        0
      ]
    }
  ]
}
