{
  "results": [
    {
      "command": "cargo build --jobs 8 --release --example breakout",
      "mean": 112.34049188094,
      "stddev": 0.11203377319933458,
      "median": 112.32838825174001,
      "user": 848.4598161,
      "system": 22.5187864,
      "min": 112.15065836574,
      "max": 112.50382042274,
      "times": [
        112.46614078374,
        112.38345939974,
        112.34910338974001,
        112.29184924874001,
        112.30767311374001,
        112.44145022674,
        112.50382042274,
        112.20837163274001,
        112.30239222574001,
        112.15065836574
      ],
      "exit_codes": [
        0,
        0,
        0,
        0,
        0,
        0,
        0,
        0,
        0,
        0
      ]
    }
  ]
}
