{
  "results": [
    {
      "command": "cargo build --jobs 16 --release --example breakout",
      "mean": 72.43910128226,
      "stddev": 0.439674061915127,
      "median": 72.32866459006,
      "user": 1067.0649759399998,
      "system": 27.85063358,
      "min": 72.01640084606,
      "max": 73.34192098606,
      "times": [
        72.01640084606,
        73.34192098606,
        72.05461912106,
        72.99759231906,
        72.19411494606,
        72.59964435206,
        72.33033609506,
        72.02459508306,
        72.50479598906,
        72.32699308506
      ],
      "exit_codes": [
        0,
        0,
        0,
        0,
        0,
        0,
        0,
        0,
        0,
        0
      ]
    }
  ]
}
