{
  "results": [
    {
      "command": "cargo build --jobs 8 --release --example breakout",
      "mean": 111.89335790124001,
      "stddev": 0.13153304074202976,
      "median": 111.90087403634,
      "user": 846.47004738,
      "system": 22.156956079999997,
      "min": 111.67645430584,
      "max": 112.07136300783999,
      "times": [
        111.67645430584,
        111.86103388784,
        112.04867969284,
        111.92835277284,
        111.95273187184,
        111.87339529984,
        111.76954841384,
        112.07136300783999,
        111.75206096484,
        111.99995879484
      ],
      "exit_codes": [
        0,
        0,
        0,
        0,
        0,
        0,
        0,
        0,
        0,
        0
      ]
    }
  ]
}
