{
  "results": [
    {
      "command": "cargo build --release --example breakout",
      "mean": 73.37731840275998,
      "stddev": 0.1648353389903385,
      "median": 73.36308516835999,
      "user": 1408.16898842,
      "system": 39.68414176,
      "min": 73.19605259385999,
      "max": 73.76586881386,
      "times": [
        73.19605259385999,
        73.30564167386,
        73.76586881386,
        73.22131078186,
        73.34098199185999,
        73.38518834486,
        73.24306149686,
        73.42370667086,
        73.43295231085999,
        73.45841934885999
      ],
      "exit_codes": [
        0,
        0,
        0,
        0,
        0,
        0,
        0,
        0,
        0,
        0
      ]
    }
  ]
}
