{
  "results": [
    {
      "command": "cargo build --jobs 16 --release --example breakout",
      "mean": 73.57784709840001,
      "stddev": 0.5509775367743123,
      "median": 73.52027387430002,
      "user": 1059.87372502,
      "system": 27.793518640000002,
      "min": 72.70897397280001,
      "max": 74.78150249880001,
      "times": [
        73.18709011680001,
        73.2189685988,
        73.7200859518,
        73.61010088980001,
        74.78150249880001,
        73.7650159578,
        73.43044685880001,
        72.70897397280001,
        73.9509294438,
        73.4053566948
      ],
      "exit_codes": [
        0,
        0,
        0,
        0,
        0,
        0,
        0,
        0,
        0,
        0
      ]
    }
  ]
}
