{
  "results": [
    {
      "command": "cargo build --jobs 16 --release --example breakout",
      "mean": 72.25229934152,
      "stddev": 0.34699403783877214,
      "median": 72.20952518901998,
      "user": 1019.15108988,
      "system": 27.646427299999992,
      "min": 71.58140541851999,
      "max": 72.87793570352,
      "times": [
        71.58140541851999,
        72.32228505552,
        72.61195300552,
        72.05341141251999,
        72.14487081451999,
        72.87793570352,
        72.27417956352,
        72.11084964051999,
        72.40614936152,
        72.13995343952
      ],
      "exit_codes": [
        0,
        0,
        0,
        0,
        0,
        0,
        0,
        0,
        0,
        0
      ]
    }
  ]
}
