{
  "results": [
    {
      "command": "cargo build --jobs 8 --release --example breakout",
      "mean": 108.23007123697998,
      "stddev": 0.13870886729837936,
      "median": 108.23798353768,
      "user": 816.0500804000001,
      "system": 21.923999039999998,
      "min": 107.93915095068,
      "max": 108.42393011368,
      "times": [
        108.15091182968,
        108.37596337768,
        107.93915095068,
        108.14591488667999,
        108.26558850568,
        108.42393011368,
        108.26818655068,
        108.21037856967999,
        108.33576773467999,
        108.18491985067999
      ],
      "exit_codes": [
        0,
        0,
        0,
        0,
        0,
        0,
        0,
        0,
        0,
        0
      ]
    }
  ]
}
