{
  "results": [
    {
      "command": "cargo build --jobs 8 --release --example breakout",
      "mean": 108.26872066488,
      "stddev": 0.2257565478050326,
      "median": 108.26917817668,
      "user": 815.8277919399999,
      "system": 21.843965160000003,
      "min": 107.94050434018,
      "max": 108.58743163717999,
      "times": [
        108.17845349718,
        108.17543686917999,
        108.58743163717999,
        108.49325304018,
        107.94050434018,
        108.05092576918,
        108.50270553418,
        108.02324319118,
        108.35990285618,
        108.37534991417999
      ],
      "exit_codes": [
        0,
        0,
        0,
        0,
        0,
        0,
        0,
        0,
        0,
        0
      ]
    }
  ]
}
