{
  "results": [
    {
      "command": "cargo build --jobs 16 --release --example breakout",
      "mean": 72.41929611494,
      "stddev": 0.5534674239252043,
      "median": 72.19168583103999,
      "user": 1019.2029411400001,
      "system": 27.53997186,
      "min": 71.65142571704,
      "max": 73.46233547604,
      "times": [
        72.25898263204,
        72.11460727004,
        73.46233547604,
        72.68040006103999,
        72.07933155904,
        72.95270315804,
        71.98431331303999,
        71.65142571704,
        72.88447293304,
        72.12438903003999
      ],
      "exit_codes": [
        0,
        0,
        0,
        0,
        0,
        0,
        0,
        0,
        0,
        0
      ]
    }
  ]
}
