{
  "results": [
    {
      "command": "cargo build --jobs 16 --release --example breakout",
      "mean": 72.51756906346,
      "stddev": 0.2094517433605748,
      "median": 72.53997569085999,
      "user": 1070.6972057599999,
      "system": 28.159634179999994,
      "min": 72.07969454586001,
      "max": 72.83103458386,
      "times": [
        72.47433222586,
        72.36545761486,
        72.49324320986,
        72.58886144586,
        72.58670817186,
        72.61607913286001,
        72.40560706486,
        72.73467263886,
        72.07969454586001,
        72.83103458386
      ],
      "exit_codes": [
        0,
        0,
        0,
        0,
        0,
        0,
        0,
        0,
        0,
        0
      ]
    }
  ]
}
