{
  "results": [
    {
      "command": "cargo build --jobs 8 --release --example breakout",
      "mean": 113.12550090817999,
      "stddev": 0.24473126002869633,
      "median": 113.26353077618,
      "user": 850.17646874,
      "system": 22.578526099999998,
      "min": 112.68491128168,
      "max": 113.39726709668,
      "times": [
        113.26501789267999,
        113.26847616768,
        113.28007346668,
        113.09745406768,
        113.39726709668,
        113.29495356768,
        112.92296925368,
        113.26204365968,
        112.68491128168,
        112.78184262767999
      ],
      "exit_codes": [
        0,
        0,
        0,
        0,
        0,
        0,
        0,
        0,
        0,
        0
      ]
    }
  ]
}
