{
  "results": [
    {
      "command": "cargo build --jobs 16 --release --example breakout",
      "mean": 72.14418540646,
      "stddev": 0.32057123313368224,
      "median": 72.04906689475999,
      "user": 1067.10642174,
      "system": 27.71792191999999,
      "min": 71.90606751376,
      "max": 72.97424293175999,
      "times": [
        71.98910165475999,
        71.92752504475999,
        71.96573545976,
        72.32982345575999,
        71.90606751376,
        72.17586126975999,
        72.11765171575999,
        71.94681288375999,
        72.10903213476,
        72.97424293175999
      ],
      "exit_codes": [
        0,
        0,
        0,
        0,
        0,
        0,
        0,
        0,
        0,
        0
      ]
    }
  ]
}
