{
  "results": [
    {
      "command": "cargo build --jobs 8 --release --example breakout",
      "mean": 111.86927783008002,
      "stddev": 0.24768816261121657,
      "median": 111.82242754518,
      "user": 847.8093046,
      "system": 22.519734520000004,
      "min": 111.59642090618,
      "max": 112.26964506718001,
      "times": [
        112.04486092418,
        112.11220407118,
        111.60883931418,
        111.59642090618,
        111.59908709418,
        112.10369983018,
        112.26964506718001,
        111.71316600318,
        111.86123280718,
        111.78362228318
      ],
      "exit_codes": [
        0,
        0,
        0,
        0,
        0,
        0,
        0,
        0,
        0,
        0
      ]
    }
  ]
}
