{
  "results": [
    {
      "command": "cargo build --jobs 8 --release --example breakout",
      "mean": 112.46622295504001,
      "stddev": 0.07744426290223744,
      "median": 112.46627671684,
      "user": 844.5064029399998,
      "system": 22.533679659999997,
      "min": 112.30896941534,
      "max": 112.56698291834,
      "times": [
        112.40420948934,
        112.48333241834,
        112.55154803434,
        112.48671720834,
        112.44048372834,
        112.56698291834,
        112.43259663534,
        112.30896941534,
        112.53816868734,
        112.44922101534
      ],
      "exit_codes": [
        0,
        0,
        0,
        0,
        0,
        0,
        0,
        0,
        0,
        0
      ]
    }
  ]
}
