{
  "results": [
    {
      "command": "cargo build --jobs 16 --release --example breakout",
      "mean": 72.5706248014,
      "stddev": 0.7413834191296095,
      "median": 72.37255792469999,
      "user": 1060.8425356,
      "system": 28.078114739999997,
      "min": 71.6921832142,
      "max": 74.0592232722,
      "times": [
        72.7234486822,
        71.6921832142,
        71.8990260712,
        72.1560369372,
        71.97657045819999,
        73.1990466672,
        74.0592232722,
        72.27897922919999,
        73.2555968622,
        72.46613662019999
      ],
      "exit_codes": [
        0,
        0,
        0,
        0,
        0,
        0,
        0,
        0,
        0,
        0
      ]
    }
  ]
}
