{
  "results": [
    {
      "command": "cargo build --release --example breakout",
      "mean": 72.66016933984,
      "stddev": 0.16595659438654764,
      "median": 72.67133251074,
      "user": 1401.27091408,
      "system": 39.77160252,
      "min": 72.39378308773999,
      "max": 72.95233456574,
      "times": [
        72.63448664974,
        72.70873686774,
        72.70817837174,
        72.48274441774,
        72.75311206674,
        72.60261497174,
        72.53833562674,
        72.82736677273999,
        72.95233456574,
        72.39378308773999
      ],
      "exit_codes": [
        0,
        0,
        0,
        0,
        0,
        0,
        0,
        0,
        0,
        0
      ]
    }
  ]
}
