{
  "results": [
    {
      "command": "cargo build --release --example breakout",
      "mean": 72.18573992805999,
      "stddev": 0.17131787477606414,
      "median": 72.22971133776,
      "user": 1381.18680176,
      "system": 39.4540597,
      "min": 71.93847546676,
      "max": 72.43012638076,
      "times": [
        72.00434553475999,
        72.32918625676,
        72.30013056276,
        72.15940980776,
        71.99719677976,
        72.08295579476,
        72.43012638076,
        72.30001286776,
        72.31555982876,
        71.93847546676
      ],
      "exit_codes": [
        0,
        0,
        0,
        0,
        0,
        0,
        0,
        0,
        0,
        0
      ]
    }
  ]
}
