{
  "results": [
    {
      "command": "cargo build --jobs 8 --release --example breakout",
      "mean": 110.36550150404,
      "stddev": 0.1233440977140777,
      "median": 110.34073998913999,
      "user": 834.85612592,
      "system": 22.06263022,
      "min": 110.21291077514,
      "max": 110.61576402714,
      "times": [
        110.35397314213999,
        110.46622823414,
        110.27514041014,
        110.61576402714,
        110.42215399314,
        110.21291077514,
        110.43929577714,
        110.32750683614,
        110.31904632114,
        110.22299552414
      ],
      "exit_codes": [
        0,
        0,
        0,
        0,
        0,
        0,
        0,
        0,
        0,
        0
      ]
    }
  ]
}
