{
  "results": [
    {
      "command": "cargo build --jobs 16 --release --example breakout",
      "mean": 72.26752418158001,
      "stddev": 0.8350495687442946,
      "median": 71.97294645018,
      "user": 1046.20437384,
      "system": 27.50333036,
      "min": 71.21504420168,
      "max": 74.03092708968,
      "times": [
        74.03092708968,
        71.64775699968,
        73.17418266968001,
        71.86322528368001,
        71.21504420168,
        72.70703059868,
        72.08266761668,
        71.83181589168001,
        71.75582262168001,
        72.36676884268
      ],
      "exit_codes": [
        0,
        0,
        0,
        0,
        0,
        0,
        0,
        0,
        0,
        0
      ]
    }
  ]
}
