{
  "results": [
    {
      "command": "cargo build --release --example breakout",
      "mean": 70.98135581448,
      "stddev": 0.13810782159071702,
      "median": 70.96423336237999,
      "user": 1325.3937133,
      "system": 38.58489005999999,
      "min": 70.75418176088,
      "max": 71.18195161588,
      "times": [
        70.93279159488,
        71.13022420787999,
        71.18195161588,
        70.93187990588,
        70.95788053087999,
        70.79833114888,
        71.08314210888,
        71.07258907687999,
        70.75418176088,
        70.97058619388
      ],
      "exit_codes": [
        0,
        0,
        0,
        0,
        0,
        0,
        0,
        0,
        0,
        0
      ]
    }
  ]
}
