{
  "results": [
    {
      "command": "cargo build --release --example breakout",
      "mean": 72.94131774779999,
      "stddev": 0.20981820388525602,
      "median": 72.8871254126,
      "user": 1381.43785566,
      "system": 39.235684479999996,
      "min": 72.6742032361,
      "max": 73.3850795911,
      "times": [
        72.8916628141,
        73.2115049611,
        73.3850795911,
        72.8152483921,
        72.6742032361,
        72.9911063341,
        72.8681916651,
        72.9077634641,
        72.7858290091,
        72.8825880111
      ],
      "exit_codes": [
        0,
        0,
        0,
        0,
        0,
        0,
        0,
        0,
        0,
        0
      ]
    }
  ]
}
