{
  "results": [
    {
      "command": "cargo build --release --example breakout",
      "mean": 71.09190485918,
      "stddev": 0.09970197708804304,
      "median": 71.13302723118,
      "user": 1329.8413076799998,
      "system": 38.58616676,
      "min": 70.91135496268,
      "max": 71.24840655167999,
      "times": [
        71.14160067867999,
        71.24840655167999,
        71.02960111568,
        71.04447976668,
        71.13365264768,
        71.13240181468,
        70.91135496268,
        71.16006258968,
        70.97644863368,
        71.14103983068
      ],
      "exit_codes": [
        0,
        0,
        0,
        0,
        0,
        0,
        0,
        0,
        0,
        0
      ]
    }
  ]
}
