{
  "results": [
    {
      "command": "cargo build --release --example breakout",
      "mean": 73.61939930866001,
      "stddev": 0.12447529106356599,
      "median": 73.60937123156,
      "user": 1375.71011606,
      "system": 39.32438458,
      "min": 73.40632518156,
      "max": 73.84224856856001,
      "times": [
        73.55984435256,
        73.56168863456,
        73.56260774556,
        73.67155915056,
        73.40632518156,
        73.74728374756,
        73.84224856856001,
        73.67214207756001,
        73.65613471756001,
        73.51415891056
      ],
      "exit_codes": [
        0,
        0,
        0,
        0,
        0,
        0,
        0,
        0,
        0,
        0
      ]
    }
  ]
}
