{
  "results": [
    {
      "command": "cargo build --jobs 16 --release --example breakout",
      "mean": 73.4457042347,
      "stddev": 0.7207153858600605,
      "median": 73.21714252340001,
      "user": 1032.6164756800001,
      "system": 27.742038559999997,
      "min": 72.41018122940001,
      "max": 74.5176766064,
      "times": [
        74.42349722540001,
        73.01493957940001,
        73.73173998940001,
        74.1210990724,
        72.41018122940001,
        74.5176766064,
        73.23274300940001,
        72.7053101954,
        73.09831340240001,
        73.2015420374
      ],
      "exit_codes": [
        0,
        0,
        0,
        0,
        0,
        0,
        0,
        0,
        0,
        0
      ]
    }
  ]
}
