{
  "results": [
    {
      "command": "cargo build --jobs 8 --release --example breakout",
      "mean": 109.80349965,
      "stddev": 0.05863305420417229,
      "median": 109.80941946729999,
      "user": 827.46820816,
      "system": 22.059782340000005,
      "min": 109.69929964779999,
      "max": 109.8845922818,
      "times": [
        109.7631128778,
        109.8110252738,
        109.83549898279999,
        109.8078136608,
        109.69929964779999,
        109.8351879888,
        109.80509633279999,
        109.8845922818,
        109.72712547479999,
        109.8662439788
      ],
      "exit_codes": [
        0,
        0,
        0,
        0,
        0,
        0,
        0,
        0,
        0,
        0
      ]
    }
  ]
}
