{
  "results": [
    {
      "command": "cargo build --release --example breakout",
      "mean": 72.77782754672,
      "stddev": 0.22660030446430324,
      "median": 72.76421861342001,
      "user": 1383.0877526999998,
      "system": 39.2554952,
      "min": 72.52731071892,
      "max": 73.25238988592001,
      "times": [
        73.02505018792,
        72.57172629592,
        72.77734074592,
        72.55529473992,
        72.52731071892,
        72.78953855392001,
        73.25238988592001,
        72.86382220092001,
        72.66470565692,
        72.75109648092001
      ],
      "exit_codes": [
        0,
        0,
        0,
        0,
        0,
        0,
        0,
        0,
        0,
        0
      ]
    }
  ]
}
