{
  "results": [
    {
      "command": "cargo build --jobs 8 --release --example breakout",
      "mean": 110.92193603593998,
      "stddev": 0.11721100604765204,
      "median": 110.93461232583999,
      "user": 836.1355861799999,
      "system": 21.95258388,
      "min": 110.75179563234,
      "max": 111.09463149134,
      "times": [
        110.98032259234,
        111.09463149134,
        110.84790101034,
        111.03703348334,
        110.82539088534,
        111.00084736334,
        110.88890205934,
        110.78495800834,
        111.00757783334,
        110.75179563234
      ],
      "exit_codes": [
        0,
        0,
        0,
        0,
        0,
        0,
        0,
        0,
        0,
        0
      ]
    }
  ]
}
