{
  "results": [
    {
      "command": "cargo build --jobs 16 --release --example breakout",
      "mean": 72.81145670202,
      "stddev": 0.5081749017977913,
      "median": 72.81678317502,
      "user": 1047.3802279,
      "system": 27.566345660000003,
      "min": 71.95117091102,
      "max": 73.66056838302,
      "times": [
        72.37802183802,
        72.31111284702,
        72.71521547702001,
        72.87961153202001,
        73.25219855202,
        72.96584894302,
        72.75395481802,
        73.24686371902,
        71.95117091102,
        73.66056838302
      ],
      "exit_codes": [
        0,
        0,
        0,
        0,
        0,
        0,
        0,
        0,
        0,
        0
      ]
    }
  ]
}
