{
  "results": [
    {
      "command": "cargo build --release --example breakout",
      "mean": 73.45661510302,
      "stddev": 0.18437591753164356,
      "median": 73.47555135261999,
      "user": 1401.9635909799997,
      "system": 39.534849300000005,
      "min": 73.15975324611999,
      "max": 73.70148960611999,
      "times": [
        73.66864342612,
        73.48100221412,
        73.47010049112,
        73.54496766412,
        73.70148960611999,
        73.15975324611999,
        73.34566121812,
        73.17595918511999,
        73.44726324212,
        73.57131073712
      ],
      "exit_codes": [
        0,
        0,
        0,
        0,
        0,
        0,
        0,
        0,
        0,
        0
      ]
    }
  ]
}
