{
  "results": [
    {
      "command": "cargo build --jobs 16 --release --example breakout",
      "mean": 72.14107669408,
      "stddev": 0.27127560508528037,
      "median": 72.11605719607999,
      "user": 1065.0262013200002,
      "system": 27.849171419999998,
      "min": 71.80438384658,
      "max": 72.62811251558,
      "times": [
        72.62811251558,
        71.89685729058,
        71.98203046058,
        72.07239491558,
        72.15971947658,
        72.16280102958,
        71.89255186858,
        71.80438384658,
        72.50389666758,
        72.30801886958
      ],
      "exit_codes": [
        0,
        0,
        0,
        0,
        0,
        0,
        0,
        0,
        0,
        0
      ]
    }
  ]
}
