{
  "results": [
    {
      "command": "cargo build --jobs 8 --release --example breakout",
      "mean": 111.75302203295999,
      "stddev": 0.20203140394831257,
      "median": 111.69620049866,
      "user": 846.54711434,
      "system": 22.523912299999996,
      "min": 111.55854035016,
      "max": 112.11165690216,
      "times": [
        112.09050717315999,
        111.75754695216,
        111.82759169316,
        111.71578792016,
        111.67661307716,
        111.58096570916,
        111.55854035016,
        111.58226418116,
        111.62874637115999,
        112.11165690216
      ],
      "exit_codes": [
        0,
        0,
        0,
        0,
        0,
        0,
        0,
        0,
        0,
        0
      ]
    }
  ]
}
