{
  "results": [
    {
      "command": "cargo build --release --example breakout",
      "mean": 71.61574149789999,
      "stddev": 0.265097512731167,
      "median": 71.64972516009999,
      "user": 1336.6324816000001,
      "system": 38.876314699999995,
      "min": 71.12029653059999,
      "max": 72.01451690559999,
      "times": [
        71.3850648806,
        71.83500895959999,
        71.12029653059999,
        71.6284363846,
        71.68800603759999,
        72.01451690559999,
        71.5133201666,
        71.67101393559999,
        71.42140287359999,
        71.88034830459999
      ],
      "exit_codes": [
        0,
        0,
        0,
        0,
        0,
        0,
        0,
        0,
        0,
        0
      ]
    }
  ]
}
