{
  "results": [
    {
      "command": "cargo build --jobs 8 --release --example breakout",
      "mean": 107.40734265898,
      "stddev": 0.4574269146318983,
      "median": 107.42205460017999,
      "user": 810.08442448,
      "system": 21.717618959999996,
      "min": 106.76688990618,
      "max": 107.97162101818,
      "times": [
        107.76514789718,
        107.97162101818,
        106.76688990618,
        107.31672791718,
        107.91709997018,
        107.52738128317999,
        107.82410152518,
        107.14627488318,
        107.03188232018,
        106.80629986918
      ],
      "exit_codes": [
        0,
        0,
        0,
        0,
        0,
        0,
        0,
        0,
        0,
        0
      ]
    }
  ]
}
