{
  "results": [
    {
      "command": "cargo build --jobs 16 --release --example breakout",
      "mean": 71.42685720012,
      "stddev": 0.627669167646016,
      "median": 71.31405210182001,
      "user": 1011.3279104999999,
      "system": 27.352178679999998,
      "min": 70.44500098132,
      "max": 72.66844823732,
      "times": [
        72.66844823732,
        71.45206870832,
        70.95233411332,
        71.12765153732,
        71.60830452432,
        70.44500098132,
        72.19823753732001,
        71.18842215832001,
        71.22877753432,
        71.39932666932
      ],
      "exit_codes": [
        0,
        0,
        0,
        0,
        0,
        0,
        0,
        0,
        0,
        0
      ]
    }
  ]
}
