{
  "results": [
    {
      "command": "cargo build --jobs 8 --release --example breakout",
      "mean": 108.27412109063998,
      "stddev": 0.17330502946866785,
      "median": 108.25290692574,
      "user": 815.9303955199999,
      "system": 21.8427175,
      "min": 108.05714736524,
      "max": 108.54179408924,
      "times": [
        108.05714736524,
        108.06984448424001,
        108.26141186524,
        108.32168778624,
        108.46022063824,
        108.24440198624,
        108.12232208424,
        108.54179408924,
        108.47672247424,
        108.18565813324
      ],
      "exit_codes": [
        0,
        0,
        0,
        0,
        0,
        0,
        0,
        0,
        0,
        0
      ]
    }
  ]
}
