{
  "results": [
    {
      "command": "cargo build --jobs 16 --release --example breakout",
      "mean": 72.13298130062,
      "stddev": 0.47588611176288137,
      "median": 72.06814988062,
      "user": 1020.1775546599999,
      "system": 27.554638520000005,
      "min": 71.57588478162,
      "max": 73.14695628561999,
      "times": [
        71.69855175362,
        71.57588478162,
        73.14695628561999,
        72.26881447962,
        71.77093848562,
        72.25028688462,
        72.07259628162,
        71.84361609262,
        72.06370347962,
        72.63846448162
      ],
      "exit_codes": [
        0,
        0,
        0,
        0,
        0,
        0,
        0,
        0,
        0,
        0
      ]
    }
  ]
}
