{
  "results": [
    {
      "command": "cargo build --jobs 16 --release --example breakout",
      "mean": 71.2286021139,
      "stddev": 0.4904254978066252,
      "median": 71.1702622305,
      "user": 1009.80554822,
      "system": 27.3988581,
      "min": 70.73873277450001,
      "max": 72.3710518485,
      "times": [
        71.3234590255,
        70.73873277450001,
        71.48812790250001,
        70.7994992235,
        72.3710518485,
        71.3720110375,
        70.8538262775,
        71.4295757935,
        70.8926718205,
        71.0170654355
      ],
      "exit_codes": [
        0,
        0,
        0,
        0,
        0,
        0,
        0,
        0,
        0,
        0
      ]
    }
  ]
}
