{
  "results": [
    {
      "command": "cargo build --jobs 8 --release --example breakout",
      "mean": 107.21039410428,
      "stddev": 0.4625214866216508,
      "median": 107.30792285928,
      "user": 808.6176863999998,
      "system": 21.77741314,
      "min": 106.51747673178,
      "max": 107.75012423977999,
      "times": [
        107.70064822778,
        106.66419902778,
        107.43480255178,
        107.75012423977999,
        107.19509140778,
        107.71536492378,
        106.92180645478,
        106.78367316677999,
        107.42075431078,
        106.51747673178
      ],
      "exit_codes": [
        0,
        0,
        0,
        0,
        0,
        0,
        0,
        0,
        0,
        0
      ]
    }
  ]
}
