{
  "results": [
    {
      "command": "cargo build --jobs 16 --release --example breakout",
      "mean": 72.23540378632,
      "stddev": 0.2025020053079615,
      "median": 72.19740034382001,
      "user": 1067.4400086800001,
      "system": 27.868731959999998,
      "min": 72.02214714532,
      "max": 72.62522135532001,
      "times": [
        72.23469250932001,
        72.62522135532001,
        72.16909981732,
        72.35842028032,
        72.08303821132,
        72.02315939032,
        72.22570087032001,
        72.49823475732,
        72.02214714532,
        72.11432352632
      ],
      "exit_codes": [
        0,
        0,
        0,
        0,
        0,
        0,
        0,
        0,
        0,
        0
      ]
    }
  ]
}
