{
  "results": [
    {
      "command": "cargo build --jobs 8 --release --example breakout",
      "mean": 112.23819537938,
      "stddev": 0.2018317457305451,
      "median": 112.25868992198001,
      "user": 848.01244892,
      "system": 22.580684820000002,
      "min": 111.80210913698001,
      "max": 112.53641174998,
      "times": [
        112.43274412498,
        112.10526570498001,
        112.30133694198001,
        112.53641174998,
        112.25028783698001,
        112.17554700198001,
        112.14950558798,
        111.80210913698001,
        112.26709200698001,
        112.36165370098
      ],
      "exit_codes": [
        0,
        0,
        0,
        0,
        0,
        0,
        0,
        0,
        0,
        0
      ]
    }
  ]
}
