{
  "results": [
    {
      "command": "cargo build --release --example breakout",
      "mean": 73.64956167618,
      "stddev": 0.25907003926986283,
      "median": 73.72733762548,
      "user": 1387.87128498,
      "system": 39.368443119999995,
      "min": 73.25346319048,
      "max": 74.17354007748001,
      "times": [
        73.77128768948,
        73.40820114148,
        73.25346319048,
        73.50709118748,
        73.43179123748001,
        74.17354007748001,
        73.76123404848,
        73.72189816548001,
        73.73277708548001,
        73.73433293848001
      ],
      "exit_codes": [
        0,
        0,
        0,
        0,
        0,
        0,
        0,
        0,
        0,
        0
      ]
    }
  ]
}
