{
  "results": [
    {
      "command": "cargo build --jobs 16 --release --example breakout",
      "mean": 73.05974357648,
      "stddev": 0.49844316780990655,
      "median": 73.08773748548,
      "user": 1042.5779715200001,
      "system": 27.674674059999994,
      "min": 72.04651887498,
      "max": 73.71575210798,
      "times": [
        72.04651887498,
        73.42747961997999,
        73.71575210798,
        73.06109861098,
        73.11437635998,
        73.44567896298,
        72.67489051298,
        72.94525460898,
        73.48912221998,
        72.67726388598
      ],
      "exit_codes": [
        0,
        0,
        0,
        0,
        0,
        0,
        0,
        0,
        0,
        0
      ]
    }
  ]
}
