{
  "results": [
    {
      "command": "cargo build --jobs 8 --release --example breakout",
      "mean": 110.66867570316,
      "stddev": 0.28705142885042195,
      "median": 110.61628974696,
      "user": 833.88568992,
      "system": 22.060924980000003,
      "min": 110.31645471896,
      "max": 111.11449829096,
      "times": [
        110.31645471896,
        110.83101125596001,
        110.33567237196,
        110.61740119296,
        110.61517830096,
        111.11449829096,
        110.59556262496,
        110.35334872496,
        110.88805384396001,
        111.01957570596001
      ],
      "exit_codes": [
        0,
        0,
        0,
        0,
        0,
        0,
        0,
        0,
        0,
        0
      ]
    }
  ]
}
