{
  "results": [
    {
      "command": "cargo build --jobs 16 --release --example breakout",
      "mean": 69.77272720904001,
      "stddev": 0.6578023362945182,
      "median": 69.85141117734,
      "user": 987.6578012599999,
      "system": 27.282333,
      "min": 68.12643766434,
      "max": 70.34635214034,
      "times": [
        69.83790451134,
        70.34635214034,
        70.23879706634001,
        68.12643766434,
        69.59887603534001,
        70.22693953134001,
        69.47813337334,
        69.69273902834,
        69.86491784334001,
        70.31617489634
      ],
      "exit_codes": [
        0,
        0,
        0,
        0,
        0,
        0,
        0,
        0,
        0,
        0
      ]
    }
  ]
}
