{
  "results": [
    {
      "command": "cargo build --jobs 8 --release --example breakout",
      "mean": 104.97564273317998,
      "stddev": 0.41839863897293944,
      "median": 105.04437476487999,
      "user": 790.7614295599999,
      "system": 21.60804543999999,
      "min": 104.13899572087999,
      "max": 105.47088161587999,
      "times": [
        105.07885548088,
        104.42531360487999,
        105.17541094587999,
        105.00736286888,
        104.13899572087999,
        104.80707156087999,
        105.38162216987999,
        105.26101931488,
        105.47088161587999,
        105.00989404888
      ],
      "exit_codes": [
        0,
        0,
        0,
        0,
        0,
        0,
        0,
        0,
        0,
        0
      ]
    }
  ]
}
