{
  "results": [
    {
      "command": "cargo build --jobs 16 --release --example breakout",
      "mean": 72.38172666594001,
      "stddev": 0.6014150769542611,
      "median": 72.52521320014,
      "user": 1019.6324417799999,
      "system": 27.43270936,
      "min": 71.47238918114,
      "max": 73.10460028314,
      "times": [
        72.94738859614,
        72.39702740614,
        73.10460028314,
        71.47238918114,
        71.51344252014,
        72.79847537314,
        71.76320971214,
        72.65339899414,
        72.33858931114,
        72.82874528213999
      ],
      "exit_codes": [
        0,
        0,
        0,
        0,
        0,
        0,
        0,
        0,
        0,
        0
      ]
    }
  ]
}
