{
  "results": [
    {
      "command": "cargo build --jobs 8 --release --example breakout",
      "mean": 108.21757664396,
      "stddev": 0.20584100914683126,
      "median": 108.14250707316,
      "user": 815.66880176,
      "system": 21.851853499999997,
      "min": 108.03536443716,
      "max": 108.68666219916,
      "times": [
        108.15293857616,
        108.06349182516,
        108.03536443716,
        108.20048552616,
        108.12763772916,
        108.12535628815999,
        108.16383117416,
        108.48792311416,
        108.13207557016,
        108.68666219916
      ],
      "exit_codes": [
        0,
        0,
        0,
        0,
        0,
        0,
        0,
        0,
        0,
        0
      ]
    }
  ]
}
