{
  "results": [
    {
      "command": "cargo build --jobs 16 --release --example breakout",
      "mean": 72.49511326766,
      "stddev": 0.4295847158385459,
      "median": 72.42924127936001,
      "user": 1066.6669036600001,
      "system": 27.9205128,
      "min": 71.91811168886001,
      "max": 73.34851580486,
      "times": [
        72.32124042586001,
        72.74842279586001,
        72.57056445686001,
        72.30388688586001,
        71.91811168886001,
        72.25312302486,
        72.92326515086,
        73.34851580486,
        72.02676030986001,
        72.53724213286
      ],
      "exit_codes": [
        0,
        0,
        0,
        0,
        0,
        0,
        0,
        0,
        0,
        0
      ]
    }
  ]
}
