{
  "results": [
    {
      "command": "cargo build --jobs 8 --release --example breakout",
      "mean": 111.8267515536,
      "stddev": 0.19668841495782627,
      "median": 111.81729411559999,
      "user": 848.38219046,
      "system": 22.46893386,
      "min": 111.5565821001,
      "max": 112.2392289481,
      "times": [
        111.7859486421,
        111.8486395891,
        111.8697284021,
        111.9179343401,
        111.9914557211,
        111.7474942741,
        111.6712055531,
        111.6392979661,
        111.5565821001,
        112.2392289481
      ],
      "exit_codes": [
        0,
        0,
        0,
        0,
        0,
        0,
        0,
        0,
        0,
        0
      ]
    }
  ]
}
