{
  "results": [
    {
      "command": "cargo build --jobs 8 --release --example breakout",
      "mean": 105.78708086794002,
      "stddev": 0.260688143995987,
      "median": 105.83238880974001,
      "user": 798.93140142,
      "system": 21.754752840000002,
      "min": 105.28185919024001,
      "max": 106.04648579824001,
      "times": [
        105.80196953324001,
        105.93884872424,
        105.78914567524001,
        105.28185919024001,
        105.65865714124001,
        106.03696408124,
        106.02194678124,
        106.04648579824001,
        105.43212366824001,
        105.86280808624001
      ],
      "exit_codes": [
        0,
        0,
        0,
        0,
        0,
        0,
        0,
        0,
        0,
        0
      ]
    }
  ]
}
