{
  "results": [
    {
      "command": "cargo build --jobs 16 --release --example breakout",
      "mean": 70.34974115376001,
      "stddev": 0.5701051795404927,
      "median": 70.38932671696,
      "user": 997.9461489400001,
      "system": 27.399949119999995,
      "min": 69.28701524245999,
      "max": 71.04872793546,
      "times": [
        69.62348076446,
        70.48807723146,
        70.81353418146,
        70.62258809145999,
        70.29057620245999,
        71.04872793546,
        69.28701524245999,
        70.97351708746,
        70.26813348146,
        70.08176131946
      ],
      "exit_codes": [
        0,
        0,
        0,
        0,
        0,
        0,
        0,
        0,
        0,
        0
      ]
    }
  ]
}
