{
  "results": [
    {
      "command": "cargo build --jobs 8 --release --example breakout",
      "mean": 104.84427336483998,
      "stddev": 0.12990195570485943,
      "median": 104.82444748914,
      "user": 788.1595604799999,
      "system": 21.70355012,
      "min": 104.64139656164,
      "max": 105.12605509263999,
      "times": [
        104.74785507264,
        104.80572582863999,
        104.77720407263999,
        104.94995921563999,
        104.64139656164,
        104.87779940563999,
        104.84316914963999,
        105.12605509263999,
        104.79422197864,
        104.87934727064
      ],
      "exit_codes": [
        0,
        0,
        0,
        0,
        0,
        0,
        0,
        0,
        0,
        0
      ]
    }
  ]
}
