{
  "results": [
    {
      "command": "cargo build --jobs 16 --release --example breakout",
      "mean": 69.68534933158,
      "stddev": 0.6095051105862701,
      "median": 69.71563936668001,
      "user": 983.6650377599999,
      "system": 27.08929918,
      "min": 68.74089368418001,
      "max": 70.79690514218001,
      "times": [
        69.66724896618001,
        69.44055137518001,
        68.74089368418001,
        69.83750803318,
        69.31529960018001,
        69.83816229518001,
        70.79690514218001,
        69.03267049518001,
        69.76402976718,
        70.42022395718001
      ],
      "exit_codes": [
        0,
        0,
        0,
        0,
        0,
        0,
        0,
        0,
        0,
        0
      ]
    }
  ]
}
