{
  "results": [
    {
      "command": "cargo build --release --example breakout",
      "mean": 72.80093399692001,
      "stddev": 0.16312413107479565,
      "median": 72.85286571942001,
      "user": 1380.66387758,
      "system": 39.23684749999999,
      "min": 72.56883056692,
      "max": 73.02514655892,
      "times": [
        72.91230265092,
        72.56883056692,
        72.86629652192,
        72.59652641492,
        72.57180014392,
        72.83943491692,
        72.92842222892,
        73.02514655892,
        72.88007629092,
        72.82050367492
      ],
      "exit_codes": [
        0,
        0,
        0,
        0,
        0,
        0,
        0,
        0,
        0,
        0
      ]
    }
  ]
}
