{
  "results": [
    {
      "command": "cargo build --jobs 16 --release --example breakout",
      "mean": 72.66635843442,
      "stddev": 0.4646707755764422,
      "median": 72.69164219242,
      "user": 1045.2628024199998,
      "system": 27.587035859999997,
      "min": 71.64707964642,
      "max": 73.52259623642,
      "times": [
        72.74412981742,
        73.52259623642,
        72.62145349742,
        72.77909533542,
        72.63915456742,
        72.93966192242,
        71.64707964642,
        72.50734908542,
        72.78528342842,
        72.47778080742
      ],
      "exit_codes": [
        0,
        0,
        0,
        0,
        0,
        0,
        0,
        0,
        0,
        0
      ]
    }
  ]
}
