{
  "results": [
    {
      "command": "cargo build --jobs 8 --release --example breakout",
      "mean": 110.81379594524,
      "stddev": 0.1436614678157993,
      "median": 110.82025634564,
      "user": 834.85872756,
      "system": 22.02881478,
      "min": 110.52947795314,
      "max": 111.05823853014,
      "times": [
        110.87961160514,
        110.83406534114,
        110.75734101914,
        110.75538434914,
        110.69365990514001,
        110.90498848714,
        110.52947795314,
        110.80644735014,
        111.05823853014,
        110.91874491214
      ],
      "exit_codes": [
        0,
        0,
        0,
        0,
        0,
        0,
        0,
        0,
        0,
        0
      ]
    }
  ]
}
