{
  "results": [
    {
      "command": "cargo build --jobs 16 --release --example breakout",
      "mean": 69.86647740572,
      "stddev": 0.29449861874097427,
      "median": 69.78172148172001,
      "user": 987.13338086,
      "system": 27.313710000000004,
      "min": 69.53361422422,
      "max": 70.40453469022,
      "times": [
        69.74577234022,
        69.66444549922001,
        69.53361422422,
        70.40453469022,
        69.93198749122001,
        69.75566641022,
        69.83397083622,
        69.62503953222,
        69.80777655322001,
        70.36196648022
      ],
      "exit_codes": [
        0,
        0,
        0,
        0,
        0,
        0,
        0,
        0,
        0,
        0
      ]
    }
  ]
}
