{
  "results": [
    {
      "command": "cargo build --jobs 8 --release --example breakout",
      "mean": 105.18640100222001,
      "stddev": 0.4170566684932976,
      "median": 105.33941281112001,
      "user": 790.86572188,
      "system": 21.636708400000003,
      "min": 104.42240061662001,
      "max": 105.53058534662,
      "times": [
        104.42240061662001,
        105.12374161162,
        105.53058534662,
        104.44262474262001,
        105.51368451562,
        105.23180418262001,
        105.47097099762,
        105.33831705662,
        105.44937238662001,
        105.34050856562001
      ],
      "exit_codes": [
        0,
        0,
        0,
        0,
        0,
        0,
        0,
        0,
        0,
        0
      ]
    }
  ]
}
