{
  "results": [
    {
      "command": "cargo build --jobs 8 --release --example breakout",
      "mean": 108.34754072474001,
      "stddev": 0.14928816017513327,
      "median": 108.33373168304,
      "user": 818.22536208,
      "system": 21.824266639999998,
      "min": 108.14482043554,
      "max": 108.58559429154,
      "times": [
        108.19285159354,
        108.39243767954,
        108.58122501254,
        108.28067597854,
        108.14482043554,
        108.26766777954,
        108.38678738754,
        108.58559429154,
        108.25634490554,
        108.38700218354
      ],
      "exit_codes": [
        0,
        0,
        0,
        0,
        0,
        0,
        0,
        0,
        0,
        0
      ]
    }
  ]
}
