{
  "results": [
    {
      "command": "cargo build --jobs 16 --release --example breakout",
      "mean": 72.46315448086,
      "stddev": 0.44981204638385386,
      "median": 72.31284026236,
      "user": 1020.7446941599998,
      "system": 27.411642060000002,
      "min": 71.73825562736,
      "max": 73.20288367536,
      "times": [
        72.57297813436,
        72.35573281036001,
        72.25509071636,
        72.26964242436,
        72.92034624136001,
        73.20288367536,
        71.73825562736,
        72.26994771436,
        72.08153857436,
        72.96512889036
      ],
      "exit_codes": [
        0,
        0,
        0,
        0,
        0,
        0,
        0,
        0,
        0,
        0
      ]
    }
  ]
}
