{
  "results": [
    {
      "command": "cargo build --jobs 16 --release --example breakout",
      "mean": 72.51171944538,
      "stddev": 0.4102593686730435,
      "median": 72.45201546877999,
      "user": 1065.52014216,
      "system": 27.8834259,
      "min": 71.99787369078,
      "max": 73.25296380278,
      "times": [
        72.78892497778,
        73.25296380278,
        72.04540782178,
        72.36776941378,
        71.99787369078,
        72.53626152378,
        72.19324279877999,
        72.70509148578,
        72.95071430978,
        72.27894462878
      ],
      "exit_codes": [
        0,
        0,
        0,
        0,
        0,
        0,
        0,
        0,
        0,
        0
      ]
    }
  ]
}
