{
  "results": [
    {
      "command": "cargo build --jobs 8 --release --example breakout",
      "mean": 112.25775290786001,
      "stddev": 0.20771954886576507,
      "median": 112.19979338005999,
      "user": 847.5504560999998,
      "system": 22.57287348,
      "min": 111.98904634905999,
      "max": 112.65463424306,
      "times": [
        112.16837012106,
        112.20102979906,
        112.19855696105999,
        112.58131142405999,
        112.65463424306,
        112.17402661306,
        112.27497609806,
        112.25642785506,
        112.07914961505999,
        111.98904634905999
      ],
      "exit_codes": [
        0,
        0,
        0,
        0,
        0,
        0,
        0,
        0,
        0,
        0
      ]
    }
  ]
}
