{
  "results": [
    {
      "command": "cargo build --jobs 8 --release --example breakout",
      "mean": 109.81303576887998,
      "stddev": 0.15200671169403077,
      "median": 109.79626958988,
      "user": 827.2978435000001,
      "system": 21.87312552,
      "min": 109.61762912638,
      "max": 110.04376847438,
      "times": [
        109.65416423837999,
        110.04376847438,
        109.63821710838,
        109.75234687737999,
        109.76208305538,
        109.83045612437999,
        109.94904907438,
        109.61762912638,
        109.97829663638,
        109.90434697338
      ],
      "exit_codes": [
        0,
        0,
        0,
        0,
        0,
        0,
        0,
        0,
        0,
        0
      ]
    }
  ]
}
