{
  "results": [
    {
      "command": "cargo build --jobs 16 --release --example breakout",
      "mean": 73.49393416368,
      "stddev": 0.7239361787569392,
      "median": 73.38870133278002,
      "user": 1032.82713678,
      "system": 27.476657760000002,
      "min": 72.66032272478,
      "max": 74.69480742978,
      "times": [
        72.89325892978,
        74.39797595878001,
        73.25244656378001,
        74.69480742978,
        73.94018067878001,
        73.52495610178,
        72.73430562078,
        72.66032272478,
        72.89356041878001,
        73.94752720978
      ],
      "exit_codes": [
        0,
        0,
        0,
        0,
        0,
        0,
        0,
        0,
        0,
        0
      ]
    }
  ]
}
