{
  "results": [
    {
      "command": "cargo build --release --example breakout",
      "mean": 72.57210165974,
      "stddev": 0.1565905259416291,
      "median": 72.55196709854,
      "user": 1362.06182648,
      "system": 38.845742259999994,
      "min": 72.35430574354,
      "max": 72.88333020754,
      "times": [
        72.55460073854,
        72.35430574354,
        72.88333020754,
        72.77976813754,
        72.57449561054,
        72.45471287954,
        72.54933345854,
        72.52536136654,
        72.44653903754,
        72.59856941754
      ],
      "exit_codes": [
        0,
        0,
        0,
        0,
        0,
        0,
        0,
        0,
        0,
        0
      ]
    }
  ]
}
