{
  "results": [
    {
      "command": "cargo build --jobs 8 --release --example breakout",
      "mean": 107.66034276844002,
      "stddev": 0.16060768854828708,
      "median": 107.63710807354,
      "user": 810.70388236,
      "system": 21.799006679999998,
      "min": 107.46889322004,
      "max": 108.00870244204,
      "times": [
        107.59124479804001,
        107.46889322004,
        107.71755120704,
        107.73340767104,
        107.52138647004,
        107.68297134904,
        108.00870244204,
        107.56201183604,
        107.53360032804001,
        107.78365836304
      ],
      "exit_codes": [
        0,
        0,
        0,
        0,
        0,
        0,
        0,
        0,
        0,
        0
      ]
    }
  ]
}
