{
  "results": [
    {
      "command": "cargo build --jobs 16 --release --example breakout",
      "mean": 72.07532298964,
      "stddev": 0.5771234210369997,
      "median": 71.97951347064,
      "user": 1012.6968748399999,
      "system": 27.368263399999996,
      "min": 71.37419749914001,
      "max": 72.92166884214001,
      "times": [
        71.96376148814001,
        71.57037821614,
        71.37419749914001,
        71.68652454514,
        71.49442671814,
        72.66221122514,
        72.19127135714001,
        72.89352455214001,
        71.99526545314001,
        72.92166884214001
      ],
      "exit_codes": [
        0,
        0,
        0,
        0,
        0,
        0,
        0,
        0,
        0,
        0
      ]
    }
  ]
}
