{
  "results": [
    {
      "command": "cargo build --jobs 8 --release --example breakout",
      "mean": 109.90859640363999,
      "stddev": 0.06699256107524068,
      "median": 109.93495967563999,
      "user": 827.6661978599999,
      "system": 21.98886832,
      "min": 109.80123077964,
      "max": 109.97773493963999,
      "times": [
        109.88704270363999,
        109.80123077964,
        109.83013178563999,
        109.97363833064,
        109.93823102964,
        109.93168832164,
        109.94638241864,
        109.97773493963999,
        109.97150921464,
        109.82837451264
      ],
      "exit_codes": [
        0,
        0,
        0,
        0,
        0,
        0,
        0,
        0,
        0,
        0
      ]
    }
  ]
}
