{
  "results": [
    {
      "command": "cargo build --jobs 16 --release --example breakout",
      "mean": 73.09084096020001,
      "stddev": 0.8170958027718569,
      "median": 72.9666991307,
      "user": 1034.5471779000002,
      "system": 27.569670679999994,
      "min": 71.72642688420001,
      "max": 74.39046598520001,
      "times": [
        72.5739625392,
        71.72642688420001,
        74.39046598520001,
        72.3382894202,
        73.1156692702,
        72.79989833420001,
        73.89878824520001,
        73.2740289322,
        73.9731510002,
        72.8177289912
      ],
      "exit_codes": [
        0,
        0,
        0,
        0,
        0,
        0,
        0,
        0,
        0,
        0
      ]
    }
  ]
}
