{
  "results": [
    {
      "command": "cargo build --jobs 8 --release --example breakout",
      "mean": 110.72579675664,
      "stddev": 0.11069571917672029,
      "median": 110.72933194364,
      "user": 835.0065494999999,
      "system": 22.03708446,
      "min": 110.53787268614,
      "max": 110.88856194214,
      "times": [
        110.78259780313999,
        110.78364162113999,
        110.71773278414,
        110.53787268614,
        110.70494002314,
        110.59392482214,
        110.64851484614,
        110.88856194214,
        110.85924993514,
        110.74093110314
      ],
      "exit_codes": [
        0,
        0,
        0,
        0,
        0,
        0,
        0,
        0,
        0,
        0
      ]
    }
  ]
}
