{
  "results": [
    {
      "command": "cargo build --release --example breakout",
      "mean": 72.72262868312,
      "stddev": 0.17445881631057764,
      "median": 72.76947104892,
      "user": 1378.5723392199998,
      "system": 39.36401866,
      "min": 72.39354954642,
      "max": 72.92229159242,
      "times": [
        72.88896886442,
        72.92229159242,
        72.39354954642,
        72.62690588642,
        72.82387455541999,
        72.71506754242,
        72.69636414642,
        72.49186762442,
        72.83132917142,
        72.83606790142
      ],
      "exit_codes": [
        0,
        0,
        0,
        0,
        0,
        0,
        0,
        0,
        0,
        0
      ]
    }
  ]
}
