{
  "results": [
    {
      "command": "cargo build --jobs 16 --release --example breakout",
      "mean": 72.67440340386,
      "stddev": 0.7748033370245865,
      "median": 72.72866838536,
      "user": 1045.5103910399998,
      "system": 27.577620279999998,
      "min": 71.62337880486,
      "max": 74.04042355185999,
      "times": [
        73.24373136586,
        73.24450893486,
        74.04042355185999,
        72.80255730985999,
        71.73711311586,
        72.65477946086,
        71.86494000485999,
        71.62337880486,
        73.09464557785999,
        72.43795591186
      ],
      "exit_codes": [
        0,
        0,
        0,
        0,
        0,
        0,
        0,
        0,
        0,
        0
      ]
    }
  ]
}
