{
  "results": [
    {
      "command": "cargo build --jobs 16 --release --example breakout",
      "mean": 72.63760172271999,
      "stddev": 0.43573283299103777,
      "median": 72.79797420822,
      "user": 1060.376973,
      "system": 27.927384099999994,
      "min": 71.95037233922,
      "max": 73.28497460322,
      "times": [
        72.24666496622,
        72.87510334321999,
        71.95037233922,
        72.83899144322,
        73.28497460322,
        72.52428586821999,
        72.87577721622,
        72.98681404922,
        72.03607642521999,
        72.75695697322
      ],
      "exit_codes": [
        0,
        0,
        0,
        0,
        0,
        0,
        0,
        0,
        0,
        0
      ]
    }
  ]
}
