{
  "results": [
    {
      "command": "cargo build --jobs 8 --release --example breakout",
      "mean": 112.41904985734,
      "stddev": 0.09095436468231347,
      "median": 112.42392305813999,
      "user": 842.9962688799999,
      "system": 22.3841614,
      "min": 112.25687717564,
      "max": 112.56823136963999,
      "times": [
        112.42572293063999,
        112.52421638263999,
        112.34253081064,
        112.34476122164,
        112.42212318563999,
        112.46890874664,
        112.25687717564,
        112.44006737964,
        112.56823136963999,
        112.39705937064
      ],
      "exit_codes": [
        0,
        0,
        0,
        0,
        0,
        0,
        0,
        0,
        0,
        0
      ]
    }
  ]
}
