{
  "results": [
    {
      "command": "cargo build --release --example breakout",
      "mean": 72.70172022538,
      "stddev": 0.1967363167555484,
      "median": 72.70916541898,
      "user": 1401.6996559599997,
      "system": 39.77060793999999,
      "min": 72.44492413248,
      "max": 73.08907151148,
      "times": [
        72.80410033948,
        72.44492413248,
        72.64071154748001,
        72.74466983548,
        72.46216907648001,
        72.68453566948,
        72.73379516848,
        73.08907151148,
        72.87625358548,
        72.53697138748001
      ],
      "exit_codes": [
        0,
        0,
        0,
        0,
        0,
        0,
        0,
        0,
        0,
        0
      ]
    }
  ]
}
