{
  "results": [
    {
      "command": "cargo build --release --example breakout",
      "mean": 72.77821932536001,
      "stddev": 0.1405229415493107,
      "median": 72.72150996996001,
      "user": 1410.8832406400002,
      "system": 40.10380815999999,
      "min": 72.62188000396,
      "max": 73.04514789896001,
      "times": [
        73.04514789896001,
        72.70242438696,
        72.71012134396001,
        72.62188000396,
        72.89082720396,
        72.72508953396,
        72.71793040596,
        72.65061201496,
        72.96665940796001,
        72.75150105296001
      ],
      "exit_codes": [
        0,
        0,
        0,
        0,
        0,
        0,
        0,
        0,
        0,
        0
      ]
    }
  ]
}
