{
  "results": [
    {
      "command": "cargo build --jobs 16 --release --example breakout",
      "mean": 72.87945331035999,
      "stddev": 0.5597603312188858,
      "median": 72.68090222216,
      "user": 1072.7098025399998,
      "system": 28.176756359999995,
      "min": 72.38055547616,
      "max": 74.10376168216,
      "times": [
        72.92688322216,
        72.57575431516,
        72.38055547616,
        72.66728498716,
        73.65111426716,
        72.78412235516,
        74.10376168216,
        72.58857263616,
        72.69451945716,
        72.42196470516
      ],
      "exit_codes": [
        0,
        0,
        0,
        0,
        0,
        0,
        0,
        0,
        0,
        0
      ]
    }
  ]
}
