{
  "results": [
    {
      "command": "cargo build --jobs 8 --release --example breakout",
      "mean": 113.39629440186002,
      "stddev": 0.22954781718720665,
      "median": 113.44020965626001,
      "user": 852.42634614,
      "system": 22.67155008,
      "min": 113.06979980576001,
      "max": 113.74134125976,
      "times": [
        113.51663311376001,
        113.15869488076001,
        113.62149815676001,
        113.36657970076001,
        113.57902142976,
        113.06979980576001,
        113.19972140176,
        113.19581465776001,
        113.74134125976,
        113.51383961176
      ],
      "exit_codes": [
        0,
        0,
        0,
        0,
        0,
        0,
        0,
        0,
        0,
        0
      ]
    }
  ]
}
