{
  "results": [
    {
      "command": "cargo build --jobs 8 --release --example breakout",
      "mean": 111.7829522245,
      "stddev": 0.3122984996772234,
      "median": 111.67468338080002,
      "user": 846.83494086,
      "system": 22.530265179999997,
      "min": 111.38230698730001,
      "max": 112.21546715330001,
      "times": [
        111.5207325863,
        112.21546715330001,
        111.56933241930001,
        111.5675998043,
        111.87752415930001,
        111.38230698730001,
        112.1581337883,
        112.1963540383,
        111.5620369663,
        111.78003434230001
      ],
      "exit_codes": [
        0,
        0,
        0,
        0,
        0,
        0,
        0,
        0,
        0,
        0
      ]
    }
  ]
}
