{
  "results": [
    {
      "command": "cargo build --jobs 16 --release --example breakout",
      "mean": 71.97222170054,
      "stddev": 0.14178779973365974,
      "median": 71.93758514184,
      "user": 1065.71323686,
      "system": 27.66953344,
      "min": 71.81797256984,
      "max": 72.16895851784,
      "times": [
        72.01720494084,
        72.16895851784,
        72.16529504084,
        71.90857259184,
        71.84071881284,
        71.81797256984,
        71.82350622084,
        71.96659769184,
        72.13566438283999,
        71.87772623584
      ],
      "exit_codes": [
        0,
        0,
        0,
        0,
        0,
        0,
        0,
        0,
        0,
        0
      ]
    }
  ]
}
