{
  "results": [
    {
      "command": "cargo build --jobs 8 --release --example breakout",
      "mean": 110.15865907686,
      "stddev": 0.1570653914270402,
      "median": 110.19319987846,
      "user": 833.5056144800001,
      "system": 22.029313639999998,
      "min": 109.92095654946,
      "max": 110.44291474946,
      "times": [
        110.00051666246,
        110.22474639646,
        110.44291474946,
        110.17007474146,
        110.20694115746001,
        110.25109119346,
        109.96117535146,
        110.22871536746,
        110.17945859946,
        109.92095654946
      ],
      "exit_codes": [
        0,
        0,
        0,
        0,
        0,
        0,
        0,
        0,
        0,
        0
      ]
    }
  ]
}
