{
  "results": [
    {
      "command": "cargo build --jobs 16 --release --example breakout",
      "mean": 72.1840852682,
      "stddev": 0.6109592815470161,
      "median": 72.08957112229999,
      "user": 1044.9550899399999,
      "system": 27.547424479999997,
      "min": 71.4562456438,
      "max": 73.66574063979999,
      "times": [
        71.8249612668,
        72.2130923068,
        71.6678978638,
        73.66574063979999,
        72.28965443679999,
        72.49672166479999,
        71.9354321088,
        71.9660499378,
        71.4562456438,
        72.3250568128
      ],
      "exit_codes": [
        0,
        0,
        0,
        0,
        0,
        0,
        0,
        0,
        0,
        0
      ]
    }
  ]
}
