{
  "results": [
    {
      "command": "cargo build --release --example breakout",
      "mean": 72.23036314132,
      "stddev": 0.20348892505103722,
      "median": 72.30329818822,
      "user": 1381.46167664,
      "system": 39.36086973999999,
      "min": 71.84279727372,
      "max": 72.45888349672,
      "times": [
        72.19489128272001,
        72.03776666672,
        72.45888349672,
        72.34883579472,
        72.28318944972,
        72.37071641072001,
        72.32340692672,
        71.84279727372,
        72.42960093972,
        72.01354317172
      ],
      "exit_codes": [
        0,
        0,
        0,
        0,
        0,
        0,
        0,
        0,
        0,
        0
      ]
    }
  ]
}
