{
  "results": [
    {
      "command": "cargo build --jobs 16 --release --example breakout",
      "mean": 72.75996592740002,
      "stddev": 0.6283874789946939,
      "median": 72.7447633282,
      "user": 1046.1275301199998,
      "system": 27.6631848,
      "min": 72.0107481112,
      "max": 73.9023948002,
      "times": [
        73.9023948002,
        73.07536555019999,
        73.1970965172,
        72.0107481112,
        72.1097472192,
        73.2944921772,
        72.4570897372,
        72.3666464442,
        72.1536417982,
        73.0324369192
      ],
      "exit_codes": [
        0,
        0,
        0,
        0,
        0,
        0,
        0,
        0,
        0,
        0
      ]
    }
  ]
}
