{
  "results": [
    {
      "command": "cargo build --jobs 8 --release --example breakout",
      "mean": 110.75464807195999,
      "stddev": 0.11064980520027941,
      "median": 110.74434095155999,
      "user": 835.4318212399997,
      "system": 22.040315919999998,
      "min": 110.59024266756,
      "max": 110.93808650256,
      "times": [
        110.88868427556,
        110.65973754556,
        110.74338233956,
        110.74529956356,
        110.93808650256,
        110.82996979456,
        110.64599377956,
        110.80171330256,
        110.70337094856,
        110.59024266756
      ],
      "exit_codes": [
        0,
        0,
        0,
        0,
        0,
        0,
        0,
        0,
        0,
        0
      ]
    }
  ]
}
