{
  "results": [
    {
      "command": "cargo build --release --example breakout",
      "mean": 72.78293870143999,
      "stddev": 0.1938756222924493,
      "median": 72.84382551714,
      "user": 1375.6587353599998,
      "system": 39.27045382,
      "min": 72.29625372913999,
      "max": 72.95937841214,
      "times": [
        72.92458669214,
        72.73698423313999,
        72.29625372913999,
        72.87611832414,
        72.95937841214,
        72.81864515014,
        72.86900588414,
        72.81854037513999,
        72.88502054813999,
        72.64485366614
      ],
      "exit_codes": [
        0,
        0,
        0,
        0,
        0,
        0,
        0,
        0,
        0,
        0
      ]
    }
  ]
}
