{
  "results": [
    {
      "command": "cargo build --jobs 8 --release --example breakout",
      "mean": 113.46260797376002,
      "stddev": 0.15910163824621354,
      "median": 113.47266269306,
      "user": 852.7822294399999,
      "system": 22.687512680000005,
      "min": 113.26606596306,
      "max": 113.71947499706,
      "times": [
        113.62926189206,
        113.46417958706,
        113.63297594806001,
        113.30339506006,
        113.48114579906,
        113.48217197006001,
        113.29416047106,
        113.71947499706,
        113.35324805006,
        113.26606596306
      ],
      "exit_codes": [
        0,
        0,
        0,
        0,
        0,
        0,
        0,
        0,
        0,
        0
      ]
    }
  ]
}
