{
  "results": [
    {
      "command": "cargo build --jobs 16 --release --example breakout",
      "mean": 72.88158420648001,
      "stddev": 0.4912965533235051,
      "median": 72.76337793168,
      "user": 1073.3970617599998,
      "system": 28.15683216,
      "min": 72.46691729068,
      "max": 74.09902712468,
      "times": [
        73.29583687768,
        74.09902712468,
        72.73583397168001,
        72.46691729068,
        72.87703776668,
        72.76602254968,
        72.49952494268,
        72.49781635168,
        72.81709187568,
        72.76073331368
      ],
      "exit_codes": [
        0,
        0,
        0,
        0,
        0,
        0,
        0,
        0,
        0,
        0
      ]
    }
  ]
}
