{
  "results": [
    {
      "command": "cargo build --release --example breakout",
      "mean": 73.5525841746,
      "stddev": 0.18826729468288964,
      "median": 73.5654438048,
      "user": 1403.21880112,
      "system": 39.54533592,
      "min": 73.2726555723,
      "max": 73.83856849429999,
      "times": [
        73.83856849429999,
        73.6833684073,
        73.4826248333,
        73.68960002429999,
        73.3309573183,
        73.36362799129999,
        73.2726555723,
        73.55597985429999,
        73.73355149529999,
        73.5749077553
      ],
      "exit_codes": [
        0,
        0,
        0,
        0,
        0,
        0,
        0,
        0,
        0,
        0
      ]
    }
  ]
}
