{
  "results": [
    {
      "command": "cargo build --jobs 16 --release --example breakout",
      "mean": 73.54426224682001,
      "stddev": 0.5451114409405226,
      "median": 73.47363920842,
      "user": 1062.6341407999998,
      "system": 27.834515139999997,
      "min": 72.78130706092,
      "max": 74.34825851292001,
      "times": [
        72.78130706092,
        74.34139324892,
        73.11982077792001,
        74.34825851292001,
        73.13854027092,
        74.02137295792001,
        73.40241107392,
        73.09059182392001,
        73.65405939792001,
        73.54486734292
      ],
      "exit_codes": [
        0,
        0,
        0,
        0,
        0,
        0,
        0,
        0,
        0,
        0
      ]
    }
  ]
}
