{
  "results": [
    {
      "command": "cargo build --jobs 8 --release --example breakout",
      "mean": 112.09502693860001,
      "stddev": 0.18200791364348645,
      "median": 112.0863437494,
      "user": 848.12540448,
      "system": 22.214971539999997,
      "min": 111.6818051044,
      "max": 112.32432250539999,
      "times": [
        112.0415610494,
        112.3021069874,
        112.2065958564,
        112.32432250539999,
        112.0843255714,
        112.1724676994,
        112.0883619274,
        112.0398782214,
        112.0088444634,
        111.6818051044
      ],
      "exit_codes": [
        0,
        0,
        0,
        0,
        0,
        0,
        0,
        0,
        0,
        0
      ]
    }
  ]
}
