{
  "results": [
    {
      "command": "cargo build --release --example breakout",
      "mean": 73.45980985186,
      "stddev": 0.23010697143981912,
      "median": 73.36864379546,
      "user": 1409.5180088399998,
      "system": 39.761324560000006,
      "min": 73.21695377796,
      "max": 73.90452769096001,
      "times": [
        73.31569785996001,
        73.35816486096,
        73.25316639296,
        73.50593890896,
        73.21695377796,
        73.37912272996,
        73.90452769096001,
        73.79983821896,
        73.53289778696,
        73.33179029096
      ],
      "exit_codes": [
        0,
        0,
        0,
        0,
        0,
        0,
        0,
        0,
        0,
        0
      ]
    }
  ]
}
