{
  "results": [
    {
      "command": "cargo build --jobs 8 --release --example breakout",
      "mean": 111.71943487582,
      "stddev": 0.10865683106864808,
      "median": 111.69614134471999,
      "user": 845.02841116,
      "system": 22.157283559999996,
      "min": 111.59271228472,
      "max": 111.95225575472,
      "times": [
        111.80988008871999,
        111.63592556271999,
        111.95225575472,
        111.70549156972,
        111.70788220872,
        111.68679111972,
        111.80944402771999,
        111.59271228472,
        111.62643102071999,
        111.66753512071999
      ],
      "exit_codes": [
        0,
        0,
        0,
        0,
        0,
        0,
        0,
        0,
        0,
        0
      ]
    }
  ]
}
