{
  "results": [
    {
      "command": "cargo build --jobs 16 --release --example breakout",
      "mean": 73.99659088976,
      "stddev": 0.8723205050214741,
      "median": 73.91703239676,
      "user": 1058.14534698,
      "system": 27.82745492,
      "min": 72.76381532976,
      "max": 75.49246884176,
      "times": [
        72.76381532976,
        72.97319114976001,
        74.56360993176001,
        75.13317332876001,
        73.79769569376,
        73.46365472876,
        74.03636909976001,
        73.67900473076001,
        74.06292606276001,
        75.49246884176
      ],
      "exit_codes": [
        0,
        0,
        0,
        0,
        0,
        0,
        0,
        0,
        0,
        0
      ]
    }
  ]
}
