{
  "results": [
    {
      "command": "cargo build --jobs 16 --release --example breakout",
      "mean": 73.75214127988001,
      "stddev": 0.7266707207368941,
      "median": 73.63835005998001,
      "user": 1059.97023052,
      "system": 27.587670319999994,
      "min": 72.89967422248,
      "max": 74.86086546048001,
      "times": [
        73.14676384348,
        74.31809490648001,
        73.11188920548001,
        73.65361986348,
        74.86086546048001,
        74.49914477348001,
        72.95889188248,
        73.62308025648001,
        72.89967422248,
        74.44938838448
      ],
      "exit_codes": [
        0,
        0,
        0,
        0,
        0,
        0,
        0,
        0,
        0,
        0
      ]
    }
  ]
}
