{
  "results": [
    {
      "command": "cargo build --jobs 8 --release --example breakout",
      "mean": 112.2216797021,
      "stddev": 0.1513165146982648,
      "median": 112.2585442533,
      "user": 846.4490906999999,
      "system": 22.18277572,
      "min": 111.9619582983,
      "max": 112.4125857523,
      "times": [
        112.2742170033,
        112.1858204173,
        112.31450298829999,
        112.0104035823,
        111.9619582983,
        112.4069688253,
        112.1332516473,
        112.2580578973,
        112.2590306093,
        112.4125857523
      ],
      "exit_codes": [
        0,
        0,
        0,
        0,
        0,
        0,
        0,
        0,
        0,
        0
      ]
    }
  ]
}
