{
  "results": [
    {
      "command": "cargo build --release --example breakout",
      "mean": 73.5713758119,
      "stddev": 0.171210488835396,
      "median": 73.5759217444,
      "user": 1407.74364764,
      "system": 39.650051819999995,
      "min": 73.3225168624,
      "max": 73.8618316874,
      "times": [
        73.5995597644,
        73.7748417724,
        73.3881368994,
        73.4066540704,
        73.8618316874,
        73.6428680304,
        73.3225168624,
        73.5158437784,
        73.6492215294,
        73.5522837244
      ],
      "exit_codes": [
        0,
        0,
        0,
        0,
        0,
        0,
        0,
        0,
        0,
        0
      ]
    }
  ]
}
