{
  "results": [
    {
      "command": "cargo build --jobs 16 --release --example breakout",
      "mean": 72.29991731988,
      "stddev": 0.3115284494890858,
      "median": 72.24312747818,
      "user": 1068.0901801199998,
      "system": 27.741638879999993,
      "min": 71.95836608217999,
      "max": 72.82296396618,
      "times": [
        72.73959820418,
        72.49894239017999,
        71.95836608217999,
        71.97817799618,
        72.06597732518,
        72.30756733618,
        72.40595839518,
        72.82296396618,
        72.17868762018,
        72.04293388318
      ],
      "exit_codes": [
        0,
        0,
        0,
        0,
        0,
        0,
        0,
        0,
        0,
        0
      ]
    }
  ]
}
