{
  "results": [
    {
      "command": "cargo build --jobs 8 --release --example breakout",
      "mean": 112.21696322938001,
      "stddev": 0.15191808654209626,
      "median": 112.26563264078,
      "user": 847.7312792999999,
      "system": 22.469889539999997,
      "min": 111.81058280677999,
      "max": 112.33167024378,
      "times": [
        112.29512127478,
        112.25428361178,
        112.33167024378,
        112.20231388778,
        111.81058280677999,
        112.31940725478,
        112.29623119477999,
        112.19452050878,
        112.27698166978,
        112.18851984078
      ],
      "exit_codes": [
        0,
        0,
        0,
        0,
        0,
        0,
        0,
        0,
        0,
        0
      ]
    }
  ]
}
