{
  "results": [
    {
      "command": "cargo build --jobs 16 --release --example breakout",
      "mean": 73.39887317702002,
      "stddev": 0.9165839509856168,
      "median": 73.12526609952,
      "user": 1042.4547988999998,
      "system": 27.650416879999995,
      "min": 72.45713976352,
      "max": 75.05881427152,
      "times": [
        72.76734106852001,
        75.05881427152,
        72.45713976352,
        74.33264034952,
        72.73834009152,
        72.90038545052,
        74.46288337152001,
        72.48907431452001,
        73.35014674852,
        73.43196634052
      ],
      "exit_codes": [
        0,
        0,
        0,
        0,
        0,
        0,
        0,
        0,
        0,
        0
      ]
    }
  ]
}
