{
  "results": [
    {
      "command": "cargo build --jobs 8 --release --example breakout",
      "mean": 110.75574231590001,
      "stddev": 0.08059803169989957,
      "median": 110.7763647601,
      "user": 833.7898556,
      "system": 22.138139239999997,
      "min": 110.5822089421,
      "max": 110.8510149721,
      "times": [
        110.5822089421,
        110.8403125821,
        110.7425145991,
        110.7980773121,
        110.8510149721,
        110.78513540910001,
        110.7401964811,
        110.6652333411,
        110.7781321631,
        110.7745973571
      ],
      "exit_codes": [
        0,
        0,
        0,
        0,
        0,
        0,
        0,
        0,
        0,
        0
      ]
    }
  ]
}
