{
  "results": [
    {
      "command": "cargo build --jobs 8 --release --example breakout",
      "mean": 105.10068292348001,
      "stddev": 0.3139990138836536,
      "median": 105.10271549938,
      "user": 792.7798407199999,
      "system": 21.626721819999997,
      "min": 104.60080039538,
      "max": 105.68573496338,
      "times": [
        105.05445332038,
        105.12702322238,
        105.07840777638,
        105.29423346238,
        104.60080039538,
        104.88897777738,
        105.68573496338,
        105.19753994038,
        104.72935027638,
        105.35030810038
      ],
      "exit_codes": [
        0,
        0,
        0,
        0,
        0,
        0,
        0,
        0,
        0,
        0
      ]
    }
  ]
}
