{
  "results": [
    {
      "command": "cargo build --jobs 16 --release --example breakout",
      "mean": 70.16689847374,
      "stddev": 0.7368254572498398,
      "median": 70.28471830484,
      "user": 989.53686468,
      "system": 27.1741292,
      "min": 68.41072799983999,
      "max": 71.09740219183999,
      "times": [
        70.65735026584,
        68.41072799983999,
        70.46696284584,
        70.06253522684,
        70.25666366483999,
        70.31277294483999,
        71.09740219183999,
        69.80179823083999,
        70.74633042984,
        69.85644093683999
      ],
      "exit_codes": [
        0,
        0,
        0,
        0,
        0,
        0,
        0,
        0,
        0,
        0
      ]
    }
  ]
}
