{
  "results": [
    {
      "command": "cargo build --jobs 16 --release --example breakout",
      "mean": 73.63740959613999,
      "stddev": 0.588411827701505,
      "median": 73.48617343133999,
      "user": 1058.8009616799998,
      "system": 27.601438079999998,
      "min": 72.73855417034,
      "max": 74.44484997334,
      "times": [
        74.44484997334,
        72.73855417034,
        74.08668417234,
        73.20176923234,
        73.28273856934,
        74.43325496234,
        73.17175604434,
        73.68489111134,
        74.04214197434,
        73.28745575133999
      ],
      "exit_codes": [
        0,
        0,
        0,
        0,
        0,
        0,
        0,
        0,
        0,
        0
      ]
    }
  ]
}
