{
  "results": [
    {
      "command": "cargo build --release --example breakout",
      "mean": 73.57759107773998,
      "stddev": 0.10930955263883965,
      "median": 73.59516920644,
      "user": 1411.3178905,
      "system": 39.567084679999994,
      "min": 73.45767348493999,
      "max": 73.78536206694,
      "times": [
        73.62938488793999,
        73.45776802693999,
        73.62198108193999,
        73.49812809893999,
        73.60805652594,
        73.78536206694,
        73.45920560194,
        73.45767348493999,
        73.67606911493999,
        73.58228188694
      ],
      "exit_codes": [
        0,
        0,
        0,
        0,
        0,
        0,
        0,
        0,
        0,
        0
      ]
    }
  ]
}
