{
  "results": [
    {
      "command": "cargo build --jobs 8 --release --example breakout",
      "mean": 111.97626577026001,
      "stddev": 0.15285378957531515,
      "median": 111.94963577386001,
      "user": 844.4542439199998,
      "system": 22.084277839999995,
      "min": 111.79388797386001,
      "max": 112.32841586186001,
      "times": [
        111.93543297586001,
        112.04197456086,
        112.32841586186001,
        112.01741295486,
        112.06683820886,
        111.90828037486,
        111.96383857186001,
        111.79388797386001,
        111.88570957186,
        111.82086664786
      ],
      "exit_codes": [
        0,
        0,
        0,
        0,
        0,
        0,
        0,
        0,
        0,
        0
      ]
    }
  ]
}
