{
  "results": [
    {
      "command": "cargo build --jobs 8 --release --example breakout",
      "mean": 110.03469226489999,
      "stddev": 0.06534554698998105,
      "median": 110.0371256735,
      "user": 828.9877059999999,
      "system": 21.922338079999996,
      "min": 109.9382427015,
      "max": 110.1321075915,
      "times": [
        110.0406691255,
        110.0465891825,
        109.9382427015,
        110.1321075915,
        110.1163156225,
        110.09157359950001,
        109.9940778685,
        110.0016639385,
        109.95210079750001,
        110.0335822215
      ],
      "exit_codes": [
        0,
        0,
        0,
        0,
        0,
        0,
        0,
        0,
        0,
        0
      ]
    }
  ]
}
