{
  "results": [
    {
      "command": "cargo build --jobs 16 --release --example breakout",
      "mean": 73.79755689702,
      "stddev": 0.7039203558030677,
      "median": 73.73484941832,
      "user": 1033.38149586,
      "system": 27.693172219999997,
      "min": 72.97262878482,
      "max": 74.95840882682,
      "times": [
        72.97262878482,
        74.95840882682,
        73.04147706682001,
        73.84462045282,
        74.11453295782,
        74.58712539482,
        73.62507838382,
        73.28468073082,
        74.42148187682,
        73.12553449482
      ],
      "exit_codes": [
        0,
        0,
        0,
        0,
        0,
        0,
        0,
        0,
        0,
        0
      ]
    }
  ]
}
