{
  "results": [
    {
      "command": "cargo build --release --example breakout",
      "mean": 73.52467101459999,
      "stddev": 0.17091010558442185,
      "median": 73.46311086949999,
      "user": 1377.0312137199999,
      "system": 39.25589168,
      "min": 73.3227836585,
      "max": 73.82950385049999,
      "times": [
        73.82361439249999,
        73.82950385049999,
        73.4442533645,
        73.47152751349999,
        73.5609527095,
        73.3227836585,
        73.42937635349999,
        73.5076837475,
        73.40232033049999,
        73.45469422549999
      ],
      "exit_codes": [
        0,
        0,
        0,
        0,
        0,
        0,
        0,
        0,
        0,
        0
      ]
    }
  ]
}
