{
  "results": [
    {
      "command": "cargo build --jobs 8 --release --example breakout",
      "mean": 109.26819428704,
      "stddev": 0.07912288175840204,
      "median": 109.24815984804,
      "user": 826.60682896,
      "system": 21.94896772,
      "min": 109.16070852304,
      "max": 109.40557745804,
      "times": [
        109.31603466704,
        109.34125523804,
        109.33870565604,
        109.21415194404001,
        109.22468170704,
        109.27163798904,
        109.19040798204,
        109.16070852304,
        109.40557745804,
        109.21878170604
      ],
      "exit_codes": [
        0,
        0,
        0,
        0,
        0,
        0,
        0,
        0,
        0,
        0
      ]
    }
  ]
}
