{
  "results": [
    {
      "command": "cargo build --release --example breakout",
      "mean": 72.70415546138001,
      "stddev": 0.260098959140496,
      "median": 72.70190188238001,
      "user": 1375.3733163599998,
      "system": 39.28924374,
      "min": 72.28866363788,
      "max": 73.09241171088,
      "times": [
        72.51564205188001,
        72.73085998688,
        72.79550526388,
        73.02763895088,
        72.51146163388,
        72.67294377788001,
        72.92473490588,
        73.09241171088,
        72.48169269388,
        72.28866363788
      ],
      "exit_codes": [
        0,
        0,
        0,
        0,
        0,
        0,
        0,
        0,
        0,
        0
      ]
    }
  ]
}
