{
  "results": [
    {
      "command": "cargo build --jobs 16 --release --example breakout",
      "mean": 73.3083290888,
      "stddev": 0.7184683960342233,
      "median": 73.2725481855,
      "user": 1032.90570368,
      "system": 27.54814836,
      "min": 72.2081712145,
      "max": 74.3595936815,
      "times": [
        72.6880651765,
        74.3418486795,
        74.3595936815,
        73.0342324465,
        73.5108639245,
        72.8974884095,
        72.2081712145,
        73.7823379345,
        72.74021895450001,
        73.5204704665
      ],
      "exit_codes": [
        0,
        0,
        0,
        0,
        0,
        0,
        0,
        0,
        0,
        0
      ]
    }
  ]
}
