{
  "results": [
    {
      "command": "cargo build --jobs 8 --release --example breakout",
      "mean": 107.16742592002001,
      "stddev": 0.45471451896660153,
      "median": 106.94841364602,
      "user": 809.9493413399999,
      "system": 21.79288288,
      "min": 106.67682431852,
      "max": 107.82744789752,
      "times": [
        107.00488642552,
        107.75351994652,
        107.66322944152,
        107.82744789752,
        106.67682431852,
        107.45812043452,
        106.89194086652,
        106.77848598152,
        106.78246204152,
        106.83734184652
      ],
      "exit_codes": [
        0,
        0,
        0,
        0,
        0,
        0,
        0,
        0,
        0,
        0
      ]
    }
  ]
}
