{
  "results": [
    {
      "command": "cargo build --release --example breakout",
      "mean": 71.43723635912,
      "stddev": 0.15865910214069912,
      "median": 71.40777063562001,
      "user": 1334.7670937199998,
      "system": 38.89773373999999,
      "min": 71.26066766062,
      "max": 71.76951077362,
      "times": [
        71.49939005162001,
        71.35757278562001,
        71.45796848562,
        71.53606598162,
        71.29078971662001,
        71.56003522762,
        71.30235955962,
        71.33800334862,
        71.76951077362,
        71.26066766062
      ],
      "exit_codes": [
        0,
        0,
        0,
        0,
        0,
        0,
        0,
        0,
        0,
        0
      ]
    }
  ]
}
