{
  "results": [
    {
      "command": "cargo build --jobs 16 --release --example breakout",
      "mean": 71.31879270262002,
      "stddev": 0.8886866236877231,
      "median": 71.28956784142001,
      "user": 1010.1599853399999,
      "system": 27.350338619999995,
      "min": 69.95981690192001,
      "max": 72.56851369092001,
      "times": [
        72.56851369092001,
        71.76052405892001,
        70.26433742492,
        71.81328791992,
        71.17709208792,
        71.25695118492001,
        70.52454734992001,
        71.32218449792,
        72.54067190892,
        69.95981690192001
      ],
      "exit_codes": [
        0,
        0,
        0,
        0,
        0,
        0,
        0,
        0,
        0,
        0
      ]
    }
  ]
}
