{
  "results": [
    {
      "command": "cargo build --jobs 16 --release --example breakout",
      "mean": 73.35833997422,
      "stddev": 0.3473740833089327,
      "median": 73.35106726632,
      "user": 1062.52128492,
      "system": 27.838040240000005,
      "min": 72.92110542132,
      "max": 73.93657154832,
      "times": [
        73.57506182232,
        73.07171913132,
        73.93657154832,
        73.53831949332,
        73.05745207232,
        73.00295216732,
        73.29695625832,
        72.92110542132,
        73.40517827432,
        73.77808355332
      ],
      "exit_codes": [
        0,
        0,
        0,
        0,
        0,
        0,
        0,
        0,
        0,
        0
      ]
    }
  ]
}
