{
  "results": [
    {
      "command": "cargo build --release --example breakout",
      "mean": 73.57383743744,
      "stddev": 0.23237323414983235,
      "median": 73.56189252644,
      "user": 1404.8854781199998,
      "system": 39.53953732,
      "min": 73.11332741594,
      "max": 73.89066659194,
      "times": [
        73.89066659194,
        73.47014475594,
        73.62365275794001,
        73.80423256994,
        73.50632166294,
        73.11332741594,
        73.43182614594001,
        73.61746338994,
        73.82974770694,
        73.45099137694001
      ],
      "exit_codes": [
        0,
        0,
        0,
        0,
        0,
        0,
        0,
        0,
        0,
        0
      ]
    }
  ]
}
