{
  "results": [
    {
      "command": "cargo build --jobs 8 --release --example breakout",
      "mean": 112.17135861066001,
      "stddev": 0.14389866980425636,
      "median": 112.15428343726,
      "user": 848.1061497599998,
      "system": 22.198302879999993,
      "min": 112.01020524276001,
      "max": 112.52058186876,
      "times": [
        112.01020524276001,
        112.14829455176,
        112.19576379276,
        112.07835612276001,
        112.52058186876,
        112.11392307976001,
        112.04591466576001,
        112.16027232276001,
        112.17145207076001,
        112.26882238876
      ],
      "exit_codes": [
        0,
        0,
        0,
        0,
        0,
        0,
        0,
        0,
        0,
        0
      ]
    }
  ]
}
