{
  "results": [
    {
      "command": "cargo build --jobs 8 --release --example breakout",
      "mean": 109.41079063510001,
      "stddev": 0.1071146557997276,
      "median": 109.3889824475,
      "user": 825.2722610599998,
      "system": 21.99954774,
      "min": 109.2348497675,
      "max": 109.55736848549999,
      "times": [
        109.3289814995,
        109.5393346515,
        109.2348497675,
        109.3913894685,
        109.3704936345,
        109.55736848549999,
        109.3865754265,
        109.53247932549999,
        109.4491337305,
        109.3173003615
      ],
      "exit_codes": [
        0,
        0,
        0,
        0,
        0,
        0,
        0,
        0,
        0,
        0
      ]
    }
  ]
}
