{
  "results": [
    {
      "command": "cargo build --jobs 16 --release --example breakout",
      "mean": 72.52776180428,
      "stddev": 0.5366508430822498,
      "median": 72.45286394787999,
      "user": 1029.8468257399998,
      "system": 27.517646859999996,
      "min": 71.77988697938,
      "max": 73.27850605738,
      "times": [
        72.41984558038,
        73.16065570038,
        73.27850605738,
        71.77988697938,
        72.26521186438,
        72.48588231538,
        72.06944454438,
        71.91582216638,
        72.80449581338,
        73.09786702138
      ],
      "exit_codes": [
        0,
        0,
        0,
        0,
        0,
        0,
        0,
        0,
        0,
        0
      ]
    }
  ]
}
