{
  "results": [
    {
      "command": "cargo build --jobs 16 --release --example breakout",
      "mean": 69.97095473387999,
      "stddev": 0.5613010792924387,
      "median": 69.91872189928,
      "user": 978.0699669399999,
      "system": 26.955493280000002,
      "min": 69.14432412978,
      "max": 70.80140141878,
      "times": [
        69.18702863178,
        70.76953068578,
        69.14432412978,
        69.92947107277999,
        69.88784651978,
        70.80140141878,
        70.30228050278,
        69.90797272578,
        69.69648360078,
        70.08320805078
      ],
      "exit_codes": [
        0,
        0,
        0,
        0,
        0,
        0,
        0,
        0,
        0,
        0
      ]
    }
  ]
}
