{
  "results": [
    {
      "command": "cargo build --jobs 8 --release --example breakout",
      "mean": 104.11459846209998,
      "stddev": 0.21544843786579762,
      "median": 104.08361612370001,
      "user": 784.1372240999997,
      "system": 21.588602939999998,
      "min": 103.6817639737,
      "max": 104.4520180847,
      "times": [
        104.0826332447,
        103.6817639737,
        104.3230870947,
        104.0845990027,
        104.4520180847,
        103.9252199137,
        104.0651075187,
        104.0763625437,
        104.28173798270001,
        104.1734552617
      ],
      "exit_codes": [
        0,
        0,
        0,
        0,
        0,
        0,
        0,
        0,
        0,
        0
      ]
    }
  ]
}
