{
  "results": [
    {
      "command": "cargo build --jobs 8 --release --example breakout",
      "mean": 110.80971326878,
      "stddev": 0.12526909265991218,
      "median": 110.76379363838001,
      "user": 834.75361546,
      "system": 21.990878379999998,
      "min": 110.67742000438001,
      "max": 111.03723521538001,
      "times": [
        111.03723521538001,
        110.96327739538,
        110.67742000438001,
        110.88639774938001,
        110.72918786038001,
        110.79839941638001,
        110.71049152438,
        110.71873078938,
        110.87970938938,
        110.69628334338
      ],
      "exit_codes": [
        0,
        0,
        0,
        0,
        0,
        0,
        0,
        0,
        0,
        0
      ]
    }
  ]
}
