{
  "results": [
    {
      "command": "cargo build --release --example breakout",
      "mean": 72.77284360738,
      "stddev": 0.2392690552179679,
      "median": 72.69634507368,
      "user": 1380.28184854,
      "system": 39.33134854,
      "min": 72.50798551318,
      "max": 73.21831596818001,
      "times": [
        73.21831596818001,
        72.79271190818001,
        72.66577587718001,
        72.50798551318,
        73.14160808618,
        72.55022071118,
        72.61428696918,
        72.85870222018,
        72.65191455018001,
        72.72691427018
      ],
      "exit_codes": [
        0,
        0,
        0,
        0,
        0,
        0,
        0,
        0,
        0,
        0
      ]
    }
  ]
}
