{
  "results": [
    {
      "command": "cargo build --jobs 16 --release --example breakout",
      "mean": 73.12830718422,
      "stddev": 0.6264364983503804,
      "median": 73.13641202822,
      "user": 1044.47024126,
      "system": 27.43213918,
      "min": 72.24241783772,
      "max": 74.39670614271999,
      "times": [
        73.44841802172,
        72.86333171972,
        74.39670614271999,
        72.88173671772,
        73.27502013472,
        72.30665528372,
        72.24241783772,
        73.46937994772,
        72.99780392171999,
        73.40160211471999
      ],
      "exit_codes": [
        0,
        0,
        0,
        0,
        0,
        0,
        0,
        0,
        0,
        0
      ]
    }
  ]
}
