{
  "results": [
    {
      "command": "cargo build --jobs 16 --release --example breakout",
      "mean": 73.1837255955,
      "stddev": 0.31762524066071585,
      "median": 73.17410991,
      "user": 1061.4003903400003,
      "system": 27.817551279999996,
      "min": 72.65282590449999,
      "max": 73.7371075195,
      "times": [
        73.1272156745,
        72.65282590449999,
        73.13708218549999,
        73.37033424149999,
        73.3118407505,
        73.4584851475,
        73.0626990855,
        73.21113763449999,
        73.7371075195,
        72.7685278115
      ],
      "exit_codes": [
        0,
        0,
        0,
        0,
        0,
        0,
        0,
        0,
        0,
        0
      ]
    }
  ]
}
