{
  "results": [
    {
      "command": "cargo build --jobs 8 --release --example breakout",
      "mean": 111.89780766867997,
      "stddev": 0.17409697939209232,
      "median": 111.85374488318,
      "user": 846.90518244,
      "system": 22.18875836,
      "min": 111.68453358918,
      "max": 112.18513358518,
      "times": [
        111.77476523318,
        112.06442548418,
        111.69560762518,
        112.07249947718,
        111.78578051918,
        112.00784140718,
        111.82290479618,
        111.68453358918,
        112.18513358518,
        111.88458497018
      ],
      "exit_codes": [
        0,
        0,
        0,
        0,
        0,
        0,
        0,
        0,
        0,
        0
      ]
    }
  ]
}
