{
  "results": [
    {
      "command": "cargo build --release --example breakout",
      "mean": 73.7321589257,
      "stddev": 0.25282349863200676,
      "median": 73.6632826975,
      "user": 1403.8709725,
      "system": 39.5030054,
      "min": 73.370640851,
      "max": 74.115713391,
      "times": [
        73.587765016,
        74.006027387,
        74.036955818,
        73.823645365,
        73.370640851,
        73.558640305,
        74.115713391,
        73.712292358,
        73.614273037,
        73.495635729
      ],
      "exit_codes": [
        0,
        0,
        0,
        0,
        0,
        0,
        0,
        0,
        0,
        0
      ]
    }
  ]
}
