{
  "results": [
    {
      "command": "cargo build --release --example breakout",
      "mean": 73.60229936062,
      "stddev": 0.1979849991617987,
      "median": 73.62046170772,
      "user": 1406.0682038399998,
      "system": 39.62638851999999,
      "min": 73.29912755422,
      "max": 73.90396933122,
      "times": [
        73.82195091622,
        73.69739473222,
        73.71560440022,
        73.57862266821999,
        73.59439342622,
        73.40153799722,
        73.64652998922,
        73.29912755422,
        73.36386259122,
        73.90396933122
      ],
      "exit_codes": [
        0,
        0,
        0,
        0,
        0,
        0,
        0,
        0,
        0,
        0
      ]
    }
  ]
}
