{
  "results": [
    {
      "command": "cargo build --release --example breakout",
      "mean": 72.77603417100002,
      "stddev": 0.143123305271733,
      "median": 72.75692887,
      "user": 1408.90877912,
      "system": 39.95278104,
      "min": 72.5869124165,
      "max": 73.0395528885,
      "times": [
        72.8323321955,
        72.5941739215,
        72.8787808785,
        72.7777687125,
        73.0395528885,
        72.5869124165,
        72.9143156595,
        72.7360890275,
        72.7082783275,
        72.6921376825
      ],
      "exit_codes": [
        0,
        0,
        0,
        0,
        0,
        0,
        0,
        0,
        0,
        0
      ]
    }
  ]
}
