{
  "results": [
    {
      "command": "cargo build --release --example breakout",
      "mean": 72.74928884379999,
      "stddev": 0.20483704798871755,
      "median": 72.77679611869999,
      "user": 1373.00345412,
      "system": 39.01617102,
      "min": 72.4530850677,
      "max": 73.0970086267,
      "times": [
        72.8880693397,
        72.8342479557,
        72.7278119437,
        72.5163275557,
        72.4530850677,
        72.6082944547,
        73.0970086267,
        72.82578029369999,
        72.9458933727,
        72.5963698277
      ],
      "exit_codes": [
        0,
        0,
        0,
        0,
        0,
        0,
        0,
        0,
        0,
        0
      ]
    }
  ]
}
