{
  "results": [
    {
      "command": "cargo build --jobs 16 --release --example breakout",
      "mean": 70.50374346599999,
      "stddev": 0.6338726399446387,
      "median": 70.43901839040001,
      "user": 994.60565914,
      "system": 27.322154939999997,
      "min": 69.2552100194,
      "max": 71.5139081704,
      "times": [
        71.2787431904,
        70.3138106384,
        70.3529829664,
        71.5139081704,
        70.0029049614,
        70.5224827304,
        70.3555540504,
        70.7915361354,
        69.2552100194,
        70.6503017974
      ],
      "exit_codes": [
        0,
        0,
        0,
        0,
        0,
        0,
        0,
        0,
        0,
        0
      ]
    }
  ]
}
