{
  "results": [
    {
      "command": "cargo build --jobs 8 --release --example breakout",
      "mean": 105.57136433404,
      "stddev": 0.16040387823124452,
      "median": 105.56551975024001,
      "user": 797.1788598400001,
      "system": 21.721151279999997,
      "min": 105.33096745174001,
      "max": 105.77169801174,
      "times": [
        105.46486853974,
        105.67597728574,
        105.53233875774,
        105.43341216974,
        105.40748517274,
        105.33096745174001,
        105.59870074274001,
        105.74597627474,
        105.77169801174,
        105.75221893374
      ],
      "exit_codes": [
        0,
        0,
        0,
        0,
        0,
        0,
        0,
        0,
        0,
        0
      ]
    }
  ]
}
