{
  "results": [
    {
      "command": "cargo build --jobs 8 --release --example breakout",
      "mean": 109.30019359948001,
      "stddev": 0.0785099983993286,
      "median": 109.29564776838001,
      "user": 826.8121507999998,
      "system": 21.891470219999995,
      "min": 109.16011315188001,
      "max": 109.39750305588001,
      "times": [
        109.36286467988,
        109.29258538188,
        109.26504974588,
        109.29871015488,
        109.20372111088001,
        109.38135232788001,
        109.39750305588001,
        109.27268867288001,
        109.36734771288,
        109.16011315188001
      ],
      "exit_codes": [
        0,
        0,
        0,
        0,
        0,
        0,
        0,
        0,
        0,
        0
      ]
    }
  ]
}
