{
  "results": [
    {
      "command": "cargo build --jobs 16 --release --example breakout",
      "mean": 73.05063519253999,
      "stddev": 0.8743720222660806,
      "median": 73.03274034894,
      "user": 1032.6501807999998,
      "system": 27.52577508,
      "min": 71.25091295793999,
      "max": 74.33878035993999,
      "times": [
        71.25091295793999,
        72.56413674593999,
        72.71228586593999,
        72.93235479494,
        73.37771086993999,
        73.13312590294,
        73.63873942794,
        74.00481716793999,
        72.55348783193999,
        74.33878035993999
      ],
      "exit_codes": [
        0,
        0,
        0,
        0,
        0,
        0,
        0,
        0,
        0,
        0
      ]
    }
  ]
}
