{
  "results": [
    {
      "command": "cargo build --release --example breakout",
      "mean": 73.00318828738001,
      "stddev": 0.1620087910656329,
      "median": 73.05933877897999,
      "user": 1378.9725148800003,
      "system": 39.13025494,
      "min": 72.67723103398001,
      "max": 73.18774856398001,
      "times": [
        73.17506540498,
        73.06097202698,
        73.18774856398001,
        73.05770553098,
        72.92788840498,
        73.11801175198,
        72.89588553698,
        73.08161217198,
        72.84976244698001,
        72.67723103398001
      ],
      "exit_codes": [
        0,
        0,
        0,
        0,
        0,
        0,
        0,
        0,
        0,
        0
      ]
    }
  ]
}
