{
  "results": [
    {
      "command": "cargo build --release --example breakout",
      "mean": 73.59915486068,
      "stddev": 0.12492073200812161,
      "median": 73.63493637888001,
      "user": 1395.74967092,
      "system": 39.28563046000001,
      "min": 73.37322900588,
      "max": 73.75291037188,
      "times": [
        73.65987437088,
        73.57012795988,
        73.37322900588,
        73.70644166388,
        73.75291037188,
        73.60999838688001,
        73.50854876188001,
        73.43748575088,
        73.68902542788,
        73.68390690688
      ],
      "exit_codes": [
        0,
        0,
        0,
        0,
        0,
        0,
        0,
        0,
        0,
        0
      ]
    }
  ]
}
