{
  "results": [
    {
      "command": "cargo build --jobs 8 --release --example breakout",
      "mean": 110.7331253861,
      "stddev": 0.11669844893179929,
      "median": 110.7464253325,
      "user": 833.87573276,
      "system": 22.08015958,
      "min": 110.4504774035,
      "max": 110.8758405505,
      "times": [
        110.7274511795,
        110.4504774035,
        110.7481198395,
        110.7318023535,
        110.6650313935,
        110.8758405505,
        110.7596423225,
        110.7447308255,
        110.8557255505,
        110.7724324425
      ],
      "exit_codes": [
        0,
        0,
        0,
        0,
        0,
        0,
        0,
        0,
        0,
        0
      ]
    }
  ]
}
