{
  "results": [
    {
      "command": "cargo build --jobs 16 --release --example breakout",
      "mean": 73.02836929701999,
      "stddev": 0.7190835372628884,
      "median": 73.04810918842,
      "user": 1042.7695655,
      "system": 27.69420162,
      "min": 72.04306747542,
      "max": 73.92367265842,
      "times": [
        72.10234971642,
        73.92367265842,
        73.84119261642,
        73.90104810641999,
        72.43274226342,
        72.65787224142,
        72.04306747542,
        73.28552951542,
        72.90211302242,
        73.19410535442
      ],
      "exit_codes": [
        0,
        0,
        0,
        0,
        0,
        0,
        0,
        0,
        0,
        0
      ]
    }
  ]
}
