{
  "results": [
    {
      "command": "cargo build --jobs 8 --release --example breakout",
      "mean": 112.21594171966001,
      "stddev": 0.2359615927076331,
      "median": 112.21194675726,
      "user": 847.3235594799999,
      "system": 22.49642004,
      "min": 111.81338107626,
      "max": 112.60659611026,
      "times": [
        112.51863401826,
        112.17867246025999,
        112.25155694525999,
        112.60659611026,
        112.12380673426,
        111.81338107626,
        112.24522105426,
        111.97755734526,
        112.33581206526,
        112.10817938726
      ],
      "exit_codes": [
        0,
        0,
        0,
        0,
        0,
        0,
        0,
        0,
        0,
        0
      ]
    }
  ]
}
