{
  "results": [
    {
      "command": "cargo build --jobs 16 --release --example breakout",
      "mean": 72.27793669644,
      "stddev": 0.258741067798849,
      "median": 72.18885993673999,
      "user": 1066.52706766,
      "system": 28.0158425,
      "min": 72.01722829724,
      "max": 72.67143972424,
      "times": [
        72.16368407024,
        72.03412550723999,
        72.11889880224,
        72.64704080124,
        72.05194230024,
        72.57877817824,
        72.67143972424,
        72.01722829724,
        72.21403580324,
        72.28219348024
      ],
      "exit_codes": [
        0,
        0,
        0,
        0,
        0,
        0,
        0,
        0,
        0,
        0
      ]
    }
  ]
}
