{
  "results": [
    {
      "command": "cargo build --jobs 8 --release --example breakout",
      "mean": 110.60314832309999,
      "stddev": 0.12357304199311038,
      "median": 110.5672979396,
      "user": 833.8964964199998,
      "system": 22.00469622,
      "min": 110.4785761756,
      "max": 110.80429364359999,
      "times": [
        110.6413265666,
        110.5512302726,
        110.80429364359999,
        110.48949803459999,
        110.50930257259999,
        110.7969624326,
        110.4785761756,
        110.68117860459999,
        110.5833656066,
        110.4957493216
      ],
      "exit_codes": [
        0,
        0,
        0,
        0,
        0,
        0,
        0,
        0,
        0,
        0
      ]
    }
  ]
}
