{
  "results": [
    {
      "command": "cargo build --jobs 16 --release --example breakout",
      "mean": 73.18391606174,
      "stddev": 0.7032694355062536,
      "median": 73.05357499684,
      "user": 1043.3780345199998,
      "system": 27.704947139999994,
      "min": 72.19946716384,
      "max": 74.36340434384,
      "times": [
        72.90648408484,
        73.18497698684,
        72.19946716384,
        72.93664503584,
        74.23378462084,
        74.36340434384,
        73.61434044784001,
        72.70788274984,
        73.17050495784,
        72.52167022584
      ],
      "exit_codes": [
        0,
        0,
        0,
        0,
        0,
        0,
        0,
        0,
        0,
        0
      ]
    }
  ]
}
