{
  "results": [
    {
      "command": "cargo build --jobs 16 --release --example breakout",
      "mean": 72.82141190077999,
      "stddev": 0.6691502205485662,
      "median": 72.87074345688,
      "user": 1032.3895247199998,
      "system": 27.65155024,
      "min": 71.63714660338,
      "max": 73.93514110538,
      "times": [
        72.83201869838,
        73.46083152938,
        72.24122672238,
        72.15933165538,
        72.77574770338,
        73.15121734638,
        72.90946821538,
        73.11198942838,
        71.63714660338,
        73.93514110538
      ],
      "exit_codes": [
        0,
        0,
        0,
        0,
        0,
        0,
        0,
        0,
        0,
        0
      ]
    }
  ]
}
