{
  "results": [
    {
      "command": "cargo build --jobs 8 --release --example breakout",
      "mean": 109.35771777472,
      "stddev": 0.08684364043990887,
      "median": 109.35358365272,
      "user": 826.2575302599998,
      "system": 22.044205559999998,
      "min": 109.20559648672,
      "max": 109.49430122572001,
      "times": [
        109.39939834672,
        109.49430122572001,
        109.37698297972,
        109.20559648672,
        109.33018432572,
        109.30217995472,
        109.29408986172,
        109.30139308772,
        109.45213190672,
        109.42091957172
      ],
      "exit_codes": [
        0,
        0,
        0,
        0,
        0,
        0,
        0,
        0,
        0,
        0
      ]
    }
  ]
}
