{
  "results": [
    {
      "command": "cargo build --release --example breakout",
      "mean": 72.40039543842,
      "stddev": 0.15195498984530278,
      "median": 72.43172759602001,
      "user": 1361.03041838,
      "system": 38.82629124,
      "min": 72.13309951752001,
      "max": 72.63682171352,
      "times": [
        72.63682171352,
        72.44886450252001,
        72.35760891052,
        72.25431073852,
        72.45704420652001,
        72.56941806952001,
        72.26457009852001,
        72.41459068952001,
        72.13309951752001,
        72.46762593752001
      ],
      "exit_codes": [
        0,
        0,
        0,
        0,
        0,
        0,
        0,
        0,
        0,
        0
      ]
    }
  ]
}
