{
  "results": [
    {
      "command": "cargo build --release --example breakout",
      "mean": 73.49488245998,
      "stddev": 0.28429179536771654,
      "median": 73.47086982168,
      "user": 1407.3903992799999,
      "system": 39.58325216,
      "min": 73.04927677518,
      "max": 74.04198713118,
      "times": [
        73.31344911718,
        73.68933847318,
        73.68322863918,
        73.32096879318,
        73.04927677518,
        73.63358289918,
        73.27525312818,
        73.58138896518,
        74.04198713118,
        73.36035067818
      ],
      "exit_codes": [
        0,
        0,
        0,
        0,
        0,
        0,
        0,
        0,
        0,
        0
      ]
    }
  ]
}
