{
  "results": [
    {
      "command": "cargo build --jobs 16 --release --example breakout",
      "mean": 73.8780298669,
      "stddev": 0.5685309929637781,
      "median": 74.0676177858,
      "user": 1062.9161695599998,
      "system": 27.756555879999997,
      "min": 72.7797645948,
      "max": 74.5886503778,
      "times": [
        74.0579441518,
        74.4117354048,
        73.9052891768,
        74.1046702858,
        74.1414289298,
        72.7797645948,
        73.06008445879999,
        74.07729141979999,
        74.5886503778,
        73.65343986879999
      ],
      "exit_codes": [
        0,
        0,
        0,
        0,
        0,
        0,
        0,
        0,
        0,
        0
      ]
    }
  ]
}
