{
  "results": [
    {
      "command": "cargo build --jobs 8 --release --example breakout",
      "mean": 112.52566322536002,
      "stddev": 0.1445314294449487,
      "median": 112.52842078926,
      "user": 847.77667076,
      "system": 22.216854699999992,
      "min": 112.32913558276,
      "max": 112.72885873576,
      "times": [
        112.72885873576,
        112.38234337076,
        112.41754500076,
        112.52477730376,
        112.32913558276,
        112.66634546276,
        112.53206427476,
        112.63462924376,
        112.37197170076,
        112.66896157776
      ],
      "exit_codes": [
        0,
        0,
        0,
        0,
        0,
        0,
        0,
        0,
        0,
        0
      ]
    }
  ]
}
