{
  "results": [
    {
      "command": "cargo build --jobs 16 --release --example breakout",
      "mean": 72.30012140218001,
      "stddev": 0.42956942769821066,
      "median": 72.09149666808,
      "user": 1065.35906856,
      "system": 27.86897706,
      "min": 71.88591396508001,
      "max": 72.92839949008001,
      "times": [
        71.96163347008,
        72.83813065308,
        72.92839949008001,
        71.92051799508,
        72.07664448008,
        71.90715908108001,
        71.88591396508001,
        72.64841635908,
        72.10634885608,
        72.72804967208
      ],
      "exit_codes": [
        0,
        0,
        0,
        0,
        0,
        0,
        0,
        0,
        0,
        0
      ]
    }
  ]
}
