{
  "results": [
    {
      "command": "cargo build --jobs 8 --release --example breakout",
      "mean": 111.67546988470001,
      "stddev": 0.2083864913950548,
      "median": 111.6664201309,
      "user": 846.76825128,
      "system": 22.52393904,
      "min": 111.3871677404,
      "max": 112.0806227634,
      "times": [
        111.8087336484,
        111.3871677404,
        111.87665938139999,
        111.6997517304,
        111.53564561339999,
        112.0806227634,
        111.4995322954,
        111.72973951739999,
        111.63308853139999,
        111.5037576254
      ],
      "exit_codes": [
        0,
        0,
        0,
        0,
        0,
        0,
        0,
        0,
        0,
        0
      ]
    }
  ]
}
