{
  "results": [
    {
      "command": "cargo build --jobs 8 --release --example breakout",
      "mean": 109.53676860755999,
      "stddev": 0.10502573579742407,
      "median": 109.52679076216,
      "user": 827.5802588800001,
      "system": 22.007187459999997,
      "min": 109.38401145966,
      "max": 109.73163671566,
      "times": [
        109.51414224066001,
        109.38401145966,
        109.48327134566,
        109.53943928366,
        109.62004636466,
        109.60221748266,
        109.73163671566,
        109.60651874466001,
        109.42094425666001,
        109.46545818166
      ],
      "exit_codes": [
        0,
        0,
        0,
        0,
        0,
        0,
        0,
        0,
        0,
        0
      ]
    }
  ]
}
