{
  "results": [
    {
      "command": "cargo build --jobs 16 --release --example breakout",
      "mean": 72.79455016621999,
      "stddev": 0.5430034596567634,
      "median": 72.56868358151999,
      "user": 1033.0977777199998,
      "system": 27.568689319999997,
      "min": 72.12327990652,
      "max": 73.78330306551999,
      "times": [
        72.34223253152,
        73.12228821952,
        72.62173201051999,
        73.78330306551999,
        72.43761621451999,
        72.97081396751999,
        73.53905003252,
        72.51563515251999,
        72.12327990652,
        72.48955056151999
      ],
      "exit_codes": [
        0,
        0,
        0,
        0,
        0,
        0,
        0,
        0,
        0,
        0
      ]
    }
  ]
}
