{
  "results": [
    {
      "command": "cargo build --release --example breakout",
      "mean": 73.66932769776,
      "stddev": 0.1741176918187354,
      "median": 73.65957683266,
      "user": 1406.7385082800004,
      "system": 39.5549362,
      "min": 73.37108341116,
      "max": 73.92818140716,
      "times": [
        73.55930481115999,
        73.67132021015999,
        73.79579977316,
        73.68501223716,
        73.56315498116,
        73.64783345516,
        73.92818140716,
        73.37108341116,
        73.92015390115999,
        73.55143279015999
      ],
      "exit_codes": [
        0,
        0,
        0,
        0,
        0,
        0,
        0,
        0,
        0,
        0
      ]
    }
  ]
}
