{
  "results": [
    {
      "command": "cargo build --jobs 8 --release --example breakout",
      "mean": 112.48987723116,
      "stddev": 0.16444057246335753,
      "median": 112.47772743876001,
      "user": 846.61620732,
      "system": 22.200901819999995,
      "min": 112.23065519526,
      "max": 112.82752866126,
      "times": [
        112.82752866126,
        112.23065519526,
        112.67772799626,
        112.43092410126,
        112.49125235026,
        112.47638689826,
        112.51584160726,
        112.47906797926001,
        112.39686729326,
        112.37252022926
      ],
      "exit_codes": [
        0,
        0,
        0,
        0,
        0,
        0,
        0,
        0,
        0,
        0
      ]
    }
  ]
}
