{
  "results": [
    {
      "command": "cargo build --jobs 16 --release --example breakout",
      "mean": 73.40907455754,
      "stddev": 0.3799808490074769,
      "median": 73.36673156044,
      "user": 1061.5860294,
      "system": 27.76166574,
      "min": 72.67417585394,
      "max": 73.97491672294001,
      "times": [
        73.86332345494,
        73.32784603294,
        73.18811479594001,
        73.22531286194,
        73.75076722694,
        73.24687999794,
        73.40561708794,
        73.97491672294001,
        72.67417585394,
        73.43379153994
      ],
      "exit_codes": [
        0,
        0,
        0,
        0,
        0,
        0,
        0,
        0,
        0,
        0
      ]
    }
  ]
}
