{
  "results": [
    {
      "command": "cargo build --jobs 8 --release --example breakout",
      "mean": 112.28296074256,
      "stddev": 0.23043046352472155,
      "median": 112.23489015435999,
      "user": 846.27026558,
      "system": 22.196639299999998,
      "min": 111.92489682936,
      "max": 112.59959333436,
      "times": [
        112.57913244836,
        112.21198737835999,
        112.07845282836,
        112.10920943635999,
        112.25779293036,
        112.35174943736,
        111.92489682936,
        112.59959333436,
        112.17413633935999,
        112.54265646335999
      ],
      "exit_codes": [
        0,
        0,
        0,
        0,
        0,
        0,
        0,
        0,
        0,
        0
      ]
    }
  ]
}
