{
  "results": [
    {
      "command": "cargo build --jobs 16 --release --example breakout",
      "mean": 73.87758253936,
      "stddev": 0.6238795004865962,
      "median": 73.78973323256,
      "user": 1059.4191580200002,
      "system": 27.702715939999997,
      "min": 73.14440715956,
      "max": 74.98558023056,
      "times": [
        73.14440715956,
        73.56724243356,
        74.70828465156,
        74.17187833156,
        73.15794721756,
        73.36630190856,
        73.68255718156,
        74.09471699556,
        73.89690928356,
        74.98558023056
      ],
      "exit_codes": [
        0,
        0,
        0,
        0,
        0,
        0,
        0,
        0,
        0,
        0
      ]
    }
  ]
}
