{
  "results": [
    {
      "command": "cargo build --release --example breakout",
      "mean": 73.45745243534,
      "stddev": 0.12807442997823013,
      "median": 73.49108955483999,
      "user": 1412.4557404999998,
      "system": 39.65848337999999,
      "min": 73.22940497884,
      "max": 73.60652822584,
      "times": [
        73.53816691483999,
        73.60152289384,
        73.39953650884,
        73.45979483484,
        73.60652822584,
        73.52841964283999,
        73.28135299784,
        73.40741308084,
        73.52238427484,
        73.22940497884
      ],
      "exit_codes": [
        0,
        0,
        0,
        0,
        0,
        0,
        0,
        0,
        0,
        0
      ]
    }
  ]
}
