{
  "results": [
    {
      "command": "cargo build --jobs 8 --release --example breakout",
      "mean": 111.6036380219,
      "stddev": 0.17930152040427494,
      "median": 111.58622448829999,
      "user": 847.36424166,
      "system": 22.52598594,
      "min": 111.39528163179999,
      "max": 111.9886037548,
      "times": [
        111.4841159888,
        111.4997452108,
        111.9886037548,
        111.8202295508,
        111.44802266079999,
        111.39528163179999,
        111.5850799878,
        111.6326828868,
        111.5873689888,
        111.59524955779999
      ],
      "exit_codes": [
        0,
        0,
        0,
        0,
        0,
        0,
        0,
        0,
        0,
        0
      ]
    }
  ]
}
