{
  "results": [
    {
      "command": "cargo build --jobs 16 --release --example breakout",
      "mean": 72.19297702108,
      "stddev": 0.3025145368724662,
      "median": 72.14236831068001,
      "user": 1066.05282596,
      "system": 27.91546472,
      "min": 71.84434261118001,
      "max": 72.89346141918,
      "times": [
        72.40417250718001,
        72.01065527418001,
        71.95903341618,
        72.18425710018,
        72.10047952118,
        71.98685991518,
        71.84434261118001,
        72.18713873618,
        72.35936971018,
        72.89346141918
      ],
      "exit_codes": [
        0,
        0,
        0,
        0,
        0,
        0,
        0,
        0,
        0,
        0
      ]
    }
  ]
}
