{
  "results": [
    {
      "command": "cargo build --jobs 8 --release --example breakout",
      "mean": 105.83808807125999,
      "stddev": 0.38789632976945143,
      "median": 105.90433047956,
      "user": 796.8747615999998,
      "system": 21.625213219999996,
      "min": 105.06674187456001,
      "max": 106.33050722156001,
      "times": [
        105.90565927456001,
        105.90300168456001,
        105.93092237556,
        105.26853875956,
        105.06674187456001,
        106.15780639156,
        105.89023722556,
        106.33050722156001,
        106.10233960256001,
        105.82512630256001
      ],
      "exit_codes": [
        0,
        0,
        0,
        0,
        0,
        0,
        0,
        0,
        0,
        0
      ]
    }
  ]
}
