{
  "results": [
    {
      "command": "cargo build --jobs 16 --release --example breakout",
      "mean": 70.48563090074,
      "stddev": 0.39240412108086103,
      "median": 70.38378468844,
      "user": 994.7967038599998,
      "system": 27.23073908,
      "min": 69.66391047894001,
      "max": 70.99189991894,
      "times": [
        70.74317906894001,
        70.34507338594,
        70.34261657794,
        70.31739214594,
        70.42249599094,
        70.98423366394,
        70.34372265594,
        70.70178511994,
        70.99189991894,
        69.66391047894001
      ],
      "exit_codes": [
        0,
        0,
        0,
        0,
        0,
        0,
        0,
        0,
        0,
        0
      ]
    }
  ]
}
