{
  "results": [
    {
      "command": "cargo build --release --example breakout",
      "mean": 73.07983180042,
      "stddev": 0.1757327461244716,
      "median": 73.09640058632,
      "user": 1415.0893241400001,
      "system": 39.89501764,
      "min": 72.83249589132,
      "max": 73.30466386431999,
      "times": [
        73.29868813632,
        73.30466386431999,
        73.10138501832,
        73.09141615432,
        73.08328770332,
        72.86272288832,
        73.22382737132,
        72.83249589132,
        72.86378970432,
        73.13604127232
      ],
      "exit_codes": [
        0,
        0,
        0,
        0,
        0,
        0,
        0,
        0,
        0,
        0
      ]
    }
  ]
}
