{
  "results": [
    {
      "command": "cargo build --jobs 16 --release --example breakout",
      "mean": 72.95285312610001,
      "stddev": 0.48899070773475417,
      "median": 72.8808547396,
      "user": 1070.7190296600002,
      "system": 28.208104,
      "min": 72.3357602736,
      "max": 74.0312383616,
      "times": [
        73.0100842726,
        72.4889737066,
        73.3888544596,
        72.6873574776,
        73.0805136236,
        72.7516252066,
        73.0516554636,
        74.0312383616,
        72.70246841560001,
        72.3357602736
      ],
      "exit_codes": [
        0,
        0,
        0,
        0,
        0,
        0,
        0,
        0,
        0,
        0
      ]
    }
  ]
}
