{
  "results": [
    {
      "command": "cargo build --jobs 8 --release --example breakout",
      "mean": 113.17061776936,
      "stddev": 0.12318638143355554,
      "median": 113.17786685016,
      "user": 851.21957298,
      "system": 22.619243219999994,
      "min": 112.99529826366,
      "max": 113.37508070066,
      "times": [
        113.19637423766001,
        113.19397090066,
        113.27031704766,
        113.30729545066,
        113.02512378966,
        113.37508070066,
        113.16176279966,
        112.99529826366,
        113.08304324366,
        113.09791125966001
      ],
      "exit_codes": [
        0,
        0,
        0,
        0,
        0,
        0,
        0,
        0,
        0,
        0
      ]
    }
  ]
}
