{
  "results": [
    {
      "command": "cargo build --jobs 8 --release --example breakout",
      "mean": 111.72583141164,
      "stddev": 0.20860038897530336,
      "median": 111.68200301444,
      "user": 847.47655046,
      "system": 22.491876859999998,
      "min": 111.40569793094,
      "max": 112.02303241294,
      "times": [
        111.67201321994,
        111.96028157894,
        111.69199280894,
        112.00015439394,
        111.65931873694,
        112.02303241294,
        111.40569793094,
        111.48655397694,
        111.66222963194,
        111.69703942494
      ],
      "exit_codes": [
        0,
        0,
        0,
        0,
        0,
        0,
        0,
        0,
        0,
        0
      ]
    }
  ]
}
