{
  "results": [
    {
      "command": "cargo build --jobs 16 --release --example breakout",
      "mean": 72.23257822672,
      "stddev": 0.31551377198629227,
      "median": 72.17500537362,
      "user": 1065.5101298799998,
      "system": 27.76301578,
      "min": 71.80296286162,
      "max": 72.77460554862,
      "times": [
        72.17654198662,
        71.90129299462,
        72.09008074361999,
        72.77460554862,
        72.17346876062,
        72.37943443361999,
        71.80296286162,
        72.54212795362,
        71.95689054761999,
        72.52837643662
      ],
      "exit_codes": [
        0,
        0,
        0,
        0,
        0,
        0,
        0,
        0,
        0,
        0
      ]
    }
  ]
}
