{
  "results": [
    {
      "command": "cargo build --jobs 16 --release --example breakout",
      "mean": 72.3524760935,
      "stddev": 0.5502263723228591,
      "median": 72.27720180859998,
      "user": 1020.0937993399999,
      "system": 27.496031719999998,
      "min": 71.5861302526,
      "max": 73.40151458759999,
      "times": [
        72.14947679459999,
        71.92274795559999,
        72.6794354696,
        71.5861302526,
        72.9506174526,
        72.00723667759999,
        72.5151809816,
        72.40492682259999,
        73.40151458759999,
        71.90749394059999
      ],
      "exit_codes": [
        0,
        0,
        0,
        0,
        0,
        0,
        0,
        0,
        0,
        0
      ]
    }
  ]
}
