{
  "results": [
    {
      "command": "cargo build --jobs 8 --release --example breakout",
      "mean": 108.37057921045998,
      "stddev": 0.20937832000089068,
      "median": 108.33894578816,
      "user": 816.61772086,
      "system": 21.97427548,
      "min": 108.12941571715999,
      "max": 108.75736113216,
      "times": [
        108.39365118715999,
        108.26473334015999,
        108.18224905516,
        108.12941571715999,
        108.16099710415999,
        108.65412129815999,
        108.33223405016,
        108.75736113216,
        108.48537169416,
        108.34565752616
      ],
      "exit_codes": [
        0,
        0,
        0,
        0,
        0,
        0,
        0,
        0,
        0,
        0
      ]
    }
  ]
}
