{
  "results": [
    {
      "command": "cargo build --jobs 16 --release --example breakout",
      "mean": 72.13847322752,
      "stddev": 0.6238211965764295,
      "median": 71.95188773262001,
      "user": 1046.5668601,
      "system": 27.5114295,
      "min": 71.44346663462001,
      "max": 73.62495554062001,
      "times": [
        71.44346663462001,
        72.35974929662001,
        72.61255880362,
        71.89310014662,
        71.65796564262,
        71.72131757762,
        73.62495554062001,
        71.96579263662001,
        72.16784316762,
        71.93798282862001
      ],
      "exit_codes": [
        0,
        0,
        0,
        0,
        0,
        0,
        0,
        0,
        0,
        0
      ]
    }
  ]
}
