{
  "results": [
    {
      "command": "cargo build --release --example breakout",
      "mean": 72.18162220052001,
      "stddev": 0.28108583492450095,
      "median": 72.12853652492001,
      "user": 1380.876847,
      "system": 39.368626199999994,
      "min": 71.85783081792,
      "max": 72.77053462092,
      "times": [
        72.33158776892,
        71.85783081792,
        72.19914945492,
        71.92537844792,
        72.13658964192,
        72.05426024792,
        72.48163152192001,
        72.12048340792,
        72.77053462092,
        71.93877607492
      ],
      "exit_codes": [
        0,
        0,
        0,
        0,
        0,
        0,
        0,
        0,
        0,
        0
      ]
    }
  ]
}
