{
  "results": [
    {
      "command": "cargo build --jobs 8 --release --example breakout",
      "mean": 110.22918473013999,
      "stddev": 0.1608255646670382,
      "median": 110.21954945883999,
      "user": 834.18497654,
      "system": 21.94730546,
      "min": 110.04574774534,
      "max": 110.59586729134,
      "times": [
        110.59586729134,
        110.14132990634,
        110.27688680434,
        110.32769025834,
        110.07949180934,
        110.10045679234,
        110.18300991934,
        110.04574774534,
        110.25608899834,
        110.28527777634
      ],
      "exit_codes": [
        0,
        0,
        0,
        0,
        0,
        0,
        0,
        0,
        0,
        0
      ]
    }
  ]
}
