{
  "results": [
    {
      "command": "cargo build --jobs 16 --release --example breakout",
      "mean": 69.60067266626001,
      "stddev": 0.37599479954843235,
      "median": 69.64106225536,
      "user": 982.6487491600001,
      "system": 27.187738860000003,
      "min": 68.81127065836,
      "max": 70.15249482836,
      "times": [
        69.43497624836,
        69.88869951136,
        69.51354233136,
        70.15249482836,
        69.76858217936001,
        69.86938062836,
        69.38430089136,
        68.81127065836,
        69.79086929736,
        69.39261008836
      ],
      "exit_codes": [
        0,
        0,
        0,
        0,
        0,
        0,
        0,
        0,
        0,
        0
      ]
    }
  ]
}
