{
  "results": [
    {
      "command": "cargo build --jobs 8 --release --example breakout",
      "mean": 104.61945143023999,
      "stddev": 0.41303966228032774,
      "median": 104.79129780294,
      "user": 787.6940597200002,
      "system": 21.64040074,
      "min": 103.79794147493999,
      "max": 104.95917605993999,
      "times": [
        104.73408958494,
        104.84850602094,
        104.92885807293999,
        103.94901193794,
        104.95917605993999,
        104.65116694893999,
        104.89525470494,
        104.57585412894,
        103.79794147493999,
        104.85465536794
      ],
      "exit_codes": [
        0,
        0,
        0,
        0,
        0,
        0,
        0,
        0,
        0,
        0
      ]
    }
  ]
}
