{
  "results": [
    {
      "command": "cargo build --jobs 16 --release --example breakout",
      "mean": 72.15108269838,
      "stddev": 0.1358911883467839,
      "median": 72.11523794508,
      "user": 1067.8055163200002,
      "system": 27.71529724,
      "min": 71.97109634358,
      "max": 72.37786440058,
      "times": [
        72.37786440058,
        72.20874139058,
        72.11702523657999,
        72.05141054058,
        72.20827969958,
        71.97109634358,
        72.04607389658,
        72.35953665858,
        72.05734816358,
        72.11345065358
      ],
      "exit_codes": [
        0,
        0,
        0,
        0,
        0,
        0,
        0,
        0,
        0,
        0
      ]
    }
  ]
}
