{
  "results": [
    {
      "command": "cargo build --jobs 8 --release --example breakout",
      "mean": 112.18720955054,
      "stddev": 0.29894667344689885,
      "median": 112.03350524723999,
      "user": 847.68593914,
      "system": 22.536169899999997,
      "min": 111.90762920024,
      "max": 112.81052929924,
      "times": [
        111.98189345323999,
        112.24819882924,
        111.97061003124,
        111.90762920024,
        112.01365667424,
        111.98465025323999,
        112.05335382023999,
        112.35906659224,
        112.54250735224,
        112.81052929924
      ],
      "exit_codes": [
        0,
        0,
        0,
        0,
        0,
        0,
        0,
        0,
        0,
        0
      ]
    }
  ]
}
