{
  "results": [
    {
      "command": "cargo build --release --example breakout",
      "mean": 73.04391811368001,
      "stddev": 0.20167667237780895,
      "median": 72.97642349718001,
      "user": 1379.6038797199997,
      "system": 39.2691607,
      "min": 72.78508881668,
      "max": 73.34185773968001,
      "times": [
        72.94073417668001,
        72.78508881668,
        72.85252284968,
        72.86559935468,
        73.23039568068,
        73.34185773968001,
        73.22744028968,
        73.26081403568,
        73.01211281768,
        72.92261537568001
      ],
      "exit_codes": [
        0,
        0,
        0,
        0,
        0,
        0,
        0,
        0,
        0,
        0
      ]
    }
  ]
}
