{
  "results": [
    {
      "command": "cargo build --jobs 16 --release --example breakout",
      "mean": 72.9684673627,
      "stddev": 0.8485199972807718,
      "median": 72.8827162573,
      "user": 1032.46642758,
      "system": 27.56975372,
      "min": 71.5207621958,
      "max": 74.1358234858,
      "times": [
        73.0581974338,
        71.5207621958,
        72.7194570668,
        73.9294896598,
        72.70956970280001,
        72.1307996618,
        72.4659253768,
        73.9686735958,
        74.1358234858,
        73.0459754478
      ],
      "exit_codes": [
        0,
        0,
        0,
        0,
        0,
        0,
        0,
        0,
        0,
        0
      ]
    }
  ]
}
