{
  "results": [
    {
      "command": "cargo build --jobs 8 --release --example breakout",
      "mean": 109.37398556824,
      "stddev": 0.11945931821218353,
      "median": 109.36862454464,
      "user": 826.6326104399998,
      "system": 21.94973146,
      "min": 109.21854076664,
      "max": 109.54869170364,
      "times": [
        109.37485880764001,
        109.24666046564,
        109.36130674864,
        109.36239028164,
        109.39971572064,
        109.50938172864001,
        109.49664604264001,
        109.21854076664,
        109.54869170364,
        109.22166341664001
      ],
      "exit_codes": [
        0,
        0,
        0,
        0,
        0,
        0,
        0,
        0,
        0,
        0
      ]
    }
  ]
}
