{
  "results": [
    {
      "command": "cargo build --jobs 16 --release --example breakout",
      "mean": 72.37250225856,
      "stddev": 0.5446828454072984,
      "median": 72.07444350106,
      "user": 1061.36501754,
      "system": 28.043950000000002,
      "min": 71.93832417106,
      "max": 73.48603402606001,
      "times": [
        73.48603402606001,
        71.93832417106,
        71.93873536006001,
        72.94417318206001,
        72.11647479206,
        71.96533719006001,
        72.03241221006,
        72.57166851206,
        71.95365654106001,
        72.77820660106
      ],
      "exit_codes": [
        0,
        0,
        0,
        0,
        0,
        0,
        0,
        0,
        0,
        0
      ]
    }
  ]
}
