{
  "results": [
    {
      "command": "cargo build --jobs 8 --release --example breakout",
      "mean": 112.60089645098,
      "stddev": 0.07807088246359642,
      "median": 112.60864109808,
      "user": 844.29156596,
      "system": 22.5102236,
      "min": 112.47299223458,
      "max": 112.74383283158001,
      "times": [
        112.54640043358,
        112.62969831358001,
        112.47299223458,
        112.51947341858,
        112.74383283158001,
        112.64104656658,
        112.63398534458,
        112.58758388258,
        112.66299190758001,
        112.57095957658001
      ],
      "exit_codes": [
        0,
        0,
        0,
        0,
        0,
        0,
        0,
        0,
        0,
        0
      ]
    }
  ]
}
