{
  "results": [
    {
      "command": "cargo build --release --example breakout",
      "mean": 72.79183507022,
      "stddev": 0.20278238837353657,
      "median": 72.84603837751999,
      "user": 1400.33938084,
      "system": 39.78360335999999,
      "min": 72.44558277652,
      "max": 73.05671915852,
      "times": [
        72.86052914451999,
        72.97287594052,
        73.05671915852,
        72.84574862852,
        72.95374760352,
        72.48108117752,
        72.44558277652,
        72.78122756251999,
        72.67451058351999,
        72.84632812651999
      ],
      "exit_codes": [
        0,
        0,
        0,
        0,
        0,
        0,
        0,
        0,
        0,
        0
      ]
    }
  ]
}
