{
  "results": [
    {
      "command": "cargo build --release --example breakout",
      "mean": 74.16142447451999,
      "stddev": 0.10442333894313564,
      "median": 74.14560831131999,
      "user": 1402.63811666,
      "system": 39.76825226,
      "min": 74.03181709632,
      "max": 74.34386181132,
      "times": [
        74.24498382832,
        74.04045928132,
        74.18561280232,
        74.11160628431999,
        74.07780604732,
        74.13714361232,
        74.03181709632,
        74.15407301031999,
        74.28688097132,
        74.34386181132
      ],
      "exit_codes": [
        0,
        0,
        0,
        0,
        0,
        0,
        0,
        0,
        0,
        0
      ]
    }
  ]
}
