{
  "results": [
    {
      "command": "cargo build --release --example breakout",
      "mean": 73.42891452826001,
      "stddev": 0.24794990591921542,
      "median": 73.44900657726,
      "user": 1379.4635610999999,
      "system": 39.24302779999999,
      "min": 73.03716477726,
      "max": 73.90269036325999,
      "times": [
        73.15776906926,
        73.90269036325999,
        73.43463971726,
        73.63225958026,
        73.21306565326,
        73.52629904326,
        73.43913324025999,
        73.45887991426,
        73.03716477726,
        73.48724392426
      ],
      "exit_codes": [
        0,
        0,
        0,
        0,
        0,
        0,
        0,
        0,
        0,
        0
      ]
    }
  ]
}
