{
  "results": [
    {
      "command": "cargo build --jobs 16 --release --example breakout",
      "mean": 73.64593042816,
      "stddev": 0.6004018780506369,
      "median": 73.65285934136,
      "user": 1034.68180134,
      "system": 27.52091796,
      "min": 72.60245169936,
      "max": 74.44191185436,
      "times": [
        74.44191185436,
        73.83902270336,
        73.81391071036,
        72.60245169936,
        73.44154492536,
        74.33776562836,
        74.24763119836,
        73.10723930836001,
        73.49180797236001,
        73.13601828136
      ],
      "exit_codes": [
        0,
        0,
        0,
        0,
        0,
        0,
        0,
        0,
        0,
        0
      ]
    }
  ]
}
