{
  "results": [
    {
      "command": "cargo build --jobs 8 --release --example breakout",
      "mean": 110.02018647771999,
      "stddev": 0.10895150429203498,
      "median": 110.01414082702,
      "user": 828.9851519199999,
      "system": 21.951694,
      "min": 109.85517704701999,
      "max": 110.22089084402,
      "times": [
        109.98555771202,
        109.91238430602,
        110.00879086902,
        109.94406032202,
        110.01949078502,
        109.85517704701999,
        110.02547240602,
        110.22089084402,
        110.07922432502,
        110.15081616102
      ],
      "exit_codes": [
        0,
        0,
        0,
        0,
        0,
        0,
        0,
        0,
        0,
        0
      ]
    }
  ]
}
