{
  "results": [
    {
      "command": "cargo build --jobs 16 --release --example breakout",
      "mean": 69.85091467321999,
      "stddev": 0.759729476997983,
      "median": 69.74118159392,
      "user": 979.9974315599999,
      "system": 27.076668240000004,
      "min": 68.22063241042,
      "max": 70.85666570642,
      "times": [
        69.54598366242,
        68.22063241042,
        70.66362549142,
        69.88319452842,
        69.71902935242,
        70.85666570642,
        70.63843019242,
        69.67489867042,
        69.76333383542,
        69.54335288242
      ],
      "exit_codes": [
        0,
        0,
        0,
        0,
        0,
        0,
        0,
        0,
        0,
        0
      ]
    }
  ]
}
