{
  "results": [
    {
      "command": "cargo build --jobs 8 --release --example breakout",
      "mean": 104.33911492770001,
      "stddev": 0.3901672295076094,
      "median": 104.31884851230001,
      "user": 785.8352061200001,
      "system": 21.5849618,
      "min": 103.6499878118,
      "max": 104.8867895158,
      "times": [
        104.47603602480001,
        104.3158391478,
        104.30319839180001,
        103.6499878118,
        104.56516670580001,
        104.32185787680001,
        103.81474905980001,
        104.82571551480001,
        104.2318092278,
        104.8867895158
      ],
      "exit_codes": [
        0,
        0,
        0,
        0,
        0,
        0,
        0,
        0,
        0,
        0
      ]
    }
  ]
}
