{
  "results": [
    {
      "command": "cargo build --jobs 8 --release --example breakout",
      "mean": 110.86819979566,
      "stddev": 0.07706948505198932,
      "median": 110.87012544946,
      "user": 835.69520674,
      "system": 22.11088746,
      "min": 110.77689942596,
      "max": 110.96778717996,
      "times": [
        110.96275313596,
        110.78389167696,
        110.79979550796,
        110.79136019396,
        110.87268630496,
        110.95203997296001,
        110.90721996396,
        110.86756459396,
        110.77689942596,
        110.96778717996
      ],
      "exit_codes": [
        0,
        0,
        0,
        0,
        0,
        0,
        0,
        0,
        0,
        0
      ]
    }
  ]
}
