{
  "results": [
    {
      "command": "cargo build --jobs 16 --release --example breakout",
      "mean": 72.96360099384,
      "stddev": 0.6537262858426527,
      "median": 73.05569785354001,
      "user": 1045.3218669,
      "system": 27.595308079999995,
      "min": 71.85336151404,
      "max": 74.10939889304001,
      "times": [
        73.10516199304,
        72.48295396104,
        73.00623371404001,
        73.28377505504,
        74.10939889304001,
        71.85336151404,
        73.28979734404,
        73.55968974504,
        72.44209547204001,
        72.50354224704
      ],
      "exit_codes": [
        0,
        0,
        0,
        0,
        0,
        0,
        0,
        0,
        0,
        0
      ]
    }
  ]
}
