{
  "results": [
    {
      "command": "cargo build --release --example breakout",
      "mean": 72.84480898644,
      "stddev": 0.17677064478199087,
      "median": 72.84656087444,
      "user": 1374.3791891199999,
      "system": 39.3264245,
      "min": 72.52944799394001,
      "max": 73.08399584394,
      "times": [
        72.52944799394001,
        72.72255645694,
        72.93995378194,
        72.92196927494001,
        73.00670058894,
        72.68290197394,
        72.76863335594,
        73.08399584394,
        72.77115247394,
        73.02077811994
      ],
      "exit_codes": [
        0,
        0,
        0,
        0,
        0,
        0,
        0,
        0,
        0,
        0
      ]
    }
  ]
}
