{
  "results": [
    {
      "command": "cargo build --release --example breakout",
      "mean": 72.97717762390002,
      "stddev": 0.15401693016083076,
      "median": 72.9620044424,
      "user": 1379.27906068,
      "system": 39.14122859999999,
      "min": 72.76785145390001,
      "max": 73.2497371869,
      "times": [
        73.1213758609,
        72.76785145390001,
        73.1198778439,
        72.8711778249,
        72.8969699359,
        73.0260758909,
        72.7947013569,
        72.97632187590001,
        72.9476870089,
        73.2497371869
      ],
      "exit_codes": [
        0,
        0,
        0,
        0,
        0,
        0,
        0,
        0,
        0,
        0
      ]
    }
  ]
}
