{
  "results": [
    {
      "command": "cargo build --jobs 16 --release --example breakout",
      "mean": 73.16709290783999,
      "stddev": 0.6932642062164934,
      "median": 72.96786901354,
      "user": 1034.46955608,
      "system": 27.65081968,
      "min": 72.31603596954,
      "max": 74.51876976854,
      "times": [
        73.59758288754,
        73.82693252854,
        72.31603596954,
        72.69841807954,
        72.63277092454,
        74.51876976854,
        73.52421924254,
        72.67441959554,
        73.23731994754,
        72.64446013454
      ],
      "exit_codes": [
        0,
        0,
        0,
        0,
        0,
        0,
        0,
        0,
        0,
        0
      ]
    }
  ]
}
