{
  "results": [
    {
      "command": "cargo build --jobs 8 --release --example breakout",
      "mean": 109.9155103223,
      "stddev": 0.09979767070841321,
      "median": 109.9310339228,
      "user": 828.5201380799999,
      "system": 21.92492098,
      "min": 109.74468030679999,
      "max": 110.05280955879999,
      "times": [
        110.01512985279999,
        109.8726768368,
        109.96535248679999,
        109.7803445228,
        109.74468030679999,
        109.9618585848,
        109.9002092608,
        110.05280955879999,
        109.8752267858,
        109.98681502679999
      ],
      "exit_codes": [
        0,
        0,
        0,
        0,
        0,
        0,
        0,
        0,
        0,
        0
      ]
    }
  ]
}
