{
  "results": [
    {
      "command": "cargo build --release --example breakout",
      "mean": 73.63939743044001,
      "stddev": 0.16680543457201774,
      "median": 73.65059295684,
      "user": 1379.8148483999998,
      "system": 39.37312846,
      "min": 73.44466782534,
      "max": 73.92526422434,
      "times": [
        73.82743000934,
        73.70218319234,
        73.48467721934,
        73.59900272134,
        73.44903567234,
        73.71073996734,
        73.44466782534,
        73.92526422434,
        73.51549972834,
        73.73547374434
      ],
      "exit_codes": [
        0,
        0,
        0,
        0,
        0,
        0,
        0,
        0,
        0,
        0
      ]
    }
  ]
}
