{
  "results": [
    {
      "command": "cargo build --jobs 16 --release --example breakout",
      "mean": 72.92002582184001,
      "stddev": 0.5585921436667374,
      "median": 72.72512788874,
      "user": 1027.88596766,
      "system": 27.52780186,
      "min": 72.22768359024,
      "max": 73.82394721224,
      "times": [
        73.11559236624001,
        72.64945100624,
        72.80080477124001,
        72.47186815324001,
        72.64506995224001,
        73.68727585924,
        72.37980478024001,
        73.82394721224,
        73.39876052724,
        72.22768359024
      ],
      "exit_codes": [
        0,
        0,
        0,
        0,
        0,
        0,
        0,
        0,
        0,
        0
      ]
    }
  ]
}
