{
  "results": [
    {
      "command": "cargo build --jobs 8 --release --example breakout",
      "mean": 109.22251043053998,
      "stddev": 0.11629163548896877,
      "median": 109.21171273624,
      "user": 824.959102,
      "system": 21.954489279999997,
      "min": 109.06383975624,
      "max": 109.47671694024,
      "times": [
        109.32410472324,
        109.16483483724,
        109.17151648824,
        109.25967264524,
        109.23549652124,
        109.06383975624,
        109.22153874424,
        109.20188672824,
        109.47671694024,
        109.10549692123999
      ],
      "exit_codes": [
        0,
        0,
        0,
        0,
        0,
        0,
        0,
        0,
        0,
        0
      ]
    }
  ]
}
