{
  "results": [
    {
      "command": "cargo build --jobs 16 --release --example breakout",
      "mean": 70.90260654641999,
      "stddev": 0.45280670717999943,
      "median": 70.72702141092,
      "user": 999.1315746799999,
      "system": 27.37194174,
      "min": 70.48469389542,
      "max": 71.69171393642,
      "times": [
        70.60654729142,
        71.31407365442,
        70.76589444942,
        70.92631326141999,
        70.48469389542,
        70.48953319642,
        71.54089164842,
        70.68814837242,
        70.51825575842,
        71.69171393642
      ],
      "exit_codes": [
        0,
        0,
        0,
        0,
        0,
        0,
        0,
        0,
        0,
        0
      ]
    }
  ]
}
