{
  "results": [
    {
      "command": "cargo build --jobs 8 --release --example breakout",
      "mean": 106.15273564705998,
      "stddev": 0.4285717693302184,
      "median": 106.06466831746,
      "user": 800.4867055999999,
      "system": 21.718777720000002,
      "min": 105.71775548496001,
      "max": 107.02032909796,
      "times": [
        106.46328926796001,
        105.83426488796,
        105.71775548496001,
        105.84516294296,
        105.82041417796,
        106.45993344896,
        105.74808045096,
        106.33395301896,
        106.28417369196,
        107.02032909796
      ],
      "exit_codes": [
        0,
        0,
        0,
        0,
        0,
        0,
        0,
        0,
        0,
        0
      ]
    }
  ]
}
