{
  "results": [
    {
      "command": "cargo build --jobs 8 --release --example breakout",
      "mean": 108.15352449334,
      "stddev": 0.20213020437071733,
      "median": 108.10190557524,
      "user": 815.9087740599999,
      "system": 21.829677739999997,
      "min": 108.00717461523999,
      "max": 108.71122631524,
      "times": [
        108.16419763924,
        108.05885702223999,
        108.05760515323999,
        108.05017201823999,
        108.15447238024,
        108.00717461523999,
        108.71122631524,
        108.08952582024,
        108.12772863923999,
        108.11428533024
      ],
      "exit_codes": [
        0,
        0,
        0,
        0,
        0,
        0,
        0,
        0,
        0,
        0
      ]
    }
  ]
}
