{
  "results": [
    {
      "command": "cargo build --jobs 16 --release --example breakout",
      "mean": 72.41842583019998,
      "stddev": 0.5538187297455035,
      "median": 72.4358044605,
      "user": 1020.01404074,
      "system": 27.562839199999996,
      "min": 71.75379932749999,
      "max": 73.17406710649999,
      "times": [
        71.77007736649999,
        72.9421302175,
        72.72887326749999,
        72.1427356535,
        71.94994005749999,
        71.94844419549999,
        71.75379932749999,
        72.9099599775,
        72.8642311325,
        73.17406710649999
      ],
      "exit_codes": [
        0,
        0,
        0,
        0,
        0,
        0,
        0,
        0,
        0,
        0
      ]
    }
  ]
}
