{
  "results": [
    {
      "command": "cargo build --jobs 8 --release --example breakout",
      "mean": 109.41880192379999,
      "stddev": 0.08867141599109497,
      "median": 109.41535354790001,
      "user": 826.85312434,
      "system": 21.968013159999998,
      "min": 109.31369111090001,
      "max": 109.5434408439,
      "times": [
        109.3553738019,
        109.47975448490001,
        109.33874203890001,
        109.46125088890001,
        109.5434408439,
        109.52233316290001,
        109.31369111090001,
        109.4871689979,
        109.3168077009,
        109.36945620690001
      ],
      "exit_codes": [
        0,
        0,
        0,
        0,
        0,
        0,
        0,
        0,
        0,
        0
      ]
    }
  ]
}
