{
  "results": [
    {
      "command": "cargo build --jobs 16 --release --example breakout",
      "mean": 72.89254639658,
      "stddev": 0.5861497914099691,
      "median": 72.61601824298,
      "user": 1032.3925485799998,
      "system": 27.642166959999997,
      "min": 72.25672781648,
      "max": 73.73812911148,
      "times": [
        73.24932014048,
        73.73812911148,
        73.47471300948,
        72.42319236848,
        72.60796719748,
        72.62406928848,
        73.71727480948,
        72.43831817148,
        72.39575205248,
        72.25672781648
      ],
      "exit_codes": [
        0,
        0,
        0,
        0,
        0,
        0,
        0,
        0,
        0,
        0
      ]
    }
  ]
}
