{
  "results": [
    {
      "command": "cargo build --release --example breakout",
      "mean": 73.05994728006002,
      "stddev": 0.16173582399751318,
      "median": 73.06969356716,
      "user": 1399.86359264,
      "system": 39.775083679999995,
      "min": 72.77248524416,
      "max": 73.28253714616,
      "times": [
        73.14868989516,
        73.19034214616,
        73.03927055216,
        73.05569158016,
        73.28253714616,
        73.16767749316,
        72.77248524416,
        73.05733804016,
        73.08204909416,
        72.80339160916
      ],
      "exit_codes": [
        0,
        0,
        0,
        0,
        0,
        0,
        0,
        0,
        0,
        0
      ]
    }
  ]
}
