{
  "results": [
    {
      "command": "cargo build --jobs 8 --release --example breakout",
      "mean": 112.9085777716,
      "stddev": 0.2620824241620375,
      "median": 112.9029919286,
      "user": 844.4964421799999,
      "system": 22.44245462,
      "min": 112.6640617631,
      "max": 113.5398350711,
      "times": [
        112.9855880241,
        112.6779625971,
        113.5398350711,
        112.9954078201,
        112.9160636851,
        112.8899201721,
        113.0071300111,
        112.7142599171,
        112.6955486551,
        112.6640617631
      ],
      "exit_codes": [
        0,
        0,
        0,
        0,
        0,
        0,
        0,
        0,
        0,
        0
      ]
    }
  ]
}
