{
  "results": [
    {
      "command": "cargo build --jobs 16 --release --example breakout",
      "mean": 72.85935325658001,
      "stddev": 0.5802829341531974,
      "median": 72.81080301128,
      "user": 1060.7901145399999,
      "system": 28.08196048,
      "min": 72.16133250678,
      "max": 73.81662775878,
      "times": [
        72.33892630977999,
        72.68532527878,
        72.98582610578,
        72.28188033178,
        72.16133250678,
        73.80943751878,
        72.95902896678,
        72.61886704478,
        72.93628074378,
        73.81662775878
      ],
      "exit_codes": [
        0,
        0,
        0,
        0,
        0,
        0,
        0,
        0,
        0,
        0
      ]
    }
  ]
}
