{
  "results": [
    {
      "command": "cargo build --jobs 16 --release --example breakout",
      "mean": 73.47939409114001,
      "stddev": 0.5626159345246667,
      "median": 73.67945251194,
      "user": 1061.5816272199997,
      "system": 27.81624086,
      "min": 72.60977792794,
      "max": 74.30142062694,
      "times": [
        73.79521494494,
        73.91933422594,
        73.38551486594,
        72.93234100693999,
        72.69104720594,
        73.80038508294,
        74.30142062694,
        73.60553695294,
        72.60977792794,
        73.75336807094
      ],
      "exit_codes": [
        0,
        0,
        0,
        0,
        0,
        0,
        0,
        0,
        0,
        0
      ]
    }
  ]
}
