{
  "results": [
    {
      "command": "cargo build --release --example breakout",
      "mean": 73.76006311812,
      "stddev": 0.23449251904398807,
      "median": 73.69128430842,
      "user": 1409.4955755999997,
      "system": 39.43783128,
      "min": 73.38382482342,
      "max": 74.19952566842001,
      "times": [
        74.19952566842001,
        73.62967676142,
        73.69967428242,
        73.84077535342,
        73.38382482342,
        73.89240801142,
        73.67433576242,
        73.68289433442,
        73.57602256042,
        74.02149362342
      ],
      "exit_codes": [
        0,
        0,
        0,
        0,
        0,
        0,
        0,
        0,
        0,
        0
      ]
    }
  ]
}
