{
  "results": [
    {
      "command": "cargo build --jobs 8 --release --example breakout",
      "mean": 112.21878288103998,
      "stddev": 0.1647562956465772,
      "median": 112.18652822333999,
      "user": 847.03413038,
      "system": 22.18698542,
      "min": 112.03414535934,
      "max": 112.61597232034,
      "times": [
        112.20764246234,
        112.18685419434,
        112.18620225234,
        112.17876154934,
        112.61597232034,
        112.24645890534,
        112.33612526034,
        112.03414535934,
        112.04858037534,
        112.14708613134
      ],
      "exit_codes": [
        0,
        0,
        0,
        0,
        0,
        0,
        0,
        0,
        0,
        0
      ]
    }
  ]
}
