{
  "results": [
    {
      "command": "cargo build --jobs 16 --release --example breakout",
      "mean": 73.14310845984001,
      "stddev": 0.7454751742197093,
      "median": 73.10912080034,
      "user": 1042.2797045199998,
      "system": 27.680464219999998,
      "min": 72.18470872984,
      "max": 74.66237599083999,
      "times": [
        73.47195429083999,
        73.23415068284,
        74.66237599083999,
        72.98409091783999,
        73.83085967784,
        73.33133667384,
        72.37087329783999,
        72.18470872984,
        72.90413339684,
        72.45660093984
      ],
      "exit_codes": [
        0,
        0,
        0,
        0,
        0,
        0,
        0,
        0,
        0,
        0
      ]
    }
  ]
}
