{
  "results": [
    {
      "command": "cargo build --jobs 8 --release --example breakout",
      "mean": 110.65197447045998,
      "stddev": 0.325196680886703,
      "median": 110.66591571196,
      "user": 833.4685003799998,
      "system": 22.10423818,
      "min": 110.26630464546,
      "max": 111.31742222246,
      "times": [
        110.28908719546,
        110.26630464546,
        110.55747140846,
        111.31742222246,
        110.29666249446001,
        110.74853781446001,
        110.85880223646001,
        110.65603035746,
        110.85362526346,
        110.67580106646
      ],
      "exit_codes": [
        0,
        0,
        0,
        0,
        0,
        0,
        0,
        0,
        0,
        0
      ]
    }
  ]
}
