{
  "results": [
    {
      "command": "cargo build --jobs 16 --release --example breakout",
      "mean": 70.48307250324,
      "stddev": 0.6420489581935939,
      "median": 70.23274313344001,
      "user": 999.2136776799998,
      "system": 27.24855604,
      "min": 69.81269814394,
      "max": 71.74989910494,
      "times": [
        71.30485122394,
        69.92457470194,
        71.74989910494,
        70.14778252794001,
        70.83014126094,
        69.96227902994,
        70.63526933594001,
        70.31770373894,
        69.81269814394,
        70.14552596394
      ],
      "exit_codes": [
        0,
        0,
        0,
        0,
        0,
        0,
        0,
        0,
        0,
        0
      ]
    }
  ]
}
