{
  "results": [
    {
      "command": "cargo build --jobs 8 --release --example breakout",
      "mean": 106.2563418835,
      "stddev": 0.5067519575093091,
      "median": 106.3728140197,
      "user": 799.74651244,
      "system": 21.726415539999998,
      "min": 105.3274011972,
      "max": 106.8023855052,
      "times": [
        106.64615218819999,
        106.2765994402,
        105.3274011972,
        106.4999594892,
        106.3793633012,
        106.61404059819999,
        106.8023855052,
        106.3662647382,
        105.3716582332,
        106.27959414419999
      ],
      "exit_codes": [
        0,
        0,
        0,
        0,
        0,
        0,
        0,
        0,
        0,
        0
      ]
    }
  ]
}
