{
  "results": [
    {
      "command": "cargo build --jobs 8 --release --example breakout",
      "mean": 112.07343953366001,
      "stddev": 0.13097357707258206,
      "median": 112.07105408856,
      "user": 847.57559422,
      "system": 22.516303,
      "min": 111.94514720356,
      "max": 112.37579751256,
      "times": [
        112.13848116556001,
        111.98137221056001,
        112.07201355656001,
        111.95426152456001,
        111.95789275056,
        112.07009462056,
        112.08837109856,
        112.37579751256,
        112.15096369356,
        111.94514720356
      ],
      "exit_codes": [
        0,
        0,
        0,
        0,
        0,
        0,
        0,
        0,
        0,
        0
      ]
    }
  ]
}
