{
  "results": [
    {
      "command": "cargo build --jobs 16 --release --example breakout",
      "mean": 72.1364270068,
      "stddev": 0.24475806254719037,
      "median": 72.08204417070002,
      "user": 1067.5565760599998,
      "system": 27.956163299999996,
      "min": 71.9054857807,
      "max": 72.7415799117,
      "times": [
        71.9472956867,
        72.05800269470001,
        71.9622120337,
        72.1564885707,
        71.9054857807,
        72.3187676707,
        72.7415799117,
        72.02371407070001,
        72.10608564670001,
        72.1446380017
      ],
      "exit_codes": [
        0,
        0,
        0,
        0,
        0,
        0,
        0,
        0,
        0,
        0
      ]
    }
  ]
}
