{
  "results": [
    {
      "command": "cargo build --jobs 16 --release --example breakout",
      "mean": 72.46826603018,
      "stddev": 0.62977044017292,
      "median": 72.42907361978,
      "user": 1046.0045629599997,
      "system": 27.59996838,
      "min": 71.47856934178,
      "max": 73.57616616178,
      "times": [
        72.29269141478,
        73.57616616178,
        72.92025551678,
        72.06792527478,
        71.85608082078,
        72.07084043478,
        72.96919452377999,
        71.47856934178,
        72.88548098778,
        72.56545582478
      ],
      "exit_codes": [
        0,
        0,
        0,
        0,
        0,
        0,
        0,
        0,
        0,
        0
      ]
    }
  ]
}
