{
  "results": [
    {
      "command": "cargo build --jobs 8 --release --example breakout",
      "mean": 110.68003694295999,
      "stddev": 0.1867807133062026,
      "median": 110.66056630285999,
      "user": 834.5972515,
      "system": 22.0176132,
      "min": 110.35334438935999,
      "max": 110.94601810735999,
      "times": [
        110.35334438935999,
        110.73785572835999,
        110.64169490235999,
        110.67943770336,
        110.58436090736,
        110.57639802935999,
        110.94601810735999,
        110.87003393635999,
        110.89847782236,
        110.51274790336
      ],
      "exit_codes": [
        0,
        0,
        0,
        0,
        0,
        0,
        0,
        0,
        0,
        0
      ]
    }
  ]
}
