{
  "results": [
    {
      "command": "cargo build --release --example breakout",
      "mean": 72.81187433926,
      "stddev": 0.29460842880968213,
      "median": 72.86269197266,
      "user": 1381.5375363,
      "system": 39.30984407999999,
      "min": 72.32430799366,
      "max": 73.39830417866,
      "times": [
        72.85486093466001,
        72.75907005666001,
        73.39830417866,
        73.02184332266,
        72.51486582366,
        72.59553707266001,
        72.87901281366001,
        72.32430799366,
        72.90041818566,
        72.87052301066001
      ],
      "exit_codes": [
        0,
        0,
        0,
        0,
        0,
        0,
        0,
        0,
        0,
        0
      ]
    }
  ]
}
