{
  "results": [
    {
      "command": "cargo build --jobs 16 --release --example breakout",
      "mean": 73.98755706454001,
      "stddev": 0.8106354639592436,
      "median": 73.71222180884001,
      "user": 1058.59415786,
      "system": 27.80967096,
      "min": 73.16517857584,
      "max": 75.45596802184001,
      "times": [
        73.31460993084,
        74.13985633184001,
        74.94710575684,
        73.89178518584,
        73.32505218684001,
        73.16517857584,
        75.45596802184001,
        74.76638232584001,
        73.33697389784001,
        73.53265843184
      ],
      "exit_codes": [
        0,
        0,
        0,
        0,
        0,
        0,
        0,
        0,
        0,
        0
      ]
    }
  ]
}
