{
  "results": [
    {
      "command": "cargo build --release --example breakout",
      "mean": 73.69269188696,
      "stddev": 0.18635470982495955,
      "median": 73.70355186466,
      "user": 1406.841046,
      "system": 39.539774019999996,
      "min": 73.35827293016001,
      "max": 73.98837173916,
      "times": [
        73.98837173916,
        73.67263744016,
        73.73446628916001,
        73.35827293016001,
        73.75714234316001,
        73.86748895516,
        73.47766087516001,
        73.66613522816,
        73.58132620016,
        73.82341686916
      ],
      "exit_codes": [
        0,
        0,
        0,
        0,
        0,
        0,
        0,
        0,
        0,
        0
      ]
    }
  ]
}
