{
  "results": [
    {
      "command": "cargo build --jobs 8 --release --example breakout",
      "mean": 112.18004615162002,
      "stddev": 0.127686431659851,
      "median": 112.13183847062001,
      "user": 845.7040227599998,
      "system": 22.170620040000003,
      "min": 112.05281163612001,
      "max": 112.44160556412001,
      "times": [
        112.18632944212001,
        112.20887676612,
        112.44160556412001,
        112.11955243812001,
        112.08891186712,
        112.14412450312001,
        112.07918132212001,
        112.11552761812001,
        112.05281163612001,
        112.36354035912001
      ],
      "exit_codes": [
        0,
        0,
        0,
        0,
        0,
        0,
        0,
        0,
        0,
        0
      ]
    }
  ]
}
