{
  "results": [
    {
      "command": "cargo build --jobs 16 --release --example breakout",
      "mean": 72.16449990948001,
      "stddev": 0.31086986625454044,
      "median": 72.08379584258,
      "user": 1066.3140106799997,
      "system": 27.683673000000006,
      "min": 71.85204124608,
      "max": 72.97652528108,
      "times": [
        72.04671766308,
        72.24615672308,
        72.00934878208001,
        72.19314181108001,
        72.02426047608,
        72.21840291108,
        71.95753017908001,
        71.85204124608,
        72.97652528108,
        72.12087402208
      ],
      "exit_codes": [
        0,
        0,
        0,
        0,
        0,
        0,
        0,
        0,
        0,
        0
      ]
    }
  ]
}
