{
  "results": [
    {
      "command": "cargo build --jobs 8 --release --example breakout",
      "mean": 112.010627247,
      "stddev": 0.20108503916633025,
      "median": 111.9216403298,
      "user": 846.17467124,
      "system": 22.45794646,
      "min": 111.8179333608,
      "max": 112.3677524978,
      "times": [
        111.8710227388,
        112.0195196648,
        111.8179333608,
        111.8660714398,
        112.0966385358,
        111.9598885708,
        111.8833920888,
        112.3487308308,
        111.8753227418,
        112.3677524978
      ],
      "exit_codes": [
        0,
        0,
        0,
        0,
        0,
        0,
        0,
        0,
        0,
        0
      ]
    }
  ]
}
