{
  "results": [
    {
      "command": "cargo build --release --example breakout",
      "mean": 73.62728119339998,
      "stddev": 0.18451079319313574,
      "median": 73.6724075018,
      "user": 1408.5466606,
      "system": 39.62746229999999,
      "min": 73.2632810053,
      "max": 73.8863619343,
      "times": [
        73.4950455123,
        73.7211799993,
        73.2632810053,
        73.6858265773,
        73.8863619343,
        73.7003265283,
        73.5191514543,
        73.6589884263,
        73.83736069230001,
        73.5052898043
      ],
      "exit_codes": [
        0,
        0,
        0,
        0,
        0,
        0,
        0,
        0,
        0,
        0
      ]
    }
  ]
}
