{
  "results": [
    {
      "command": "cargo build --jobs 16 --release --example breakout",
      "mean": 74.16624304167999,
      "stddev": 0.7633196872600699,
      "median": 74.03888562617999,
      "user": 1058.4522758199998,
      "system": 27.61409378,
      "min": 73.10193785268,
      "max": 75.59703433368,
      "times": [
        74.58306667368,
        75.59703433368,
        73.63472017368,
        73.10193785268,
        74.97620695367999,
        74.34080323868,
        73.73696801368,
        74.48585479868,
        73.61115621068,
        73.59468216767999
      ],
      "exit_codes": [
        0,
        0,
        0,
        0,
        0,
        0,
        0,
        0,
        0,
        0
      ]
    }
  ]
}
