{
  "results": [
    {
      "command": "cargo build --jobs 8 --release --example breakout",
      "mean": 112.20191452832,
      "stddev": 0.1564285321896922,
      "median": 112.19248025451999,
      "user": 845.7243175799998,
      "system": 22.10654214,
      "min": 111.95575529851999,
      "max": 112.44052746551999,
      "times": [
        112.23671467451999,
        112.05111600452,
        112.13691878851999,
        112.14824583452,
        112.44052746551999,
        112.26980050652,
        111.95575529851999,
        112.07474395451999,
        112.40468235851999,
        112.30064039752
      ],
      "exit_codes": [
        0,
        0,
        0,
        0,
        0,
        0,
        0,
        0,
        0,
        0
      ]
    }
  ]
}
