{
  "results": [
    {
      "command": "cargo build --jobs 8 --release --example breakout",
      "mean": 107.83360729252001,
      "stddev": 0.7355880921435025,
      "median": 107.72501791932001,
      "user": 812.18376332,
      "system": 21.69914488,
      "min": 106.98015131232,
      "max": 108.75234616332,
      "times": [
        108.57641499532001,
        108.42396587032,
        107.34410882132,
        108.67062862332,
        107.17541364832,
        108.75234616332,
        108.10592701732,
        107.26430572332,
        106.98015131232,
        107.04281075032
      ],
      "exit_codes": [
        0,
        0,
        0,
        0,
        0,
        0,
        0,
        0,
        0,
        0
      ]
    }
  ]
}
