{
  "results": [
    {
      "command": "cargo build --jobs 16 --release --example breakout",
      "mean": 71.45420020546,
      "stddev": 0.4685185870269695,
      "median": 71.45711449696,
      "user": 1013.7583881999999,
      "system": 27.31620858,
      "min": 70.91641594796,
      "max": 72.58520686796,
      "times": [
        71.62047038696,
        71.41349367596,
        72.58520686796,
        70.95023133096,
        71.24815550496,
        71.51275328196,
        71.58352382796,
        71.21101591196,
        70.91641594796,
        71.50073531796
      ],
      "exit_codes": [
        0,
        0,
        0,
        0,
        0,
        0,
        0,
        0,
        0,
        0
      ]
    }
  ]
}
