{
  "results": [
    {
      "command": "cargo build --jobs 16 --release --example breakout",
      "mean": 71.50699580832,
      "stddev": 0.674548130399522,
      "median": 71.36835833421999,
      "user": 1010.9946858599999,
      "system": 27.411402459999998,
      "min": 70.80032063272,
      "max": 72.91721905472,
      "times": [
        71.08873022972,
        71.68385892572,
        70.88309853871999,
        70.80032063272,
        72.91721905472,
        71.24740222071999,
        72.25426388071999,
        71.76392575471999,
        71.48931444771999,
        70.94182439772
      ],
      "exit_codes": [
        0,
        0,
        0,
        0,
        0,
        0,
        0,
        0,
        0,
        0
      ]
    }
  ]
}
