{
  "results": [
    {
      "command": "cargo build --jobs 8 --release --example breakout",
      "mean": 107.5802578537,
      "stddev": 0.386059832290937,
      "median": 107.696508424,
      "user": 809.5600158200001,
      "system": 21.75369856,
      "min": 106.59675467749999,
      "max": 107.8903942775,
      "times": [
        107.6203892315,
        107.5286112255,
        107.77262761649999,
        107.88625973949999,
        107.8063015325,
        107.37107808949999,
        107.79499179449999,
        107.8903942775,
        107.53517035249999,
        106.59675467749999
      ],
      "exit_codes": [
        0,
        0,
        0,
        0,
        0,
        0,
        0,
        0,
        0,
        0
      ]
    }
  ]
}
