{
  "results": [
    {
      "command": "cargo build --jobs 16 --release --example breakout",
      "mean": 73.74637505374001,
      "stddev": 0.62404859585888,
      "median": 73.65370286804,
      "user": 1062.3305667399998,
      "system": 27.672608500000003,
      "min": 72.90608108154001,
      "max": 74.76320003454,
      "times": [
        74.76320003454,
        73.72872877954,
        74.65286934354,
        72.90608108154001,
        73.08533914054,
        73.52092258254001,
        73.21465137954,
        74.07272094154001,
        73.57867695654001,
        73.94056029754
      ],
      "exit_codes": [
        0,
        0,
        0,
        0,
        0,
        0,
        0,
        0,
        0,
        0
      ]
    }
  ]
}
