{
  "results": [
    {
      "command": "cargo build --jobs 8 --release --example breakout",
      "mean": 112.67507191371999,
      "stddev": 0.11933712393059363,
      "median": 112.66439864771999,
      "user": 848.2447149399999,
      "system": 22.12300286,
      "min": 112.50745398372,
      "max": 112.86531775072,
      "times": [
        112.65579829072,
        112.85936314172,
        112.62307595672,
        112.69086599072,
        112.58525077472,
        112.50745398372,
        112.55378231072,
        112.86531775072,
        112.73681193271999,
        112.67299900472
      ],
      "exit_codes": [
        0,
        0,
        0,
        0,
        0,
        0,
        0,
        0,
        0,
        0
      ]
    }
  ]
}
