{
  "results": [
    {
      "command": "cargo build --release --example breakout",
      "mean": 73.59091821889999,
      "stddev": 0.16122532601774797,
      "median": 73.6519601034,
      "user": 1407.7665086399998,
      "system": 39.47394384,
      "min": 73.2142561054,
      "max": 73.7435120114,
      "times": [
        73.7435120114,
        73.5761636104,
        73.7058135354,
        73.6803157384,
        73.4507903784,
        73.7103536724,
        73.52405693040001,
        73.6797934944,
        73.6241267124,
        73.2142561054
      ],
      "exit_codes": [
        0,
        0,
        0,
        0,
        0,
        0,
        0,
        0,
        0,
        0
      ]
    }
  ]
}
