{
  "results": [
    {
      "command": "cargo build --jobs 16 --release --example breakout",
      "mean": 71.50353502922,
      "stddev": 0.6856007761959522,
      "median": 71.60759019212,
      "user": 1012.0820765000001,
      "system": 27.319653820000003,
      "min": 70.40002381362,
      "max": 72.30195259162,
      "times": [
        70.63972409862,
        71.28556510162,
        70.92195218262,
        72.28688985162,
        72.21296554262,
        71.77109672562,
        70.40002381362,
        71.47888754062,
        72.30195259162,
        71.73629284362
      ],
      "exit_codes": [
        0,
        0,
        0,
        0,
        0,
        0,
        0,
        0,
        0,
        0
      ]
    }
  ]
}
