{
  "results": [
    {
      "command": "cargo build --release --example breakout",
      "mean": 71.59133880382001,
      "stddev": 0.13498008810320028,
      "median": 71.54872976212,
      "user": 1338.44216616,
      "system": 38.85753422,
      "min": 71.45674978162,
      "max": 71.85152948162,
      "times": [
        71.55216228462001,
        71.65877586962,
        71.47499757862,
        71.50607992962,
        71.85152948162,
        71.54529723962,
        71.62908075062,
        71.45674978162,
        71.77128176662,
        71.46743335562
      ],
      "exit_codes": [
        0,
        0,
        0,
        0,
        0,
        0,
        0,
        0,
        0,
        0
      ]
    }
  ]
}
