{
  "results": [
    {
      "command": "cargo build --jobs 8 --release --example breakout",
      "mean": 107.22783211402002,
      "stddev": 0.46634958961912776,
      "median": 107.03361093481999,
      "user": 811.03168532,
      "system": 21.793458320000003,
      "min": 106.82956880732,
      "max": 108.12764172432,
      "times": [
        106.88734546532,
        106.89802945432,
        107.18900436432,
        107.69304476932,
        106.85317783632,
        106.87565597432,
        108.12764172432,
        106.82956880732,
        107.16919241532,
        107.75566032932
      ],
      "exit_codes": [
        0,
        0,
        0,
        0,
        0,
        0,
        0,
        0,
        0,
        0
      ]
    }
  ]
}
