{
  "results": [
    {
      "command": "cargo build --release --example breakout",
      "mean": 71.5494687108,
      "stddev": 0.24842334964798668,
      "median": 71.5653666953,
      "user": 1343.72550484,
      "system": 38.71994796,
      "min": 71.1724112903,
      "max": 71.9127281603,
      "times": [
        71.4359428263,
        71.4266014583,
        71.1724112903,
        71.9043528663,
        71.6307447813,
        71.2304791303,
        71.6296256473,
        71.5011077433,
        71.9127281603,
        71.6506932043
      ],
      "exit_codes": [
        0,
        0,
        0,
        0,
        0,
        0,
        0,
        0,
        0,
        0
      ]
    }
  ]
}
