{
  "results": [
    {
      "command": "cargo build --jobs 8 --release --example breakout",
      "mean": 110.72911822306,
      "stddev": 0.1372442268805084,
      "median": 110.70416867646,
      "user": 833.5317888400001,
      "system": 22.050582560000002,
      "min": 110.53676630496,
      "max": 110.94651795696,
      "times": [
        110.68278701896,
        110.83307550896,
        110.75323594496,
        110.67810953096,
        110.94651795696,
        110.56265358396,
        110.72555033396,
        110.91829406496,
        110.53676630496,
        110.65419198196
      ],
      "exit_codes": [
        0,
        0,
        0,
        0,
        0,
        0,
        0,
        0,
        0,
        0
      ]
    }
  ]
}
