{
  "results": [
    {
      "command": "cargo build --jobs 16 --release --example breakout",
      "mean": 73.44230256562,
      "stddev": 0.8777946594184375,
      "median": 73.25703258282,
      "user": 1042.2273977999998,
      "system": 27.76227968,
      "min": 72.25202702632001,
      "max": 74.75607492132,
      "times": [
        74.42826581432,
        74.32178778432001,
        72.25202702632001,
        72.93923527932,
        72.27350226532,
        73.33462523032,
        73.88439415932001,
        73.17943993532,
        73.05367324032001,
        74.75607492132
      ],
      "exit_codes": [
        0,
        0,
        0,
        0,
        0,
        0,
        0,
        0,
        0,
        0
      ]
    }
  ]
}
