{
  "results": [
    {
      "command": "cargo build --jobs 8 --release --example breakout",
      "mean": 112.16708025798002,
      "stddev": 0.3240272470931678,
      "median": 112.08367079398002,
      "user": 848.1193364799999,
      "system": 22.494258600000002,
      "min": 111.65227870398,
      "max": 112.82495216698001,
      "times": [
        112.06153406998001,
        111.65227870398,
        112.36974938198,
        112.29401121098,
        112.10580751798001,
        111.94564867798,
        112.42163496898,
        111.95420925198,
        112.04097662898,
        112.82495216698001
      ],
      "exit_codes": [
        0,
        0,
        0,
        0,
        0,
        0,
        0,
        0,
        0,
        0
      ]
    }
  ]
}
