{
  "results": [
    {
      "command": "cargo build --jobs 16 --release --example breakout",
      "mean": 72.6110474998,
      "stddev": 0.318900245083785,
      "median": 72.7305812891,
      "user": 1067.59449838,
      "system": 28.02781348,
      "min": 72.1026064156,
      "max": 72.9586481166,
      "times": [
        72.1026064156,
        72.8119070506,
        72.8992037426,
        72.9586481166,
        72.7459304456,
        72.4398737566,
        72.9017255316,
        72.3978782106,
        72.1374695956,
        72.7152321326
      ],
      "exit_codes": [
        0,
        0,
        0,
        0,
        0,
        0,
        0,
        0,
        0,
        0
      ]
    }
  ]
}
