{
  "results": [
    {
      "command": "cargo build --jobs 8 --release --example breakout",
      "mean": 112.30026434838001,
      "stddev": 0.1390372986584629,
      "median": 112.31293542788,
      "user": 848.1767286399997,
      "system": 22.52848832,
      "min": 112.08410264538,
      "max": 112.45531124238,
      "times": [
        112.39993953538,
        112.41050643838,
        112.18822907438,
        112.45531124238,
        112.20501204038,
        112.43570932438,
        112.08410264538,
        112.16547929438,
        112.22593132038,
        112.43242256838
      ],
      "exit_codes": [
        0,
        0,
        0,
        0,
        0,
        0,
        0,
        0,
        0,
        0
      ]
    }
  ]
}
