{
  "results": [
    {
      "command": "cargo build --jobs 16 --release --example breakout",
      "mean": 72.34916472310002,
      "stddev": 0.2658896072213772,
      "median": 72.27323822,
      "user": 1066.6377426,
      "system": 27.992671859999994,
      "min": 71.99580593499999,
      "max": 72.762306862,
      "times": [
        72.60067613199999,
        72.762306862,
        72.309686644,
        72.162311928,
        72.236789796,
        72.114050857,
        71.99580593499999,
        72.137882384,
        72.67607579,
        72.496060903
      ],
      "exit_codes": [
        0,
        0,
        0,
        0,
        0,
        0,
        0,
        0,
        0,
        0
      ]
    }
  ]
}
