{
  "results": [
    {
      "command": "cargo build --release --example breakout",
      "mean": 73.78475776550002,
      "stddev": 0.26383929995141675,
      "median": 73.8135315807,
      "user": 1397.0396705,
      "system": 39.25825122,
      "min": 73.2302590942,
      "max": 74.0870340692,
      "times": [
        73.9682772182,
        73.6375268222,
        74.0870340692,
        73.5864620062,
        73.7072488832,
        73.91981427820001,
        73.2302590942,
        73.9679417772,
        74.0448968522,
        73.6981166542
      ],
      "exit_codes": [
        0,
        0,
        0,
        0,
        0,
        0,
        0,
        0,
        0,
        0
      ]
    }
  ]
}
