{
  "results": [
    {
      "command": "cargo build --jobs 8 --release --example breakout",
      "mean": 110.81920608848,
      "stddev": 0.1568366504331766,
      "median": 110.77201413757999,
      "user": 834.10828138,
      "system": 22.114412339999998,
      "min": 110.65712273708,
      "max": 111.19933344408,
      "times": [
        110.65712273708,
        110.67292564108,
        110.85040077208,
        110.75187267308,
        110.86789743208,
        111.19933344408,
        110.76717733308,
        110.91584904908,
        110.73263086108,
        110.77685094207999
      ],
      "exit_codes": [
        0,
        0,
        0,
        0,
        0,
        0,
        0,
        0,
        0,
        0
      ]
    }
  ]
}
