{
  "results": [
    {
      "command": "cargo build --jobs 16 --release --example breakout",
      "mean": 73.42979326107998,
      "stddev": 0.48060001728376806,
      "median": 73.34610061538,
      "user": 1042.7660927799998,
      "system": 27.699674499999997,
      "min": 72.84321260237999,
      "max": 74.49041012138,
      "times": [
        73.69791055738,
        73.67131305337999,
        73.14339857438,
        73.02641343538,
        73.04047118138,
        74.49041012138,
        73.33616218838,
        73.35603904237999,
        72.84321260237999,
        73.69260185438
      ],
      "exit_codes": [
        0,
        0,
        0,
        0,
        0,
        0,
        0,
        0,
        0,
        0
      ]
    }
  ]
}
