{
  "results": [
    {
      "command": "cargo build --release --example breakout",
      "mean": 72.96158861967999,
      "stddev": 0.15860870888100753,
      "median": 72.95455198628,
      "user": 1378.90759912,
      "system": 39.22683310000001,
      "min": 72.79049535128,
      "max": 73.29884682228,
      "times": [
        72.79049535128,
        73.29884682228,
        72.98353724428,
        72.97643814627999,
        72.93266582628,
        72.79850135128,
        72.82903827428,
        72.85579215428,
        73.05737166328,
        73.09319936328
      ],
      "exit_codes": [
        0,
        0,
        0,
        0,
        0,
        0,
        0,
        0,
        0,
        0
      ]
    }
  ]
}
