{
  "results": [
    {
      "command": "cargo build --jobs 8 --release --example breakout",
      "mean": 109.31637079624002,
      "stddev": 0.10331990692905288,
      "median": 109.30599652144,
      "user": 826.3636848999998,
      "system": 21.98348162,
      "min": 109.10429837594,
      "max": 109.44464826994,
      "times": [
        109.32339856694,
        109.41454835194,
        109.10429837594,
        109.26968083994001,
        109.25028166494,
        109.43404744394,
        109.44464826994,
        109.27357991294001,
        109.28859447594,
        109.36063005994001
      ],
      "exit_codes": [
        0,
        0,
        0,
        0,
        0,
        0,
        0,
        0,
        0,
        0
      ]
    }
  ]
}
