{
  "results": [
    {
      "command": "cargo build --jobs 16 --release --example breakout",
      "mean": 72.71907346036001,
      "stddev": 0.511806104357524,
      "median": 72.75497547046001,
      "user": 1031.9977385799998,
      "system": 27.77037746,
      "min": 72.04384547596001,
      "max": 73.87688095896,
      "times": [
        72.94212480196,
        72.41608723196,
        72.77984239796001,
        72.92385289196001,
        72.77883959196001,
        72.73111134896,
        73.87688095896,
        72.04384547596001,
        72.12957138396,
        72.56857851996
      ],
      "exit_codes": [
        0,
        0,
        0,
        0,
        0,
        0,
        0,
        0,
        0,
        0
      ]
    }
  ]
}
