{
  "results": [
    {
      "command": "cargo build --jobs 16 --release --example breakout",
      "mean": 72.92775555748,
      "stddev": 0.7082084687140301,
      "median": 73.01915784438,
      "user": 1032.2531717599998,
      "system": 27.616887499999997,
      "min": 71.63189109638,
      "max": 73.89557786038,
      "times": [
        73.12427679337999,
        72.65584106038,
        73.14225627338,
        73.89557786038,
        72.00883908338,
        73.83722799937999,
        73.18428875938,
        71.63189109638,
        72.91403889538,
        72.88331775338
      ],
      "exit_codes": [
        0,
        0,
        0,
        0,
        0,
        0,
        0,
        0,
        0,
        0
      ]
    }
  ]
}
