{
  "results": [
    {
      "command": "cargo build --release --example breakout",
      "mean": 72.91744542708001,
      "stddev": 0.20094809629040777,
      "median": 72.99747923298,
      "user": 1383.0748559600001,
      "system": 39.17136918,
      "min": 72.52846019548001,
      "max": 73.13821771748,
      "times": [
        73.05613872348,
        72.77941179148,
        72.52846019548001,
        73.02403576848,
        73.13790714648,
        72.78159621948001,
        73.13821771748,
        73.00453278148001,
        72.73372824248,
        72.99042568448
      ],
      "exit_codes": [
        0,
        0,
        0,
        0,
        0,
        0,
        0,
        0,
        0,
        0
      ]
    }
  ]
}
