{
  "results": [
    {
      "command": "cargo build --jobs 8 --release --example breakout",
      "mean": 109.43357007526,
      "stddev": 0.13256471179252713,
      "median": 109.43256952636,
      "user": 827.0503846199999,
      "system": 21.99351702,
      "min": 109.17673008536,
      "max": 109.59089358736,
      "times": [
        109.38268205636,
        109.58132944436,
        109.55139046936,
        109.36352128636,
        109.59089358736,
        109.32886480736,
        109.51247542636,
        109.48245699636,
        109.17673008536,
        109.36535659336
      ],
      "exit_codes": [
        0,
        0,
        0,
        0,
        0,
        0,
        0,
        0,
        0,
        0
      ]
    }
  ]
}
