{
  "results": [
    {
      "command": "cargo build --jobs 8 --release --example breakout",
      "mean": 109.34647157200001,
      "stddev": 0.12002272998414103,
      "median": 109.36264563610001,
      "user": 826.3939393200001,
      "system": 21.930675519999998,
      "min": 109.1632733991,
      "max": 109.5783295291,
      "times": [
        109.38007957810001,
        109.3848305931,
        109.1632733991,
        109.43892755510001,
        109.2892373171,
        109.3452116941,
        109.25341873010001,
        109.5783295291,
        109.4088457311,
        109.22256159310001
      ],
      "exit_codes": [
        0,
        0,
        0,
        0,
        0,
        0,
        0,
        0,
        0,
        0
      ]
    }
  ]
}
