{
  "results": [
    {
      "command": "cargo build --jobs 16 --release --example breakout",
      "mean": 72.80205686466,
      "stddev": 0.6795798425952575,
      "median": 72.83780541366,
      "user": 1031.9926193,
      "system": 27.54691958,
      "min": 72.03365837216,
      "max": 73.74972157516001,
      "times": [
        73.32714557716001,
        72.11783443916,
        72.03365837216,
        72.23528008316,
        73.36204171516,
        72.11965358116001,
        72.35617175616001,
        73.74972157516001,
        73.39962247616,
        73.31943907116
      ],
      "exit_codes": [
        0,
        0,
        0,
        0,
        0,
        0,
        0,
        0,
        0,
        0
      ]
    }
  ]
}
