{
  "results": [
    {
      "command": "cargo build --release --example breakout",
      "mean": 73.51091253370001,
      "stddev": 0.1504786290121938,
      "median": 73.5876963311,
      "user": 1398.81710154,
      "system": 39.39648824,
      "min": 73.2786183936,
      "max": 73.6839191186,
      "times": [
        73.5990793576,
        73.6240380506,
        73.2849510746,
        73.6839191186,
        73.5917872146,
        73.6269137286,
        73.58360544760001,
        73.2786183936,
        73.4717999666,
        73.3644129846
      ],
      "exit_codes": [
        0,
        0,
        0,
        0,
        0,
        0,
        0,
        0,
        0,
        0
      ]
    }
  ]
}
