{
  "results": [
    {
      "command": "cargo build --release --example breakout",
      "mean": 73.5144436962,
      "stddev": 0.20010647469354206,
      "median": 73.52060021259999,
      "user": 1405.6004503,
      "system": 39.563810180000004,
      "min": 73.17715197509999,
      "max": 73.8079298121,
      "times": [
        73.50926835809999,
        73.75815063009999,
        73.4881735481,
        73.5120614591,
        73.17715197509999,
        73.8079298121,
        73.52913896609999,
        73.58617944509999,
        73.2105306191,
        73.5658521491
      ],
      "exit_codes": [
        0,
        0,
        0,
        0,
        0,
        0,
        0,
        0,
        0,
        0
      ]
    }
  ]
}
