{
  "results": [
    {
      "command": "cargo build --jobs 8 --release --example breakout",
      "mean": 112.33354522226,
      "stddev": 0.14836674746244682,
      "median": 112.34717203386,
      "user": 846.52294698,
      "system": 22.172819940000004,
      "min": 112.13511999736,
      "max": 112.57917420436,
      "times": [
        112.34393473836,
        112.22421223936,
        112.42994967135999,
        112.13511999736,
        112.35040932936,
        112.14454061136,
        112.41737259736,
        112.48394981436,
        112.57917420436,
        112.22678901936
      ],
      "exit_codes": [
        0,
        0,
        0,
        0,
        0,
        0,
        0,
        0,
        0,
        0
      ]
    }
  ]
}
