{
  "results": [
    {
      "command": "cargo build --jobs 16 --release --example breakout",
      "mean": 73.9698841206,
      "stddev": 0.7486911754823387,
      "median": 73.9259803326,
      "user": 1061.38059096,
      "system": 27.6874397,
      "min": 72.9584099826,
      "max": 75.2959425246,
      "times": [
        72.9584099826,
        73.8595826906,
        73.2903848686,
        73.3713370526,
        75.2959425246,
        73.3418801256,
        74.2988427696,
        73.9923779746,
        74.7356152826,
        74.5544679346
      ],
      "exit_codes": [
        0,
        0,
        0,
        0,
        0,
        0,
        0,
        0,
        0,
        0
      ]
    }
  ]
}
