{
  "results": [
    {
      "command": "cargo build --jobs 8 --release --example breakout",
      "mean": 112.70663149577999,
      "stddev": 0.34194370470146007,
      "median": 112.67700373448,
      "user": 850.5104306200001,
      "system": 22.121396620000002,
      "min": 112.15918980098,
      "max": 113.31590699898001,
      "times": [
        112.59329672798,
        112.76071074098,
        113.31590699898001,
        112.93268157598001,
        112.15918980098,
        112.50052306498,
        112.88957143598,
        113.02055973398001,
        112.39608568598001,
        112.49778919198
      ],
      "exit_codes": [
        0,
        0,
        0,
        0,
        0,
        0,
        0,
        0,
        0,
        0
      ]
    }
  ]
}
