{
  "results": [
    {
      "command": "cargo build --jobs 16 --release --example breakout",
      "mean": 74.37589248164001,
      "stddev": 0.5442991598739306,
      "median": 74.21172037464001,
      "user": 1064.0302578800001,
      "system": 27.875328839999998,
      "min": 73.86180249264001,
      "max": 75.36371132964,
      "times": [
        74.67556388764001,
        73.86180249264001,
        73.89636279464,
        74.44936795164,
        73.91927406664,
        75.36371132964,
        74.13278930564,
        74.29065144364,
        73.97681019864001,
        75.19259134564
      ],
      "exit_codes": [
        0,
        0,
        0,
        0,
        0,
        0,
        0,
        0,
        0,
        0
      ]
    }
  ]
}
