{
  "results": [
    {
      "command": "cargo build --jobs 8 --release --example breakout",
      "mean": 109.94452952176,
      "stddev": 0.06386658422963519,
      "median": 109.95012462706,
      "user": 828.2418264599999,
      "system": 22.04341996,
      "min": 109.85794770556001,
      "max": 110.04897959456001,
      "times": [
        110.04897959456001,
        109.89733061156001,
        109.89691636456,
        109.97073057356,
        109.86763470956001,
        109.99670116056001,
        109.99898612356,
        109.98054969356001,
        109.85794770556001,
        109.92951868056001
      ],
      "exit_codes": [
        0,
        0,
        0,
        0,
        0,
        0,
        0,
        0,
        0,
        0
      ]
    }
  ]
}
