{
  "results": [
    {
      "command": "cargo build --jobs 16 --release --example breakout",
      "mean": 73.55971506853999,
      "stddev": 0.7870013491112484,
      "median": 73.37407523264001,
      "user": 1034.3087304199998,
      "system": 27.681190020000003,
      "min": 72.53861399014,
      "max": 75.29175069814,
      "times": [
        74.32080115814,
        73.14497856014,
        73.21038987814,
        73.09036380314001,
        75.29175069814,
        73.53776058714001,
        73.67001669014,
        73.82755540714001,
        72.53861399014,
        72.96491991314001
      ],
      "exit_codes": [
        0,
        0,
        0,
        0,
        0,
        0,
        0,
        0,
        0,
        0
      ]
    }
  ]
}
