{
  "results": [
    {
      "command": "cargo build --jobs 8 --release --example breakout",
      "mean": 107.38771306359999,
      "stddev": 0.4256414290008936,
      "median": 107.5464282765,
      "user": 810.37688334,
      "system": 21.791471519999998,
      "min": 106.703003161,
      "max": 107.956800387,
      "times": [
        107.638255312,
        107.552113054,
        107.652758373,
        106.703003161,
        107.540743499,
        107.956800387,
        106.77098170400001,
        107.65093607600001,
        106.942586445,
        107.468952625
      ],
      "exit_codes": [
        0,
        0,
        0,
        0,
        0,
        0,
        0,
        0,
        0,
        0
      ]
    }
  ]
}
