{
  "results": [
    {
      "command": "cargo build --jobs 16 --release --example breakout",
      "mean": 71.45754004215999,
      "stddev": 0.5880708145384279,
      "median": 71.63993609765998,
      "user": 1011.46656874,
      "system": 27.396355579999998,
      "min": 70.62592713715999,
      "max": 72.26369952815999,
      "times": [
        72.05133014516,
        70.68179998116,
        71.81296257316,
        72.26369952815999,
        71.17589969215999,
        71.68556075416,
        71.59431144115999,
        70.83522647315999,
        70.62592713715999,
        71.84868269616
      ],
      "exit_codes": [
        0,
        0,
        0,
        0,
        0,
        0,
        0,
        0,
        0,
        0
      ]
    }
  ]
}
