{
  "results": [
    {
      "command": "cargo build --jobs 8 --release --example breakout",
      "mean": 109.92083313624,
      "stddev": 0.09785027413437355,
      "median": 109.92092424704,
      "user": 828.46894138,
      "system": 21.89978456,
      "min": 109.76167195954,
      "max": 110.06732607154,
      "times": [
        109.97503731153999,
        109.90444799854,
        109.79579123754,
        109.85538122454,
        109.76167195954,
        109.91307862354,
        109.92876987054,
        110.06732607154,
        109.96811861354,
        110.03870845153999
      ],
      "exit_codes": [
        0,
        0,
        0,
        0,
        0,
        0,
        0,
        0,
        0,
        0
      ]
    }
  ]
}
