{
  "results": [
    {
      "command": "cargo build --release --example breakout",
      "mean": 73.26472905018001,
      "stddev": 0.227595202883427,
      "median": 73.28732240088,
      "user": 1376.5652297999995,
      "system": 39.14613335999999,
      "min": 72.73399010488001,
      "max": 73.56427448588,
      "times": [
        73.56427448588,
        73.40533339388,
        72.73399010488001,
        73.14048351888,
        73.28603284488,
        73.15187030388,
        73.27699214088,
        73.33220910888001,
        73.46749264288,
        73.28861195688
      ],
      "exit_codes": [
        0,
        0,
        0,
        0,
        0,
        0,
        0,
        0,
        0,
        0
      ]
    }
  ]
}
