{
  "results": [
    {
      "command": "cargo build --jobs 16 --release --example breakout",
      "mean": 72.68718714358,
      "stddev": 0.6597319009942566,
      "median": 72.55921592058002,
      "user": 1035.0585666000002,
      "system": 27.653868440000004,
      "min": 71.90629431658,
      "max": 73.83371464458,
      "times": [
        73.83371464458,
        72.68901612058,
        71.95225636158,
        72.65644712358001,
        71.90629431658,
        73.50408051358,
        73.30330493558,
        72.39742060058,
        72.16735210158001,
        72.46198471758001
      ],
      "exit_codes": [
        0,
        0,
        0,
        0,
        0,
        0,
        0,
        0,
        0,
        0
      ]
    }
  ]
}
