{
  "results": [
    {
      "command": "cargo build --jobs 16 --release --example breakout",
      "mean": 74.16529508580001,
      "stddev": 0.3701718852423991,
      "median": 74.2952449074,
      "user": 1065.48142526,
      "system": 27.76940252,
      "min": 73.27551927340001,
      "max": 74.53810759240001,
      "times": [
        74.49959275440001,
        73.9366879904,
        74.03757776740001,
        74.0592830754,
        74.3924413234,
        73.27551927340001,
        74.31353403840001,
        74.2769557764,
        74.53810759240001,
        74.3232512664
      ],
      "exit_codes": [
        0,
        0,
        0,
        0,
        0,
        0,
        0,
        0,
        0,
        0
      ]
    }
  ]
}
