{
  "results": [
    {
      "command": "cargo build --release --example breakout",
      "mean": 74.3094625377,
      "stddev": 0.19172490279994225,
      "median": 74.3319077132,
      "user": 1398.71678716,
      "system": 39.58912694,
      "min": 73.9642745637,
      "max": 74.5589904047,
      "times": [
        74.39376670269999,
        74.5589904047,
        74.4256508327,
        74.1826551047,
        74.1148527947,
        74.2700487237,
        74.2162142377,
        73.9642745637,
        74.4415909687,
        74.52658104369999
      ],
      "exit_codes": [
        0,
        0,
        0,
        0,
        0,
        0,
        0,
        0,
        0,
        0
      ]
    }
  ]
}
