{
  "results": [
    {
      "command": "cargo build --jobs 8 --release --example breakout",
      "mean": 112.76741352068,
      "stddev": 0.2718188262584746,
      "median": 112.84911850067999,
      "user": 850.74751684,
      "system": 22.160281279999996,
      "min": 112.31185409918,
      "max": 113.09712611618,
      "times": [
        112.85716274018,
        112.84107426118,
        112.81490502318,
        112.52460192718,
        113.08385519418,
        112.88283075318,
        112.38236220618,
        112.87836288618,
        113.09712611618,
        112.31185409918
      ],
      "exit_codes": [
        0,
        0,
        0,
        0,
        0,
        0,
        0,
        0,
        0,
        0
      ]
    }
  ]
}
