{
  "results": [
    {
      "command": "cargo build --jobs 16 --release --example breakout",
      "mean": 72.35518347926,
      "stddev": 0.3945340735530127,
      "median": 72.42125161396,
      "user": 1065.455563,
      "system": 27.81225688,
      "min": 71.75708733446,
      "max": 72.86204874046,
      "times": [
        72.39325093746,
        72.22209404046,
        72.57308534746,
        71.75708733446,
        72.86204874046,
        71.98527233046,
        72.44925229046,
        72.74713142646,
        71.82885862546,
        72.73375371946
      ],
      "exit_codes": [
        0,
        0,
        0,
        0,
        0,
        0,
        0,
        0,
        0,
        0
      ]
    }
  ]
}
