{
  "results": [
    {
      "command": "cargo build --release --example breakout",
      "mean": 71.29931456854001,
      "stddev": 0.123138075059582,
      "median": 71.28992938594001,
      "user": 1409.2138849,
      "system": 40.209468720000004,
      "min": 71.14658456794001,
      "max": 71.52640332794,
      "times": [
        71.52640332794,
        71.14658456794001,
        71.21970681894001,
        71.17175040894,
        71.45946166894001,
        71.20646572494,
        71.35621324194001,
        71.32670115394001,
        71.30619982694,
        71.27365894494001
      ],
      "exit_codes": [
        0,
        0,
        0,
        0,
        0,
        0,
        0,
        0,
        0,
        0
      ]
    }
  ]
}
