{
  "results": [
    {
      "command": "cargo build --jobs 8 --release --example breakout",
      "mean": 111.58801745826001,
      "stddev": 0.10981924408745168,
      "median": 111.58878594756001,
      "user": 847.4152499199997,
      "system": 22.5175405,
      "min": 111.39060183756,
      "max": 111.76754228756,
      "times": [
        111.39060183756,
        111.51621573556001,
        111.55729709656,
        111.67357374356,
        111.49516056156,
        111.64869537356,
        111.67601708456,
        111.62027479856,
        111.76754228756,
        111.53479606356001
      ],
      "exit_codes": [
        0,
        0,
        0,
        0,
        0,
        0,
        0,
        0,
        0,
        0
      ]
    }
  ]
}
