{
  "results": [
    {
      "command": "cargo build --jobs 16 --release --example breakout",
      "mean": 71.36522965388,
      "stddev": 0.7254877839456417,
      "median": 71.30960753838,
      "user": 1013.9017868999997,
      "system": 27.3811294,
      "min": 70.37875019138,
      "max": 73.06538344838,
      "times": [
        73.06538344838,
        71.44373257038,
        71.73247114038,
        71.27403498838001,
        70.91073333938,
        70.37875019138,
        71.13226975938001,
        70.73895317038,
        71.63078784238,
        71.34518008838
      ],
      "exit_codes": [
        0,
        0,
        0,
        0,
        0,
        0,
        0,
        0,
        0,
        0
      ]
    }
  ]
}
