{
  "results": [
    {
      "command": "cargo build --jobs 8 --release --example breakout",
      "mean": 107.41894550584,
      "stddev": 0.511463674046153,
      "median": 107.19816386344,
      "user": 812.1158872599999,
      "system": 21.824363000000005,
      "min": 106.96578917944001,
      "max": 108.36510562544001,
      "times": [
        107.20772670944,
        107.44220805444,
        107.23862535844,
        107.08628735244,
        108.36004324544,
        107.15496282044,
        107.18010569544,
        107.18860101744,
        106.96578917944001,
        108.36510562544001
      ],
      "exit_codes": [
        0,
        0,
        0,
        0,
        0,
        0,
        0,
        0,
        0,
        0
      ]
    }
  ]
}
