{
  "results": [
    {
      "command": "cargo build --jobs 16 --release --example breakout",
      "mean": 72.31499185912,
      "stddev": 0.27871518562756964,
      "median": 72.28683091901999,
      "user": 1071.0349523600003,
      "system": 28.013333080000002,
      "min": 72.07043514252,
      "max": 73.04377611652,
      "times": [
        72.34839189252,
        72.30025706651999,
        72.31657898851999,
        72.07043514252,
        73.04377611652,
        72.08067976551999,
        72.15100332152,
        72.17959446252,
        72.27340477151999,
        72.38579706352
      ],
      "exit_codes": [
        0,
        0,
        0,
        0,
        0,
        0,
        0,
        0,
        0,
        0
      ]
    }
  ]
}
