{
  "results": [
    {
      "command": "cargo build --jobs 8 --release --example breakout",
      "mean": 112.45349331109999,
      "stddev": 0.12435661036213029,
      "median": 112.4279122385,
      "user": 850.5140143199999,
      "system": 22.554648659999998,
      "min": 112.31848592349999,
      "max": 112.7078485175,
      "times": [
        112.40857785349999,
        112.61247082349999,
        112.3722787445,
        112.44724662349999,
        112.7078485175,
        112.4604411265,
        112.4971861355,
        112.31848592349999,
        112.3322808395,
        112.3781165235
      ],
      "exit_codes": [
        0,
        0,
        0,
        0,
        0,
        0,
        0,
        0,
        0,
        0
      ]
    }
  ]
}
