{
  "results": [
    {
      "command": "cargo build --jobs 8 --release --example breakout",
      "mean": 112.34424001399998,
      "stddev": 0.23776931577594163,
      "median": 112.3806158152,
      "user": 848.39386394,
      "system": 22.43447746,
      "min": 111.9948589902,
      "max": 112.7988634822,
      "times": [
        112.7988634822,
        112.2734113522,
        112.4385322272,
        112.4560812412,
        112.3226994032,
        112.1406505842,
        112.4684258122,
        112.48248081119999,
        111.9948589902,
        112.06639623619999
      ],
      "exit_codes": [
        0,
        0,
        0,
        0,
        0,
        0,
        0,
        0,
        0,
        0
      ]
    }
  ]
}
