{
  "results": [
    {
      "command": "cargo build --jobs 16 --release --example breakout",
      "mean": 72.39497551526,
      "stddev": 0.316430334634091,
      "median": 72.37322003686,
      "user": 1067.50924386,
      "system": 27.91059206,
      "min": 72.04280948436,
      "max": 72.87795518536001,
      "times": [
        72.24273374836001,
        72.57715482536001,
        72.87795518536001,
        72.54699277836,
        72.83895449436001,
        72.14197426936,
        72.04280948436,
        72.04472767036,
        72.50370632536001,
        72.13274637136001
      ],
      "exit_codes": [
        0,
        0,
        0,
        0,
        0,
        0,
        0,
        0,
        0,
        0
      ]
    }
  ]
}
