{
  "results": [
    {
      "command": "cargo build --release --example breakout",
      "mean": 73.56334320924,
      "stddev": 0.1976293190878403,
      "median": 73.54875795614001,
      "user": 1407.0677374,
      "system": 39.440512760000004,
      "min": 73.34883250914001,
      "max": 73.94281802314,
      "times": [
        73.56439695214,
        73.35571210814,
        73.94281802314,
        73.38551599514,
        73.53311896014,
        73.34883250914001,
        73.71085410614,
        73.62358181714,
        73.41169468314,
        73.75690693814
      ],
      "exit_codes": [
        0,
        0,
        0,
        0,
        0,
        0,
        0,
        0,
        0,
        0
      ]
    }
  ]
}
