{
  "results": [
    {
      "command": "cargo build --jobs 16 --release --example breakout",
      "mean": 72.86247754350002,
      "stddev": 0.5356663865003369,
      "median": 72.8221829717,
      "user": 1044.9006131800002,
      "system": 27.551692999999993,
      "min": 72.0648524827,
      "max": 73.8582644197,
      "times": [
        73.3733770277,
        72.8355773737,
        72.55799325470001,
        72.7895245017,
        72.1618681317,
        72.0648524827,
        73.0935743337,
        73.0809553397,
        73.8582644197,
        72.8087885697
      ],
      "exit_codes": [
        0,
        0,
        0,
        0,
        0,
        0,
        0,
        0,
        0,
        0
      ]
    }
  ]
}
