{
  "results": [
    {
      "command": "cargo build --jobs 8 --release --example breakout",
      "mean": 110.78414379176002,
      "stddev": 0.15169215134758288,
      "median": 110.84703009596001,
      "user": 834.7229239000001,
      "system": 21.898136279999996,
      "min": 110.53407422846,
      "max": 110.94542749346,
      "times": [
        110.89912878646,
        110.67986445246001,
        110.53407422846,
        110.81891760246,
        110.94542749346,
        110.87514258946,
        110.69630379946,
        110.91632595346,
        110.90476753046,
        110.57148548146
      ],
      "exit_codes": [
        0,
        0,
        0,
        0,
        0,
        0,
        0,
        0,
        0,
        0
      ]
    }
  ]
}
