{
  "results": [
    {
      "command": "cargo build --release --example breakout",
      "mean": 72.76612224798001,
      "stddev": 0.23761752122479288,
      "median": 72.81065159368,
      "user": 1379.4643762799997,
      "system": 39.266675379999995,
      "min": 72.27450922718,
      "max": 73.11022181218,
      "times": [
        72.86049230618,
        72.94772067218,
        72.27450922718,
        72.76081088118,
        72.95384502018,
        72.67981871118,
        72.59510705818,
        72.86739328218,
        72.61130350918,
        73.11022181218
      ],
      "exit_codes": [
        0,
        0,
        0,
        0,
        0,
        0,
        0,
        0,
        0,
        0
      ]
    }
  ]
}
