{
  "results": [
    {
      "command": "cargo build --jobs 8 --release --example breakout",
      "mean": 106.18165411318,
      "stddev": 0.279714730260994,
      "median": 106.12467129398001,
      "user": 799.3860317,
      "system": 21.72152922,
      "min": 105.74647479298001,
      "max": 106.74822211098001,
      "times": [
        106.08407761498,
        106.74822211098001,
        106.05881940898,
        105.91348215598,
        106.29430171198001,
        106.09562450498001,
        106.43875730398001,
        106.15371808298,
        105.74647479298001,
        106.28306344398
      ],
      "exit_codes": [
        0,
        0,
        0,
        0,
        0,
        0,
        0,
        0,
        0,
        0
      ]
    }
  ]
}
