{
  "results": [
    {
      "command": "cargo build --jobs 16 --release --example breakout",
      "mean": 70.3728280215,
      "stddev": 0.6007420863252503,
      "median": 70.39897819609999,
      "user": 999.2731085399998,
      "system": 27.151021679999996,
      "min": 69.23495342759999,
      "max": 71.2131982186,
      "times": [
        70.37904985659999,
        70.9611322506,
        69.86780868759999,
        70.4189065356,
        70.8842618356,
        70.1720411366,
        70.7051523426,
        69.23495342759999,
        71.2131982186,
        69.8917759236
      ],
      "exit_codes": [
        0,
        0,
        0,
        0,
        0,
        0,
        0,
        0,
        0,
        0
      ]
    }
  ]
}
