{
  "results": [
    {
      "command": "cargo build --release --example breakout",
      "mean": 70.62422029896,
      "stddev": 0.12584881348135404,
      "median": 70.63330308286001,
      "user": 1327.5551102999998,
      "system": 38.61709556,
      "min": 70.40461999836,
      "max": 70.85092940436,
      "times": [
        70.60810589436001,
        70.40461999836,
        70.49459244736,
        70.65850027136,
        70.57297491236,
        70.55518578536,
        70.70336997236001,
        70.85092940436,
        70.71183754936,
        70.68208675436
      ],
      "exit_codes": [
        0,
        0,
        0,
        0,
        0,
        0,
        0,
        0,
        0,
        0
      ]
    }
  ]
}
