{
  "results": [
    {
      "command": "cargo build --release --example breakout",
      "mean": 72.67873947862002,
      "stddev": 0.24983101885390402,
      "median": 72.59816354052,
      "user": 1398.9321177999998,
      "system": 39.889986199999996,
      "min": 72.47106507252,
      "max": 73.33658258052,
      "times": [
        72.71018809352,
        72.47106507252,
        72.57213024052001,
        72.52157735252001,
        72.64181160152,
        72.62419684052001,
        72.55483215852,
        72.79813817152001,
        72.55687267452001,
        73.33658258052
      ],
      "exit_codes": [
        0,
        0,
        0,
        0,
        0,
        0,
        0,
        0,
        0,
        0
      ]
    }
  ]
}
