{
  "results": [
    {
      "command": "cargo build --jobs 16 --release --example breakout",
      "mean": 72.5463981627,
      "stddev": 0.6438787302945336,
      "median": 72.3752797493,
      "user": 1061.03018902,
      "system": 28.0553538,
      "min": 71.8309263568,
      "max": 73.9754770388,
      "times": [
        72.9214584368,
        72.93177510780001,
        71.8309263568,
        73.9754770388,
        72.5136295148,
        71.9806698458,
        72.0844824768,
        72.2369299838,
        72.8494096988,
        72.1392231668
      ],
      "exit_codes": [
        0,
        0,
        0,
        0,
        0,
        0,
        0,
        0,
        0,
        0
      ]
    }
  ]
}
