{
  "results": [
    {
      "command": "cargo build --jobs 8 --release --example breakout",
      "mean": 112.62985179528,
      "stddev": 0.11813439849559501,
      "median": 112.64530369567998,
      "user": 844.20574884,
      "system": 22.469643299999998,
      "min": 112.37824257918,
      "max": 112.75814409018,
      "times": [
        112.75814409018,
        112.60284809718,
        112.51476434818,
        112.66845827018,
        112.66189894717999,
        112.59059458818,
        112.75615690318,
        112.62870844417999,
        112.73870168517999,
        112.37824257918
      ],
      "exit_codes": [
        0,
        0,
        0,
        0,
        0,
        0,
        0,
        0,
        0,
        0
      ]
    }
  ]
}
