{
  "results": [
    {
      "command": "cargo build --release --example breakout",
      "mean": 73.81534621205999,
      "stddev": 0.21039217634655458,
      "median": 73.84489481765999,
      "user": 1397.8353430599998,
      "system": 39.341069759999996,
      "min": 73.49368920116,
      "max": 74.18345522316,
      "times": [
        74.18345522316,
        73.95860625515999,
        73.92838905116,
        73.57311302715999,
        73.77456125316,
        73.93942923316,
        73.49368920116,
        73.78383849715999,
        73.90595113815999,
        73.61242924116
      ],
      "exit_codes": [
        0,
        0,
        0,
        0,
        0,
        0,
        0,
        0,
        0,
        0
      ]
    }
  ]
}
