{
  "results": [
    {
      "command": "cargo build --jobs 8 --release --example breakout",
      "mean": 110.77988073314,
      "stddev": 0.09010691859104085,
      "median": 110.74646197564,
      "user": 833.9777400999999,
      "system": 22.022797759999996,
      "min": 110.69016466464001,
      "max": 110.94425321564,
      "times": [
        110.75588578864,
        110.71751485864,
        110.69016466464001,
        110.94425321564,
        110.88783624364001,
        110.84288534464001,
        110.82866498864,
        110.69197581764,
        110.73703816264,
        110.70258824664
      ],
      "exit_codes": [
        0,
        0,
        0,
        0,
        0,
        0,
        0,
        0,
        0,
        0
      ]
    }
  ]
}
