{
  "results": [
    {
      "command": "cargo build --jobs 16 --release --example breakout",
      "mean": 73.15620622864,
      "stddev": 0.4410321716503813,
      "median": 73.30353014144,
      "user": 1043.13799006,
      "system": 27.664139159999998,
      "min": 72.28855004294,
      "max": 73.77312273494,
      "times": [
        73.77312273494,
        73.31870033694,
        73.37781064494,
        72.74384310794,
        73.16061581094,
        72.72330417694,
        73.41921071794,
        73.28835994594,
        73.46854476694,
        72.28855004294
      ],
      "exit_codes": [
        0,
        0,
        0,
        0,
        0,
        0,
        0,
        0,
        0,
        0
      ]
    }
  ]
}
