{
  "results": [
    {
      "command": "cargo build --release --example breakout",
      "mean": 72.61974705113998,
      "stddev": 0.15770176294002733,
      "median": 72.58161174093999,
      "user": 1377.8353695199999,
      "system": 39.2937429,
      "min": 72.36773250793999,
      "max": 72.84306736494,
      "times": [
        72.84306736494,
        72.69387307993999,
        72.59563563094,
        72.45779766093999,
        72.56758785093999,
        72.52902575494,
        72.55020495293999,
        72.79227718294,
        72.80026852494,
        72.36773250793999
      ],
      "exit_codes": [
        0,
        0,
        0,
        0,
        0,
        0,
        0,
        0,
        0,
        0
      ]
    }
  ]
}
