{
  "results": [
    {
      "command": "cargo build --jobs 8 --release --example breakout",
      "mean": 110.10274310628002,
      "stddev": 0.12306158017298467,
      "median": 110.09524540288001,
      "user": 833.4816956799999,
      "system": 22.092054919999992,
      "min": 109.95593537688,
      "max": 110.33045590388001,
      "times": [
        110.00756438988,
        110.19743408188,
        110.01853075388,
        110.17354192988,
        109.95593537688,
        110.13718420788001,
        110.05330659788001,
        109.95888393988001,
        110.33045590388001,
        110.19459388088
      ],
      "exit_codes": [
        0,
        0,
        0,
        0,
        0,
        0,
        0,
        0,
        0,
        0
      ]
    }
  ]
}
