{
  "results": [
    {
      "command": "cargo build --jobs 16 --release --example breakout",
      "mean": 72.80083013954001,
      "stddev": 0.7821684098946321,
      "median": 72.73735812764001,
      "user": 1044.70405054,
      "system": 27.49684982,
      "min": 71.71746245714,
      "max": 74.14230997914,
      "times": [
        72.12210386014,
        74.14230997914,
        72.72512242314001,
        73.79066370914,
        73.01972088914,
        73.34726587414,
        72.26175965014001,
        72.13229872114,
        71.71746245714,
        72.74959383214001
      ],
      "exit_codes": [
        0,
        0,
        0,
        0,
        0,
        0,
        0,
        0,
        0,
        0
      ]
    }
  ]
}
