{
  "results": [
    {
      "command": "cargo build --jobs 16 --release --example breakout",
      "mean": 72.47989434975999,
      "stddev": 0.533976483640249,
      "median": 72.41770777686,
      "user": 1031.6236424200001,
      "system": 27.5265081,
      "min": 71.69184648436,
      "max": 73.14945068936,
      "times": [
        72.13454344136,
        73.14945068936,
        73.03301702936,
        71.86447167336,
        72.95924781036,
        73.02386394835999,
        72.10708686736,
        71.69184648436,
        72.31648180836,
        72.51893374536
      ],
      "exit_codes": [
        0,
        0,
        0,
        0,
        0,
        0,
        0,
        0,
        0,
        0
      ]
    }
  ]
}
