{
  "results": [
    {
      "command": "cargo build --jobs 8 --release --example breakout",
      "mean": 109.16742652494,
      "stddev": 0.0659528116542917,
      "median": 109.17289420323999,
      "user": 825.0693218599997,
      "system": 21.96320268,
      "min": 109.08295981024,
      "max": 109.28848930524,
      "times": [
        109.08295981024,
        109.09348655724,
        109.20673510724001,
        109.20236822424,
        109.22296853824,
        109.11971228924,
        109.19026490424,
        109.11175701124,
        109.28848930524,
        109.15552350224
      ],
      "exit_codes": [
        0,
        0,
        0,
        0,
        0,
        0,
        0,
        0,
        0,
        0
      ]
    }
  ]
}
