{
  "results": [
    {
      "command": "cargo build --release --example breakout",
      "mean": 72.98787669724,
      "stddev": 0.2325096203103082,
      "median": 72.97763235084,
      "user": 1380.7564302399999,
      "system": 39.204261380000005,
      "min": 72.70525250083999,
      "max": 73.31474475184,
      "times": [
        73.09753206184,
        72.84486325383999,
        73.31148956284,
        72.70525250083999,
        72.94484038584,
        73.17307917784,
        73.31474475184,
        73.01042431584,
        72.76432729384,
        72.71221366783999
      ],
      "exit_codes": [
        0,
        0,
        0,
        0,
        0,
        0,
        0,
        0,
        0,
        0
      ]
    }
  ]
}
