{
  "results": [
    {
      "command": "cargo build --release --example breakout",
      "mean": 72.62779252456,
      "stddev": 0.19184087053052554,
      "median": 72.62163249916,
      "user": 1375.4281071999999,
      "system": 39.33116335999999,
      "min": 72.31280641516,
      "max": 72.93487024315999,
      "times": [
        72.93487024315999,
        72.87198179816,
        72.31280641516,
        72.59296702716,
        72.64396935715999,
        72.71608033116,
        72.64853772916,
        72.58622821416,
        72.59929564116,
        72.37118848915999
      ],
      "exit_codes": [
        0,
        0,
        0,
        0,
        0,
        0,
        0,
        0,
        0,
        0
      ]
    }
  ]
}
