{
  "results": [
    {
      "command": "cargo build --jobs 16 --release --example breakout",
      "mean": 73.20552717192,
      "stddev": 0.5991255906004901,
      "median": 73.02735220262,
      "user": 1044.4660163199999,
      "system": 27.542068339999997,
      "min": 72.39382605812,
      "max": 74.14517290511999,
      "times": [
        73.40727265411999,
        73.07949436211999,
        72.95320133112,
        72.97521004312,
        74.14517290511999,
        72.39382605812,
        74.04297209011999,
        72.89097171111999,
        73.66900972911999,
        72.49814083512
      ],
      "exit_codes": [
        0,
        0,
        0,
        0,
        0,
        0,
        0,
        0,
        0,
        0
      ]
    }
  ]
}
