{
  "results": [
    {
      "command": "cargo build --jobs 8 --release --example breakout",
      "mean": 110.86131892008,
      "stddev": 0.09822544302991953,
      "median": 110.88788085988,
      "user": 834.7590663599998,
      "system": 22.026700659999996,
      "min": 110.69988644588,
      "max": 111.00525001087999,
      "times": [
        111.00525001087999,
        110.96524060088,
        110.89747840388,
        110.85618160988,
        110.69988644588,
        110.72575634388,
        110.90503486488,
        110.88415547688,
        110.89160624288,
        110.78259920088
      ],
      "exit_codes": [
        0,
        0,
        0,
        0,
        0,
        0,
        0,
        0,
        0,
        0
      ]
    }
  ]
}
