{
  "results": [
    {
      "command": "cargo build --jobs 8 --release --example breakout",
      "mean": 109.44890350841999,
      "stddev": 0.1365416261107306,
      "median": 109.44249401982,
      "user": 826.9209894400001,
      "system": 21.94934594,
      "min": 109.21426874731999,
      "max": 109.65535631531999,
      "times": [
        109.39897942332,
        109.30314661832,
        109.57616421632,
        109.38606991532,
        109.21426874731999,
        109.37734629932,
        109.52414505032,
        109.65535631531999,
        109.48600861631999,
        109.56754988232
      ],
      "exit_codes": [
        0,
        0,
        0,
        0,
        0,
        0,
        0,
        0,
        0,
        0
      ]
    }
  ]
}
