{
  "results": [
    {
      "command": "cargo build --jobs 16 --release --example breakout",
      "mean": 72.84220144526,
      "stddev": 0.39294718462640776,
      "median": 72.87104686606,
      "user": 1032.3200932999998,
      "system": 27.684306000000003,
      "min": 72.33638763156,
      "max": 73.36661408356001,
      "times": [
        72.82268596556,
        73.36661408356001,
        72.33638763156,
        72.38594046756,
        73.15545743956001,
        72.69252615356001,
        73.27915301256,
        72.91940776656,
        73.12467609256001,
        72.33916583956001
      ],
      "exit_codes": [
        0,
        0,
        0,
        0,
        0,
        0,
        0,
        0,
        0,
        0
      ]
    }
  ]
}
