{
  "results": [
    {
      "command": "cargo build --jobs 8 --release --example breakout",
      "mean": 105.39175178098,
      "stddev": 0.2013659575460511,
      "median": 105.37355429568001,
      "user": 792.7920400799999,
      "system": 21.644762479999997,
      "min": 105.02744530768,
      "max": 105.72852098968,
      "times": [
        105.72852098968,
        105.32271676068,
        105.46246120268,
        105.34945421568,
        105.37904670268,
        105.62202098468,
        105.36806188868,
        105.02744530768,
        105.17790104368,
        105.47988871368
      ],
      "exit_codes": [
        0,
        0,
        0,
        0,
        0,
        0,
        0,
        0,
        0,
        0
      ]
    }
  ]
}
