{
  "results": [
    {
      "command": "cargo build --jobs 16 --release --example breakout",
      "mean": 69.98988086692,
      "stddev": 0.9836614741378008,
      "median": 70.25789249162,
      "user": 989.22955642,
      "system": 27.113021099999997,
      "min": 68.49907794362001,
      "max": 71.20270479762,
      "times": [
        68.49907794362001,
        71.20270479762,
        70.66007942662,
        70.85359014662001,
        69.77869845562,
        68.58661455362001,
        69.97734397262,
        70.76401112662,
        69.03824723562,
        70.53844101062
      ],
      "exit_codes": [
        0,
        0,
        0,
        0,
        0,
        0,
        0,
        0,
        0,
        0
      ]
    }
  ]
}
