{
  "results": [
    {
      "command": "cargo build --jobs 8 --release --example breakout",
      "mean": 113.40786476272004,
      "stddev": 0.22895333733753143,
      "median": 113.38401337462,
      "user": 853.59978452,
      "system": 22.697878779999996,
      "min": 113.08480617962,
      "max": 113.81785825062,
      "times": [
        113.14637907562,
        113.60645137062001,
        113.21405217362,
        113.39685231762,
        113.35066802962001,
        113.08480617962,
        113.81785825062,
        113.37117443162,
        113.46944672862,
        113.62095906962
      ],
      "exit_codes": [
        0,
        0,
        0,
        0,
        0,
        0,
        0,
        0,
        0,
        0
      ]
    }
  ]
}
