{
  "results": [
    {
      "command": "cargo build --jobs 16 --release --example breakout",
      "mean": 72.88480159449999,
      "stddev": 0.2817663543287849,
      "median": 72.87974898179999,
      "user": 1073.98278846,
      "system": 28.156351279999996,
      "min": 72.5275885008,
      "max": 73.40253678479999,
      "times": [
        72.9216058058,
        72.5275885008,
        72.6529065928,
        73.40253678479999,
        73.1147693928,
        72.8378921578,
        73.11459247879999,
        73.0177473528,
        72.5679125728,
        72.69046430579999
      ],
      "exit_codes": [
        0,
        0,
        0,
        0,
        0,
        0,
        0,
        0,
        0,
        0
      ]
    }
  ]
}
