{
  "results": [
    {
      "command": "cargo build --jobs 16 --release --example breakout",
      "mean": 72.10241143367999,
      "stddev": 0.18481732901171372,
      "median": 72.02263461897999,
      "user": 1068.5567311999998,
      "system": 27.895234019999997,
      "min": 71.97176363547999,
      "max": 72.51548010548,
      "times": [
        72.36030120848,
        72.03883314948,
        72.51548010548,
        72.06462886748,
        71.97847365848,
        72.09799233848,
        72.00643608847999,
        71.97176363547999,
        71.98723327447999,
        72.00297201048
      ],
      "exit_codes": [
        0,
        0,
        0,
        0,
        0,
        0,
        0,
        0,
        0,
        0
      ]
    }
  ]
}
