{
  "results": [
    {
      "command": "cargo build --jobs 8 --release --example breakout",
      "mean": 112.16269682193999,
      "stddev": 0.22924980842619244,
      "median": 112.05895754724,
      "user": 848.3845791799998,
      "system": 22.500332580000002,
      "min": 111.96404255574,
      "max": 112.69934105674,
      "times": [
        112.69934105674,
        111.96404255574,
        112.16571181974,
        112.39533218374,
        112.23430570274,
        112.05454713374,
        111.99434257674,
        112.03485353974,
        112.02112368974,
        112.06336796074
      ],
      "exit_codes": [
        0,
        0,
        0,
        0,
        0,
        0,
        0,
        0,
        0,
        0
      ]
    }
  ]
}
