{
  "results": [
    {
      "command": "cargo build --jobs 16 --release --example breakout",
      "mean": 71.20021086068,
      "stddev": 0.6701558689218003,
      "median": 71.32250241528,
      "user": 1010.48888422,
      "system": 27.39056408,
      "min": 70.29850744528,
      "max": 72.37551071828,
      "times": [
        71.75136581928,
        72.37551071828,
        71.34406881228,
        70.30087394128,
        70.29850744528,
        71.61759843428,
        71.37266671728,
        71.14550508328,
        70.49507561728,
        71.30093601828
      ],
      "exit_codes": [
        0,
        0,
        0,
        0,
        0,
        0,
        0,
        0,
        0,
        0
      ]
    }
  ]
}
