{
  "results": [
    {
      "command": "cargo build --jobs 8 --release --example breakout",
      "mean": 107.34523341146,
      "stddev": 0.3559811203338792,
      "median": 107.49881950406001,
      "user": 810.3491124599999,
      "system": 21.79379146,
      "min": 106.76340080556,
      "max": 107.81442691956,
      "times": [
        107.41952958056,
        106.76340080556,
        107.48973079056,
        107.55700077156,
        106.79932821456,
        107.53058441956,
        107.81442691956,
        107.50790821756,
        107.01637135256,
        107.55405304256
      ],
      "exit_codes": [
        0,
        0,
        0,
        0,
        0,
        0,
        0,
        0,
        0,
        0
      ]
    }
  ]
}
