{
  "results": [
    {
      "command": "cargo build --jobs 8 --release --example breakout",
      "mean": 109.44610350644,
      "stddev": 0.07969595225640848,
      "median": 109.46508426144001,
      "user": 826.84826732,
      "system": 22.01717534,
      "min": 109.32210493394001,
      "max": 109.56620670694001,
      "times": [
        109.46448071694,
        109.32210493394001,
        109.33220445794001,
        109.39852207994001,
        109.46722367294001,
        109.56620670694001,
        109.49805137694,
        109.46568780594001,
        109.41504039794,
        109.53151291494001
      ],
      "exit_codes": [
        0,
        0,
        0,
        0,
        0,
        0,
        0,
        0,
        0,
        0
      ]
    }
  ]
}
