{
  "results": [
    {
      "command": "cargo build --jobs 16 --release --example breakout",
      "mean": 72.71139514592001,
      "stddev": 0.6016285133977712,
      "median": 72.73856417862001,
      "user": 1032.5185142999999,
      "system": 27.55205102,
      "min": 71.91174492612001,
      "max": 73.84887821512001,
      "times": [
        73.29321271612001,
        72.95658092812,
        72.85384354612,
        72.62328481112,
        73.84887821512001,
        72.51580292012001,
        71.95403652012,
        72.22449323512001,
        72.93207364112,
        71.91174492612001
      ],
      "exit_codes": [
        0,
        0,
        0,
        0,
        0,
        0,
        0,
        0,
        0,
        0
      ]
    }
  ]
}
