{
  "results": [
    {
      "command": "cargo build --jobs 16 --release --example breakout",
      "mean": 69.32436206428,
      "stddev": 0.6386732588706365,
      "median": 69.47542877248,
      "user": 990.0206652999998,
      "system": 27.206761339999996,
      "min": 68.19645641048,
      "max": 70.28214107648,
      "times": [
        69.51426008048,
        69.96440012248,
        68.19645641048,
        69.43659746448,
        69.60896499848,
        68.79931760448,
        68.86923601748,
        70.28214107648,
        69.76391973348,
        68.80832713448
      ],
      "exit_codes": [
        0,
        0,
        0,
        0,
        0,
        0,
        0,
        0,
        0,
        0
      ]
    }
  ]
}
