{
  "results": [
    {
      "command": "cargo build --jobs 8 --release --example breakout",
      "mean": 105.12888170428,
      "stddev": 0.35673280789420314,
      "median": 105.17397483197999,
      "user": 791.9491800799999,
      "system": 21.715835319999996,
      "min": 104.35464449397999,
      "max": 105.55244495897999,
      "times": [
        105.10095664997999,
        105.46176112698,
        104.35464449397999,
        105.24796637598,
        105.12216931297999,
        105.38530265698,
        105.55244495897999,
        104.71562180298,
        105.17938834398,
        105.16856131998
      ],
      "exit_codes": [
        0,
        0,
        0,
        0,
        0,
        0,
        0,
        0,
        0,
        0
      ]
    }
  ]
}
