{
  "results": [
    {
      "command": "cargo build --jobs 16 --release --example breakout",
      "mean": 72.18285369348,
      "stddev": 0.22914188246786268,
      "median": 72.10046290308,
      "user": 1068.3645134,
      "system": 27.982010559999992,
      "min": 72.01768916408,
      "max": 72.78244813808,
      "times": [
        72.10391981608,
        72.09700599007999,
        72.01768916408,
        72.31895965608,
        72.08779466908,
        72.10913634808,
        72.04734058408,
        72.22059207107999,
        72.78244813808,
        72.04365049808
      ],
      "exit_codes": [
        0,
        0,
        0,
        0,
        0,
        0,
        0,
        0,
        0,
        0
      ]
    }
  ]
}
