{
  "results": [
    {
      "command": "cargo build --jobs 8 --release --example breakout",
      "mean": 112.50412938730001,
      "stddev": 0.1589728298809052,
      "median": 112.52791215250001,
      "user": 848.91457252,
      "system": 22.51188726,
      "min": 112.239524161,
      "max": 112.763306731,
      "times": [
        112.58943167000001,
        112.530119017,
        112.763306731,
        112.52570528800001,
        112.41476600600001,
        112.30544352000001,
        112.604528812,
        112.64027776100001,
        112.428190907,
        112.239524161
      ],
      "exit_codes": [
        0,
        0,
        0,
        0,
        0,
        0,
        0,
        0,
        0,
        0
      ]
    }
  ]
}
