{
  "results": [
    {
      "command": "cargo build --release --example breakout",
      "mean": 71.88276046036,
      "stddev": 0.12081164009534463,
      "median": 71.88933919525999,
      "user": 1414.90547522,
      "system": 40.26099408,
      "min": 71.72039765076,
      "max": 72.02612633576001,
      "times": [
        71.92883288476,
        71.84984550576,
        72.02612633576001,
        71.96009164876,
        71.82048250976,
        72.00661261176,
        72.01890463376,
        71.72298333276001,
        71.77332748976,
        71.72039765076
      ],
      "exit_codes": [
        0,
        0,
        0,
        0,
        0,
        0,
        0,
        0,
        0,
        0
      ]
    }
  ]
}
