{
  "results": [
    {
      "command": "cargo build --jobs 16 --release --example breakout",
      "mean": 72.66404824451999,
      "stddev": 0.6857735121767113,
      "median": 72.60010189162,
      "user": 1060.200585,
      "system": 27.994988059999997,
      "min": 71.78860582112,
      "max": 73.78751288412,
      "times": [
        73.69979552612,
        71.78860582112,
        72.83256940912,
        72.98760518412,
        71.92486428712,
        72.13493935412001,
        72.28438619612,
        73.78751288412,
        72.50145107912,
        72.69875270412
      ],
      "exit_codes": [
        0,
        0,
        0,
        0,
        0,
        0,
        0,
        0,
        0,
        0
      ]
    }
  ]
}
