{
  "results": [
    {
      "command": "cargo build --release --example breakout",
      "mean": 72.76172451746,
      "stddev": 0.10061721430847301,
      "median": 72.76882700656,
      "user": 1404.91641878,
      "system": 39.790260980000006,
      "min": 72.56667905005999,
      "max": 72.92107046206,
      "times": [
        72.92107046206,
        72.82291041306,
        72.78387755706,
        72.70062585806,
        72.75377645606,
        72.86157051606,
        72.79256705806,
        72.66994779006,
        72.74422001405999,
        72.56667905005999
      ],
      "exit_codes": [
        0,
        0,
        0,
        0,
        0,
        0,
        0,
        0,
        0,
        0
      ]
    }
  ]
}
