{
  "results": [
    {
      "command": "cargo build --jobs 8 --release --example breakout",
      "mean": 112.43479782246,
      "stddev": 0.1450272026777176,
      "median": 112.44245371166,
      "user": 844.0035306,
      "system": 22.552853559999996,
      "min": 112.22389306016,
      "max": 112.67035158716,
      "times": [
        112.67035158716,
        112.33785278616,
        112.25202496116,
        112.39805442715999,
        112.44557984416,
        112.49228038116,
        112.22389306016,
        112.63851356015999,
        112.43932757916,
        112.45010003816
      ],
      "exit_codes": [
        0,
        0,
        0,
        0,
        0,
        0,
        0,
        0,
        0,
        0
      ]
    }
  ]
}
