{
  "results": [
    {
      "command": "cargo build --jobs 16 --release --example breakout",
      "mean": 73.14043519574001,
      "stddev": 0.5069984573213657,
      "median": 73.17857068384001,
      "user": 1043.17263576,
      "system": 27.628217859999996,
      "min": 72.20022728984,
      "max": 73.92330889684,
      "times": [
        73.09714424784,
        73.53185033684001,
        73.92330889684,
        72.74966905484,
        73.65763221984001,
        72.73777945584,
        73.30262693184001,
        73.25999711984001,
        72.94411640384,
        72.20022728984
      ],
      "exit_codes": [
        0,
        0,
        0,
        0,
        0,
        0,
        0,
        0,
        0,
        0
      ]
    }
  ]
}
