{
  "results": [
    {
      "command": "cargo build --release --example breakout",
      "mean": 72.74367823483999,
      "stddev": 0.23274244021747484,
      "median": 72.74552632364,
      "user": 1376.5861609999997,
      "system": 39.22731938,
      "min": 72.40580860914,
      "max": 73.12992328413999,
      "times": [
        73.12992328413999,
        72.65110723613999,
        72.64840259713999,
        72.42254943614,
        72.73882226314,
        73.04013273714,
        72.75223038413999,
        72.85965021714,
        72.40580860914,
        72.78815558414
      ],
      "exit_codes": [
        0,
        0,
        0,
        0,
        0,
        0,
        0,
        0,
        0,
        0
      ]
    }
  ]
}
