{
  "results": [
    {
      "command": "cargo build --jobs 8 --release --example breakout",
      "mean": 110.64853314526002,
      "stddev": 0.1228356300013865,
      "median": 110.66491738396,
      "user": 833.5607430799998,
      "system": 21.99084508,
      "min": 110.45596182696,
      "max": 110.83688782496,
      "times": [
        110.55261016096,
        110.60644527296,
        110.83688782496,
        110.67801057996,
        110.82813837896,
        110.68105429396,
        110.65860060896,
        110.67123415896,
        110.45596182696,
        110.51638834596
      ],
      "exit_codes": [
        0,
        0,
        0,
        0,
        0,
        0,
        0,
        0,
        0,
        0
      ]
    }
  ]
}
