{
  "results": [
    {
      "command": "cargo build --jobs 8 --release --example breakout",
      "mean": 112.17963085763999,
      "stddev": 0.10088157491801683,
      "median": 112.19581933914,
      "user": 847.40401698,
      "system": 22.127712899999995,
      "min": 112.00352615514,
      "max": 112.30557251313999,
      "times": [
        112.26492538613999,
        112.24817443814,
        112.21349810014,
        112.30557251313999,
        112.26954859514,
        112.04303164014,
        112.00352615514,
        112.17814057813999,
        112.15566972114,
        112.11422144913999
      ],
      "exit_codes": [
        0,
        0,
        0,
        0,
        0,
        0,
        0,
        0,
        0,
        0
      ]
    }
  ]
}
