{
  "results": [
    {
      "command": "cargo build --release --example breakout",
      "mean": 73.91931928712,
      "stddev": 0.18803603741466135,
      "median": 73.87375279232,
      "user": 1411.4588937,
      "system": 39.546300779999996,
      "min": 73.65819016532001,
      "max": 74.16951632432,
      "times": [
        74.16083204632001,
        73.78882854232,
        74.08228629432,
        74.16951632432,
        73.88394471932,
        73.65819016532001,
        74.06521817132,
        73.82883290932,
        73.86356086532,
        73.69198283332
      ],
      "exit_codes": [
        0,
        0,
        0,
        0,
        0,
        0,
        0,
        0,
        0,
        0
      ]
    }
  ]
}
