{
  "results": [
    {
      "command": "cargo build --jobs 16 --release --example breakout",
      "mean": 73.58079303328,
      "stddev": 0.5226059193582878,
      "median": 73.54253068518,
      "user": 1061.8555179,
      "system": 27.752346,
      "min": 72.55493966467999,
      "max": 74.29041647567999,
      "times": [
        74.20804237968,
        73.47666261568,
        73.58850083968,
        73.96390088468,
        73.49656053068,
        74.29041647567999,
        73.35767769067999,
        73.79055611768,
        72.55493966467999,
        73.08067313368
      ],
      "exit_codes": [
        0,
        0,
        0,
        0,
        0,
        0,
        0,
        0,
        0,
        0
      ]
    }
  ]
}
