{
  "results": [
    {
      "command": "cargo build --jobs 8 --release --example breakout",
      "mean": 110.76058539002001,
      "stddev": 0.09807784572669487,
      "median": 110.73250332442001,
      "user": 835.2779754,
      "system": 21.998018320000003,
      "min": 110.65048418892,
      "max": 110.97839211292,
      "times": [
        110.76417690492,
        110.65048418892,
        110.87615730592,
        110.70308235392001,
        110.77132218292,
        110.97839211292,
        110.72054850492,
        110.73263689192001,
        110.73236975692001,
        110.67668369692001
      ],
      "exit_codes": [
        0,
        0,
        0,
        0,
        0,
        0,
        0,
        0,
        0,
        0
      ]
    }
  ]
}
