{
  "results": [
    {
      "command": "cargo build --jobs 16 --release --example breakout",
      "mean": 72.89761194308,
      "stddev": 0.7434900587684546,
      "median": 72.79729486808,
      "user": 1044.7833065,
      "system": 27.66389696,
      "min": 71.87046137758,
      "max": 74.25620186558,
      "times": [
        73.19037074458,
        72.73536289358,
        71.90773005158,
        73.10696648458,
        72.57185346957999,
        73.78569849258,
        74.25620186558,
        72.85922684258,
        72.69224720858,
        71.87046137758
      ],
      "exit_codes": [
        0,
        0,
        0,
        0,
        0,
        0,
        0,
        0,
        0,
        0
      ]
    }
  ]
}
