{
  "results": [
    {
      "command": "cargo build --release --example breakout",
      "mean": 72.48868826224,
      "stddev": 0.24036619726559486,
      "median": 72.50119979474,
      "user": 1379.0546258999998,
      "system": 39.192549299999996,
      "min": 72.01658602274,
      "max": 72.77179284374,
      "times": [
        72.70086432574,
        72.77179284374,
        72.01658602274,
        72.66090998574,
        72.34708626874,
        72.73298968474,
        72.48881523574,
        72.25742332573999,
        72.39683057574,
        72.51358435374
      ],
      "exit_codes": [
        0,
        0,
        0,
        0,
        0,
        0,
        0,
        0,
        0,
        0
      ]
    }
  ]
}
