{
  "results": [
    {
      "command": "cargo build --jobs 16 --release --example breakout",
      "mean": 70.16934322916,
      "stddev": 0.7372006710200295,
      "median": 70.10254196836,
      "user": 1000.12834296,
      "system": 27.33596614,
      "min": 69.15477666836,
      "max": 71.48531419836,
      "times": [
        69.60551428836,
        70.53273692536,
        70.87698045636,
        69.99900870936,
        69.54672915436,
        70.20607522736,
        69.15477666836,
        71.48531419836,
        69.52672057936,
        70.75957608436
      ],
      "exit_codes": [
        0,
        0,
        0,
        0,
        0,
        0,
        0,
        0,
        0,
        0
      ]
    }
  ]
}
