{
  "results": [
    {
      "command": "cargo build --jobs 8 --release --example breakout",
      "mean": 106.16916521315997,
      "stddev": 0.4081707473688998,
      "median": 106.14514545246001,
      "user": 799.47469528,
      "system": 21.75473892,
      "min": 105.47744683896,
      "max": 106.86201986096,
      "times": [
        106.54370710196001,
        105.47744683896,
        106.16438861896,
        106.12590228596001,
        105.66451397496,
        106.26443645896,
        106.49389247096,
        106.05030720696001,
        106.04503731296,
        106.86201986096
      ],
      "exit_codes": [
        0,
        0,
        0,
        0,
        0,
        0,
        0,
        0,
        0,
        0
      ]
    }
  ]
}
