{
  "results": [
    {
      "command": "cargo build --jobs 16 --release --example breakout",
      "mean": 72.1729066243,
      "stddev": 0.2988543932196113,
      "median": 72.04808276790001,
      "user": 1067.8662959999997,
      "system": 27.811476319999997,
      "min": 71.8768748124,
      "max": 72.7211575454,
      "times": [
        71.8768748124,
        72.0256141114,
        72.0976771494,
        72.7211575454,
        72.54944563240001,
        72.4879907204,
        72.06621527040001,
        71.9825698914,
        72.0299502654,
        71.89157084440001
      ],
      "exit_codes": [
        0,
        0,
        0,
        0,
        0,
        0,
        0,
        0,
        0,
        0
      ]
    }
  ]
}
