{
  "results": [
    {
      "command": "cargo build --jobs 8 --release --example breakout",
      "mean": 111.79225495156001,
      "stddev": 0.13529383402013453,
      "median": 111.83746461845999,
      "user": 848.2029134799999,
      "system": 22.480859239999997,
      "min": 111.53082775096,
      "max": 111.92495183996,
      "times": [
        111.92495183996,
        111.79692556496,
        111.91845354696,
        111.84434574196,
        111.83058349496,
        111.62166151796,
        111.53082775096,
        111.85041304896001,
        111.68823147796,
        111.91615553096
      ],
      "exit_codes": [
        0,
        0,
        0,
        0,
        0,
        0,
        0,
        0,
        0,
        0
      ]
    }
  ]
}
