{
  "results": [
    {
      "command": "cargo build --release --example breakout",
      "mean": 72.56847685468,
      "stddev": 0.16675833142261046,
      "median": 72.61107413078,
      "user": 1398.1812328600004,
      "system": 39.76631403999999,
      "min": 72.24971513678,
      "max": 72.73197402278,
      "times": [
        72.73197402278,
        72.62838986978,
        72.70661802078,
        72.63956721077999,
        72.59375839178,
        72.31930199077999,
        72.24971513678,
        72.49667189278,
        72.72937226977999,
        72.58939974078
      ],
      "exit_codes": [
        0,
        0,
        0,
        0,
        0,
        0,
        0,
        0,
        0,
        0
      ]
    }
  ]
}
