{
  "results": [
    {
      "command": "cargo build --jobs 16 --release --example breakout",
      "mean": 72.53678109628001,
      "stddev": 0.40183760373103755,
      "median": 72.58088511648,
      "user": 1062.01833152,
      "system": 28.064327319999997,
      "min": 71.91710932748,
      "max": 72.97199280348,
      "times": [
        72.17717362248001,
        72.62843592548,
        72.53333430748,
        72.25090504148001,
        72.90688520548001,
        72.09754781748,
        72.97179337648001,
        71.91710932748,
        72.91263353548001,
        72.97199280348
      ],
      "exit_codes": [
        0,
        0,
        0,
        0,
        0,
        0,
        0,
        0,
        0,
        0
      ]
    }
  ]
}
