{
  "results": [
    {
      "command": "cargo build --jobs 8 --release --example breakout",
      "mean": 112.63346934993999,
      "stddev": 0.07864047755946538,
      "median": 112.62493561634,
      "user": 844.50246802,
      "system": 22.45870584,
      "min": 112.50339248234,
      "max": 112.75271827934,
      "times": [
        112.59631960234,
        112.66023355734,
        112.73728441034,
        112.75271827934,
        112.54338761434,
        112.60661801734,
        112.62166333434,
        112.50339248234,
        112.62820789834001,
        112.68486830334
      ],
      "exit_codes": [
        0,
        0,
        0,
        0,
        0,
        0,
        0,
        0,
        0,
        0
      ]
    }
  ]
}
