{
  "results": [
    {
      "command": "cargo build --jobs 8 --release --example breakout",
      "mean": 112.09530107128,
      "stddev": 0.24394827890698859,
      "median": 112.06733215698,
      "user": 848.1893304600001,
      "system": 22.54823934,
      "min": 111.70517166148001,
      "max": 112.45134366648,
      "times": [
        112.01253640748001,
        111.73275414348001,
        112.26173370048001,
        111.70517166148001,
        112.07022251948001,
        112.06444179448,
        112.04761648748,
        112.45134366648,
        112.30600208548,
        112.30118824648001
      ],
      "exit_codes": [
        0,
        0,
        0,
        0,
        0,
        0,
        0,
        0,
        0,
        0
      ]
    }
  ]
}
