{
  "results": [
    {
      "command": "cargo build --jobs 16 --release --example breakout",
      "mean": 72.59477834408,
      "stddev": 0.4070449865112488,
      "median": 72.69152598078,
      "user": 1068.062073,
      "system": 27.86556974,
      "min": 71.90597149578001,
      "max": 73.15792578178001,
      "times": [
        72.45434083578,
        72.69780421378,
        72.34613698178,
        73.15792578178001,
        72.71842568178,
        71.90597149578001,
        72.05956562278,
        72.84078522978,
        72.68524774778,
        73.08157984978
      ],
      "exit_codes": [
        0,
        0,
        0,
        0,
        0,
        0,
        0,
        0,
        0,
        0
      ]
    }
  ]
}
