{
  "results": [
    {
      "command": "cargo build --jobs 8 --release --example breakout",
      "mean": 111.81447529555999,
      "stddev": 0.08141965821373738,
      "median": 111.79489054586,
      "user": 846.0655518399999,
      "system": 22.2004416,
      "min": 111.73408584836,
      "max": 112.00604475536,
      "times": [
        111.73668134736,
        112.00604475536,
        111.78831785336,
        111.80146323836,
        111.85741000536,
        111.84581369336,
        111.76694019736,
        111.73408584836,
        111.85031800736,
        111.75767800936
      ],
      "exit_codes": [
        0,
        0,
        0,
        0,
        0,
        0,
        0,
        0,
        0,
        0
      ]
    }
  ]
}
