{
  "results": [
    {
      "command": "cargo build --release --example breakout",
      "mean": 73.40773613532,
      "stddev": 0.1317605764087473,
      "median": 73.41778807121999,
      "user": 1400.8490142,
      "system": 39.54016344,
      "min": 73.21247122071999,
      "max": 73.62485033671999,
      "times": [
        73.55940471171999,
        73.44276993771999,
        73.39280620471999,
        73.21247122071999,
        73.62485033671999,
        73.44881928571999,
        73.25039763071999,
        73.37310182271999,
        73.29157750072,
        73.48116270172
      ],
      "exit_codes": [
        0,
        0,
        0,
        0,
        0,
        0,
        0,
        0,
        0,
        0
      ]
    }
  ]
}
