{
  "results": [
    {
      "command": "cargo build --jobs 16 --release --example breakout",
      "mean": 73.47035882911999,
      "stddev": 0.7071181286575389,
      "median": 73.35866529191999,
      "user": 1059.7951649799998,
      "system": 27.76806596,
      "min": 72.65365293842,
      "max": 75.00594428442,
      "times": [
        73.85778417242,
        72.65365293842,
        72.94742288741999,
        73.35494276841999,
        74.03024224642,
        75.00594428442,
        72.69466989042,
        73.62301276542,
        73.36238781541999,
        73.17352852242
      ],
      "exit_codes": [
        0,
        0,
        0,
        0,
        0,
        0,
        0,
        0,
        0,
        0
      ]
    }
  ]
}
