{
  "results": [
    {
      "command": "cargo build --release --example breakout",
      "mean": 73.57241742852001,
      "stddev": 0.1701822023687467,
      "median": 73.57824311272,
      "user": 1378.74852436,
      "system": 39.39660058,
      "min": 73.28188028172,
      "max": 73.82568932372,
      "times": [
        73.82568932372,
        73.54797093872,
        73.39365913672,
        73.43472480872,
        73.59762159972,
        73.62982583772,
        73.55886462572,
        73.66101059072001,
        73.28188028172,
        73.79292714172
      ],
      "exit_codes": [
        0,
        0,
        0,
        0,
        0,
        0,
        0,
        0,
        0,
        0
      ]
    }
  ]
}
