{
  "results": [
    {
      "command": "cargo build --jobs 16 --release --example breakout",
      "mean": 72.56142441739999,
      "stddev": 0.6364473685786456,
      "median": 72.60152724,
      "user": 1046.06843088,
      "system": 27.56946456,
      "min": 71.552387838,
      "max": 73.54227770499999,
      "times": [
        72.58559456399999,
        71.601349437,
        73.54227770499999,
        72.394242425,
        72.713214252,
        71.552387838,
        72.617459916,
        73.365631512,
        72.753412648,
        72.488673877
      ],
      "exit_codes": [
        0,
        0,
        0,
        0,
        0,
        0,
        0,
        0,
        0,
        0
      ]
    }
  ]
}
