{
  "results": [
    {
      "command": "cargo build --jobs 8 --release --example breakout",
      "mean": 110.82781160239999,
      "stddev": 0.11512287069715485,
      "median": 110.8609247517,
      "user": 835.4150097999998,
      "system": 22.07107618,
      "min": 110.6761943097,
      "max": 110.9976827597,
      "times": [
        110.9976827597,
        110.8821557467,
        110.74501532869999,
        110.7083349227,
        110.88528427669999,
        110.6761943097,
        110.9525718647,
        110.9011059727,
        110.8396937567,
        110.6900770857
      ],
      "exit_codes": [
        0,
        0,
        0,
        0,
        0,
        0,
        0,
        0,
        0,
        0
      ]
    }
  ]
}
