{
  "results": [
    {
      "command": "cargo build --release --example breakout",
      "mean": 72.66728134792,
      "stddev": 0.3106880651125699,
      "median": 72.71798280662,
      "user": 1379.4139550599998,
      "system": 39.29662035999999,
      "min": 72.16925756312,
      "max": 73.09752909811999,
      "times": [
        72.82643412911999,
        73.09752909811999,
        72.40672917011999,
        72.98516199612,
        72.86808971511999,
        72.65876494912,
        72.71157813411999,
        72.72438747912,
        72.22488124511999,
        72.16925756312
      ],
      "exit_codes": [
        0,
        0,
        0,
        0,
        0,
        0,
        0,
        0,
        0,
        0
      ]
    }
  ]
}
