{
  "results": [
    {
      "command": "cargo build --release --example breakout",
      "mean": 71.52078362546,
      "stddev": 0.10984300722880996,
      "median": 71.52985928606,
      "user": 1342.03179154,
      "system": 38.88748886,
      "min": 71.30862789456,
      "max": 71.66624705656001,
      "times": [
        71.50828603456,
        71.43902967556001,
        71.60549118356,
        71.30862789456,
        71.55143253756,
        71.42452791856,
        71.64133175456,
        71.57291204656,
        71.48995015256,
        71.66624705656001
      ],
      "exit_codes": [
        0,
        0,
        0,
        0,
        0,
        0,
        0,
        0,
        0,
        0
      ]
    }
  ]
}
