{
  "results": [
    {
      "command": "cargo build --jobs 8 --release --example breakout",
      "mean": 105.21743967812002,
      "stddev": 0.28088857519881333,
      "median": 105.20372901782,
      "user": 792.76554218,
      "system": 21.737609539999998,
      "min": 104.61302839231999,
      "max": 105.64509964532,
      "times": [
        105.08761019632,
        105.64509964532,
        105.15444720532,
        105.33712372032,
        105.11474053332,
        105.53000114732,
        105.25301083032,
        105.12689245332,
        104.61302839231999,
        105.31244265731999
      ],
      "exit_codes": [
        0,
        0,
        0,
        0,
        0,
        0,
        0,
        0,
        0,
        0
      ]
    }
  ]
}
