{
  "results": [
    {
      "command": "cargo build --jobs 16 --release --example breakout",
      "mean": 69.65077882796,
      "stddev": 0.5913819396609711,
      "median": 69.83782127846,
      "user": 990.3970631400001,
      "system": 27.144449080000005,
      "min": 68.49211702546,
      "max": 70.35869576446,
      "times": [
        70.35869576446,
        69.71565289045999,
        68.49211702546,
        69.84883041345999,
        70.08259212445999,
        69.83818426946,
        68.68035361846,
        69.81501486446,
        69.83888902146,
        69.83745828746
      ],
      "exit_codes": [
        0,
        0,
        0,
        0,
        0,
        0,
        0,
        0,
        0,
        0
      ]
    }
  ]
}
