{
  "results": [
    {
      "command": "cargo build --jobs 8 --release --example breakout",
      "mean": 112.41211274588,
      "stddev": 0.15128581368104677,
      "median": 112.43250810027999,
      "user": 847.5901909,
      "system": 22.17010774,
      "min": 112.15840574677999,
      "max": 112.62724025077999,
      "times": [
        112.52548697978,
        112.51446334177999,
        112.18189630078,
        112.45027047778,
        112.62724025077999,
        112.15840574677999,
        112.40403062578,
        112.41474572278,
        112.32935602378,
        112.51523198877999
      ],
      "exit_codes": [
        0,
        0,
        0,
        0,
        0,
        0,
        0,
        0,
        0,
        0
      ]
    }
  ]
}
