{
  "results": [
    {
      "command": "cargo build --jobs 16 --release --example breakout",
      "mean": 74.16555202308002,
      "stddev": 0.6316861240001921,
      "median": 74.05204374138,
      "user": 1061.8028724799997,
      "system": 27.724272759999998,
      "min": 73.04717861038,
      "max": 75.20600823838001,
      "times": [
        74.65864767038,
        74.12872993938001,
        73.89450736238001,
        73.04717861038,
        74.02498129638,
        74.97715965138,
        73.73395911838,
        75.20600823838001,
        74.07910618638,
        73.90524215738
      ],
      "exit_codes": [
        0,
        0,
        0,
        0,
        0,
        0,
        0,
        0,
        0,
        0
      ]
    }
  ]
}
