{
  "results": [
    {
      "command": "cargo build --release --example breakout",
      "mean": 72.74138508792001,
      "stddev": 0.16315045774787268,
      "median": 72.75444971822,
      "user": 1381.1314606199999,
      "system": 39.30399764,
      "min": 72.35395190372,
      "max": 73.02383352972,
      "times": [
        72.71726315372,
        72.73183273972,
        72.74425614972,
        72.71387320972,
        72.81361351272,
        72.76464328672,
        72.76565880072,
        72.78492459272,
        72.35395190372,
        73.02383352972
      ],
      "exit_codes": [
        0,
        0,
        0,
        0,
        0,
        0,
        0,
        0,
        0,
        0
      ]
    }
  ]
}
