{
  "results": [
    {
      "command": "cargo build --jobs 16 --release --example breakout",
      "mean": 72.9185136179,
      "stddev": 0.3909694914937525,
      "median": 72.9147044838,
      "user": 1047.4519525199998,
      "system": 27.549878839999998,
      "min": 72.36204533429999,
      "max": 73.4758044993,
      "times": [
        73.0315766553,
        72.5979474473,
        72.4431395103,
        73.3760581113,
        73.0345282333,
        72.36204533429999,
        73.4758044993,
        72.7978323123,
        73.3072611213,
        72.7589429543
      ],
      "exit_codes": [
        0,
        0,
        0,
        0,
        0,
        0,
        0,
        0,
        0,
        0
      ]
    }
  ]
}
