{
  "results": [
    {
      "command": "cargo build --jobs 8 --release --example breakout",
      "mean": 110.96546096,
      "stddev": 0.1784424006308956,
      "median": 110.94015731280001,
      "user": 836.9871630199999,
      "system": 21.99975282,
      "min": 110.7454442763,
      "max": 111.3034372013,
      "times": [
        110.9466435903,
        111.0815656383,
        111.3034372013,
        111.08228038130001,
        110.7454442763,
        111.1063875563,
        110.93367103530001,
        110.8966367603,
        110.7517205383,
        110.8068226223
      ],
      "exit_codes": [
        0,
        0,
        0,
        0,
        0,
        0,
        0,
        0,
        0,
        0
      ]
    }
  ]
}
