{
  "results": [
    {
      "command": "cargo build --jobs 8 --release --example breakout",
      "mean": 112.43534542398001,
      "stddev": 0.13547362277930666,
      "median": 112.40448583568,
      "user": 849.7774321599998,
      "system": 22.530621339999996,
      "min": 112.23205638568001,
      "max": 112.73836559068,
      "times": [
        112.37542996568,
        112.41093582268,
        112.23205638568001,
        112.36046324268,
        112.46049016268,
        112.49613182068,
        112.53148950368,
        112.39803584868001,
        112.73836559068,
        112.35005589668
      ],
      "exit_codes": [
        0,
        0,
        0,
        0,
        0,
        0,
        0,
        0,
        0,
        0
      ]
    }
  ]
}
