{
  "results": [
    {
      "command": "cargo build --jobs 16 --release --example breakout",
      "mean": 72.35174677848,
      "stddev": 0.3274383912829682,
      "median": 72.16765282628,
      "user": 1069.4830282799999,
      "system": 27.992896720000005,
      "min": 72.01882147678,
      "max": 72.85545647178,
      "times": [
        72.85545647178,
        72.34410155178,
        72.17589392878,
        72.10288724278,
        72.82115180178,
        72.15941172378,
        72.14376973478001,
        72.14110420078,
        72.01882147678,
        72.75486965178
      ],
      "exit_codes": [
        0,
        0,
        0,
        0,
        0,
        0,
        0,
        0,
        0,
        0
      ]
    }
  ]
}
