{
  "results": [
    {
      "command": "cargo build --jobs 16 --release --example breakout",
      "mean": 72.93204455105999,
      "stddev": 0.4004728993144911,
      "median": 72.84270744706001,
      "user": 1068.29596702,
      "system": 28.28839314,
      "min": 72.49053367206,
      "max": 73.68512730006,
      "times": [
        73.51537962306,
        73.68512730006,
        72.79114410206,
        72.65090192706,
        73.10436186806,
        72.95204920706,
        72.49053367206,
        72.70147762506001,
        72.89427079206,
        72.53519939406
      ],
      "exit_codes": [
        0,
        0,
        0,
        0,
        0,
        0,
        0,
        0,
        0,
        0
      ]
    }
  ]
}
