{
  "results": [
    {
      "command": "cargo build --jobs 8 --release --example breakout",
      "mean": 112.94516728746001,
      "stddev": 0.14597356263775263,
      "median": 112.97058964976,
      "user": 850.36765758,
      "system": 22.637426599999998,
      "min": 112.58613020526,
      "max": 113.11020222326,
      "times": [
        112.58613020526,
        112.96857821626,
        112.94235173226,
        112.96787839326,
        113.11020222326,
        112.83114327626,
        113.02651054926,
        112.99128962425999,
        113.05498757126,
        112.97260108326
      ],
      "exit_codes": [
        0,
        0,
        0,
        0,
        0,
        0,
        0,
        0,
        0,
        0
      ]
    }
  ]
}
