{
  "results": [
    {
      "command": "cargo build --release --example breakout",
      "mean": 72.89042867430001,
      "stddev": 0.12860186568197984,
      "median": 72.91471880770001,
      "user": 1411.5383676600002,
      "system": 39.99600016,
      "min": 72.6854046177,
      "max": 73.0668583817,
      "times": [
        72.95569101470001,
        72.97018116470001,
        72.85740738470001,
        73.0668583817,
        72.7885356277,
        72.71543295570001,
        72.6854046177,
        72.89485436470001,
        72.9345832507,
        73.0353379807
      ],
      "exit_codes": [
        0,
        0,
        0,
        0,
        0,
        0,
        0,
        0,
        0,
        0
      ]
    }
  ]
}
