{
  "results": [
    {
      "command": "cargo build --release --example breakout",
      "mean": 70.7937321702,
      "stddev": 0.2210684212015282,
      "median": 70.802615169,
      "user": 1325.6501521,
      "system": 38.60936426,
      "min": 70.4385954725,
      "max": 71.09783438150001,
      "times": [
        71.09783438150001,
        70.9406870745,
        70.4385954725,
        70.68572992450001,
        71.0326575025,
        70.6595544675,
        70.5099081095,
        70.8351190485,
        70.77011128950001,
        70.96712443150001
      ],
      "exit_codes": [
        0,
        0,
        0,
        0,
        0,
        0,
        0,
        0,
        0,
        0
      ]
    }
  ]
}
