{
  "results": [
    {
      "command": "cargo build --jobs 16 --release --example breakout",
      "mean": 70.53867234133999,
      "stddev": 0.9041042589054882,
      "median": 70.54677478784,
      "user": 997.6125863199999,
      "system": 27.3237952,
      "min": 69.06184387633999,
      "max": 71.77839314234,
      "times": [
        70.96012667234,
        71.10819714834,
        70.71168081933999,
        69.06184387633999,
        70.18805825733999,
        70.38186875634,
        70.05071634334,
        71.73885917934,
        71.77839314234,
        69.40697921834
      ],
      "exit_codes": [
        0,
        0,
        0,
        0,
        0,
        0,
        0,
        0,
        0,
        0
      ]
    }
  ]
}
