{
  "results": [
    {
      "command": "cargo build --jobs 8 --release --example breakout",
      "mean": 105.91566936813999,
      "stddev": 0.38528247552881495,
      "median": 105.94919088134,
      "user": 798.3838921999998,
      "system": 21.70692372,
      "min": 105.35946162034,
      "max": 106.47473506434,
      "times": [
        106.11360085534,
        105.41238094534,
        105.94603751934,
        105.67767932434,
        105.69800357934,
        105.35946162034,
        106.47473506434,
        105.95234424334,
        106.45677956534,
        106.06567096434
      ],
      "exit_codes": [
        0,
        0,
        0,
        0,
        0,
        0,
        0,
        0,
        0,
        0
      ]
    }
  ]
}
