{
  "results": [
    {
      "command": "cargo build --jobs 16 --release --example breakout",
      "mean": 73.04989532526,
      "stddev": 0.6382762846177041,
      "median": 72.99216907165999,
      "user": 1035.81807332,
      "system": 27.54845142,
      "min": 72.21650751915999,
      "max": 74.07383536116,
      "times": [
        73.64844428816,
        72.54590527116,
        73.16439182516,
        72.81994631815999,
        72.33131156716,
        73.23925831016,
        72.21650751915999,
        73.79024077816,
        74.07383536116,
        72.66911201415999
      ],
      "exit_codes": [
        0,
        0,
        0,
        0,
        0,
        0,
        0,
        0,
        0,
        0
      ]
    }
  ]
}
