{
  "results": [
    {
      "command": "cargo build --jobs 8 --release --example breakout",
      "mean": 110.12413484788001,
      "stddev": 0.0862279230128369,
      "median": 110.13772938148,
      "user": 829.2108242800001,
      "system": 22.03222568,
      "min": 109.97495774798,
      "max": 110.24189549498,
      "times": [
        110.09994823098,
        110.18333762398001,
        110.10233949698001,
        110.24189549498,
        109.97495774798,
        110.05572396298001,
        110.02619575098001,
        110.17829731898,
        110.20553358498,
        110.17311926598
      ],
      "exit_codes": [
        0,
        0,
        0,
        0,
        0,
        0,
        0,
        0,
        0,
        0
      ]
    }
  ]
}
