{
  "results": [
    {
      "command": "cargo build --release --example breakout",
      "mean": 73.64900565936,
      "stddev": 0.18826583726777393,
      "median": 73.66298406566,
      "user": 1380.8881494800003,
      "system": 39.451958020000006,
      "min": 73.39351571716,
      "max": 73.98089407916001,
      "times": [
        73.98089407916001,
        73.51565515216001,
        73.54023362116,
        73.74659927816,
        73.75253354816,
        73.59766306216001,
        73.39351571716,
        73.82077828616,
        73.41387878016,
        73.72830506916
      ],
      "exit_codes": [
        0,
        0,
        0,
        0,
        0,
        0,
        0,
        0,
        0,
        0
      ]
    }
  ]
}
