{
  "results": [
    {
      "command": "cargo build --jobs 16 --release --example breakout",
      "mean": 73.58180101592,
      "stddev": 0.938991481094901,
      "median": 73.41018571251999,
      "user": 1031.38737436,
      "system": 27.596786579999996,
      "min": 72.41029773702,
      "max": 75.50989939002,
      "times": [
        73.16477884202,
        73.35362237801999,
        74.66241718102,
        73.72565048202,
        72.41029773702,
        72.59801791902,
        73.46674904702,
        73.92253159102,
        73.00404559201999,
        75.50989939002
      ],
      "exit_codes": [
        0,
        0,
        0,
        0,
        0,
        0,
        0,
        0,
        0,
        0
      ]
    }
  ]
}
