{
  "results": [
    {
      "command": "cargo build --jobs 8 --release --example breakout",
      "mean": 109.81052624962001,
      "stddev": 0.10298956175390175,
      "median": 109.79869057772001,
      "user": 827.16840242,
      "system": 21.94156136,
      "min": 109.66565595172,
      "max": 110.02207970672,
      "times": [
        109.82476430872,
        109.91023413272,
        109.66565595172,
        109.75727864372,
        110.02207970672,
        109.84775152272,
        109.76974868972,
        109.77261684672,
        109.70213344772,
        109.83299924572
      ],
      "exit_codes": [
        0,
        0,
        0,
        0,
        0,
        0,
        0,
        0,
        0,
        0
      ]
    }
  ]
}
