{
  "results": [
    {
      "command": "cargo build --jobs 8 --release --example breakout",
      "mean": 110.88243395639999,
      "stddev": 0.08821658658243035,
      "median": 110.9009237548,
      "user": 835.78231312,
      "system": 22.098831679999996,
      "min": 110.7386679853,
      "max": 110.9915548713,
      "times": [
        110.9412186623,
        110.8829540413,
        110.8290613593,
        110.8015874343,
        110.9724272743,
        110.9607396773,
        110.78723479029999,
        110.9915548713,
        110.9188934683,
        110.7386679853
      ],
      "exit_codes": [
        0,
        0,
        0,
        0,
        0,
        0,
        0,
        0,
        0,
        0
      ]
    }
  ]
}
