{
  "results": [
    {
      "command": "cargo build --release --example breakout",
      "mean": 72.60089360326,
      "stddev": 0.18975610148660432,
      "median": 72.56995225506,
      "user": 1377.43428694,
      "system": 39.22320986,
      "min": 72.24434309356,
      "max": 72.92232043356,
      "times": [
        72.92232043356,
        72.57440857556,
        72.56549593456,
        72.49317847956,
        72.24434309356,
        72.66254045056,
        72.49272383256,
        72.54801951956,
        72.66484725256,
        72.84105846055999
      ],
      "exit_codes": [
        0,
        0,
        0,
        0,
        0,
        0,
        0,
        0,
        0,
        0
      ]
    }
  ]
}
