{
  "results": [
    {
      "command": "cargo build --jobs 16 --release --example breakout",
      "mean": 72.94349949004,
      "stddev": 0.6267793467009726,
      "median": 72.97855269034,
      "user": 1046.11911894,
      "system": 27.61678276,
      "min": 71.62648847934,
      "max": 74.14702050334,
      "times": [
        72.62351963634,
        71.62648847934,
        73.11266323234,
        74.14702050334,
        73.18932270434,
        72.72119255534,
        73.06992350634,
        72.88718187434,
        73.22647253634,
        72.83120987234
      ],
      "exit_codes": [
        0,
        0,
        0,
        0,
        0,
        0,
        0,
        0,
        0,
        0
      ]
    }
  ]
}
