{
  "results": [
    {
      "command": "cargo build --release --example breakout",
      "mean": 72.974800407,
      "stddev": 0.23830452912099698,
      "median": 72.94149749389999,
      "user": 1407.28288424,
      "system": 39.868621880000006,
      "min": 72.68271633639999,
      "max": 73.4589163054,
      "times": [
        72.90130964139999,
        72.68271633639999,
        72.8403180624,
        73.15921691439999,
        72.7029219004,
        73.4589163054,
        73.0723919944,
        73.1330628234,
        72.81546474539999,
        72.9816853464
      ],
      "exit_codes": [
        0,
        0,
        0,
        0,
        0,
        0,
        0,
        0,
        0,
        0
      ]
    }
  ]
}
