{
  "results": [
    {
      "command": "cargo build --jobs 16 --release --example breakout",
      "mean": 72.80480857652,
      "stddev": 0.5731150788465338,
      "median": 72.98260007852,
      "user": 1061.6592670199998,
      "system": 28.124404519999995,
      "min": 71.94126116502,
      "max": 73.59553053402,
      "times": [
        73.04297213102,
        72.22143040601999,
        73.59553053402,
        72.64383498202,
        71.94126116502,
        72.92222802602,
        73.36910430902,
        73.23219775502,
        72.03634906202,
        73.04317739502
      ],
      "exit_codes": [
        0,
        0,
        0,
        0,
        0,
        0,
        0,
        0,
        0,
        0
      ]
    }
  ]
}
