{
  "results": [
    {
      "command": "cargo build --jobs 8 --release --example breakout",
      "mean": 112.49728970800001,
      "stddev": 0.14851307517735104,
      "median": 112.51307488730001,
      "user": 845.7515885599998,
      "system": 22.505181200000003,
      "min": 112.13366530980001,
      "max": 112.67809578880001,
      "times": [
        112.5155306158,
        112.13366530980001,
        112.5106191588,
        112.58767020580001,
        112.62453073180001,
        112.67809578880001,
        112.4374077408,
        112.4904905348,
        112.54789256080001,
        112.44699443280001
      ],
      "exit_codes": [
        0,
        0,
        0,
        0,
        0,
        0,
        0,
        0,
        0,
        0
      ]
    }
  ]
}
