{
  "results": [
    {
      "command": "cargo build --jobs 8 --release --example breakout",
      "mean": 105.36800640673998,
      "stddev": 0.20787649021978746,
      "median": 105.32611660943999,
      "user": 793.04437462,
      "system": 21.67938924,
      "min": 105.12723742294,
      "max": 105.73990010694,
      "times": [
        105.57714038294,
        105.24945573394,
        105.58507255094,
        105.36803863394,
        105.16981384494,
        105.16891582794,
        105.28419458494,
        105.12723742294,
        105.41029497794,
        105.73990010694
      ],
      "exit_codes": [
        0,
        0,
        0,
        0,
        0,
        0,
        0,
        0,
        0,
        0
      ]
    }
  ]
}
