{
  "results": [
    {
      "command": "cargo build --jobs 16 --release --example breakout",
      "mean": 69.87402699507999,
      "stddev": 0.503917900614101,
      "median": 69.89498116147999,
      "user": 989.5372103,
      "system": 27.17128358,
      "min": 69.08193576597999,
      "max": 70.79602790898,
      "times": [
        69.94576356198,
        70.39248719698,
        69.79077016898,
        70.79602790898,
        69.08193576597999,
        69.65046856298,
        69.88149184998,
        69.21503269898,
        69.90847047298,
        70.07782176298
      ],
      "exit_codes": [
        0,
        0,
        0,
        0,
        0,
        0,
        0,
        0,
        0,
        0
      ]
    }
  ]
}
