{
  "results": [
    {
      "command": "cargo build --jobs 8 --release --example breakout",
      "mean": 112.27241355065999,
      "stddev": 0.16676671225697176,
      "median": 112.20664097526,
      "user": 847.0009571200001,
      "system": 22.61031534,
      "min": 112.09637407776,
      "max": 112.53011827675999,
      "times": [
        112.16249110876,
        112.09637407776,
        112.53011827675999,
        112.52421641876,
        112.28809892376,
        112.12573185576,
        112.23625797476,
        112.14277611576,
        112.44104677876,
        112.17702397576
      ],
      "exit_codes": [
        0,
        0,
        0,
        0,
        0,
        0,
        0,
        0,
        0,
        0
      ]
    }
  ]
}
