{
  "results": [
    {
      "command": "cargo build --jobs 16 --release --example breakout",
      "mean": 72.34534370896,
      "stddev": 0.2343189243998359,
      "median": 72.39426805116,
      "user": 1066.7438438800002,
      "system": 27.97946502,
      "min": 71.98859876066,
      "max": 72.73611882866,
      "times": [
        72.60116913265999,
        72.07959805866,
        72.46843642466,
        72.73611882866,
        72.37043745065999,
        71.98859876066,
        72.18979343566,
        72.42066142866,
        72.41809865165999,
        72.18052491766
      ],
      "exit_codes": [
        0,
        0,
        0,
        0,
        0,
        0,
        0,
        0,
        0,
        0
      ]
    }
  ]
}
