{
  "results": [
    {
      "command": "cargo build --jobs 16 --release --example breakout",
      "mean": 72.46868662936001,
      "stddev": 0.3112672434559124,
      "median": 72.43531376236001,
      "user": 1067.2319848999998,
      "system": 27.96868004,
      "min": 72.04690459286,
      "max": 73.00460516186001,
      "times": [
        72.40286467786001,
        72.64174293786,
        72.89280856386,
        72.04690459286,
        72.46776284686001,
        73.00460516186001,
        72.09430397386001,
        72.33270412086,
        72.51351476986001,
        72.28965464786
      ],
      "exit_codes": [
        0,
        0,
        0,
        0,
        0,
        0,
        0,
        0,
        0,
        0
      ]
    }
  ]
}
