{
  "results": [
    {
      "command": "cargo build --jobs 8 --release --example breakout",
      "mean": 112.20583732825999,
      "stddev": 0.13763718466543726,
      "median": 112.18054135346,
      "user": 848.40376334,
      "system": 22.50871892,
      "min": 112.03060459596,
      "max": 112.52444216795999,
      "times": [
        112.52444216795999,
        112.17729863795999,
        112.12196454096,
        112.12038759795999,
        112.18926217795999,
        112.15721196396,
        112.20614457395999,
        112.34727295696,
        112.03060459596,
        112.18378406896
      ],
      "exit_codes": [
        0,
        0,
        0,
        0,
        0,
        0,
        0,
        0,
        0,
        0
      ]
    }
  ]
}
