{
  "results": [
    {
      "command": "cargo build --release --example breakout",
      "mean": 73.34803927426,
      "stddev": 0.11848034099355499,
      "median": 73.36653347506001,
      "user": 1383.59872488,
      "system": 39.289507799999996,
      "min": 73.18425472806,
      "max": 73.58076077506,
      "times": [
        73.25409609006,
        73.18425472806,
        73.37296136006,
        73.31130726506,
        73.58076077506,
        73.37680569106,
        73.46124124706,
        73.20589863606,
        73.36280867606,
        73.37025827406
      ],
      "exit_codes": [
        0,
        0,
        0,
        0,
        0,
        0,
        0,
        0,
        0,
        0
      ]
    }
  ]
}
