{
  "results": [
    {
      "command": "cargo build --jobs 8 --release --example breakout",
      "mean": 110.46760669682001,
      "stddev": 0.1207630862907288,
      "median": 110.47379005582,
      "user": 831.7292918400001,
      "system": 22.0080701,
      "min": 110.28273337932,
      "max": 110.64184873232001,
      "times": [
        110.49666620232,
        110.28273337932,
        110.45091390932001,
        110.41489377532001,
        110.64184873232001,
        110.60845709432,
        110.55903330032001,
        110.36051328932001,
        110.53148233132,
        110.32952495432001
      ],
      "exit_codes": [
        0,
        0,
        0,
        0,
        0,
        0,
        0,
        0,
        0,
        0
      ]
    }
  ]
}
