{
  "results": [
    {
      "command": "cargo build --jobs 16 --release --example breakout",
      "mean": 73.19936405259999,
      "stddev": 0.8562069058007147,
      "median": 73.2646957638,
      "user": 1040.80397242,
      "system": 27.6200891,
      "min": 71.9116329373,
      "max": 74.2505140673,
      "times": [
        74.2505140673,
        72.1136816863,
        72.5051909043,
        72.9631841503,
        73.5662073773,
        72.7763263013,
        71.9116329373,
        73.8647574613,
        74.0971883723,
        73.9449572683
      ],
      "exit_codes": [
        0,
        0,
        0,
        0,
        0,
        0,
        0,
        0,
        0,
        0
      ]
    }
  ]
}
