{
  "results": [
    {
      "command": "cargo build --release --example breakout",
      "mean": 72.67763085234,
      "stddev": 0.30187105168148953,
      "median": 72.73710804784,
      "user": 1378.9829618400001,
      "system": 39.336816479999996,
      "min": 72.14819992534,
      "max": 73.16546827134,
      "times": [
        72.34979099934,
        72.14819992534,
        72.68452326933999,
        72.90292605034,
        72.58347974934,
        72.84663925234,
        72.78969282634,
        72.43791220733999,
        73.16546827134,
        72.86767597234
      ],
      "exit_codes": [
        0,
        0,
        0,
        0,
        0,
        0,
        0,
        0,
        0,
        0
      ]
    }
  ]
}
