{
  "results": [
    {
      "command": "cargo build --jobs 16 --release --example breakout",
      "mean": 72.8292309924,
      "stddev": 0.6343965933170168,
      "median": 72.7755957464,
      "user": 1044.97450866,
      "system": 27.47502856,
      "min": 72.1591291954,
      "max": 74.1226410334,
      "times": [
        74.1226410334,
        72.3225836984,
        72.7923526644,
        73.5142457644,
        72.83976372539999,
        72.3460305344,
        72.1591291954,
        72.7588388284,
        73.2232167824,
        72.21350769739999
      ],
      "exit_codes": [
        0,
        0,
        0,
        0,
        0,
        0,
        0,
        0,
        0,
        0
      ]
    }
  ]
}
