{
  "results": [
    {
      "command": "cargo build --jobs 8 --release --example breakout",
      "mean": 110.70041950423999,
      "stddev": 0.11389290398675926,
      "median": 110.70043705554,
      "user": 833.9563991199999,
      "system": 22.01079716,
      "min": 110.50620866103999,
      "max": 110.91476154104,
      "times": [
        110.70120345404,
        110.76180298103999,
        110.68821274204,
        110.91476154104,
        110.77702271004,
        110.50620866103999,
        110.59230257604,
        110.75530533903999,
        110.60770438104,
        110.69967065704
      ],
      "exit_codes": [
        0,
        0,
        0,
        0,
        0,
        0,
        0,
        0,
        0,
        0
      ]
    }
  ]
}
