{
  "results": [
    {
      "command": "cargo build --jobs 16 --release --example breakout",
      "mean": 72.6391592257,
      "stddev": 0.3378059734714437,
      "median": 72.54657962280001,
      "user": 1070.3269403799998,
      "system": 28.053481679999997,
      "min": 72.1980155408,
      "max": 73.2166314048,
      "times": [
        72.4812860008,
        72.5160040968,
        72.8824179428,
        73.2166314048,
        72.3349740788,
        72.7754389918,
        73.0763828368,
        72.5771551488,
        72.1980155408,
        72.3332862148
      ],
      "exit_codes": [
        0,
        0,
        0,
        0,
        0,
        0,
        0,
        0,
        0,
        0
      ]
    }
  ]
}
