{
  "results": [
    {
      "command": "cargo build --jobs 8 --release --example breakout",
      "mean": 112.80391669724,
      "stddev": 0.2972545059425056,
      "median": 112.76302727423999,
      "user": 851.25075146,
      "system": 22.68494502,
      "min": 112.50132564674,
      "max": 113.53928327574,
      "times": [
        112.50132564674,
        113.53928327574,
        112.96117260974,
        112.80260797074,
        112.62693845874,
        112.66777089174,
        112.80000051473999,
        112.72605403374,
        112.52886678674,
        112.88514678374
      ],
      "exit_codes": [
        0,
        0,
        0,
        0,
        0,
        0,
        0,
        0,
        0,
        0
      ]
    }
  ]
}
