{
  "results": [
    {
      "command": "cargo build --jobs 16 --release --example breakout",
      "mean": 69.72802534309999,
      "stddev": 0.8520790495640266,
      "median": 69.8192537066,
      "user": 986.8645316199998,
      "system": 27.172336660000003,
      "min": 68.2705864666,
      "max": 70.8384746456,
      "times": [
        68.2705864666,
        70.5756592076,
        69.5525717496,
        69.5544748576,
        70.8384746456,
        70.3585926796,
        69.7540678346,
        70.1145108946,
        68.3768755166,
        69.8844395786
      ],
      "exit_codes": [
        0,
        0,
        0,
        0,
        0,
        0,
        0,
        0,
        0,
        0
      ]
    }
  ]
}
