{
  "results": [
    {
      "command": "cargo build --jobs 8 --release --example breakout",
      "mean": 104.85723302981998,
      "stddev": 0.27877540725741423,
      "median": 104.87050570422,
      "user": 790.12046926,
      "system": 21.638549659999995,
      "min": 104.46744879772,
      "max": 105.24475908272,
      "times": [
        104.95716685471999,
        104.78384455371999,
        104.46744879772,
        105.24475908272,
        104.57480759472,
        104.59429895571999,
        105.05477310372,
        104.66996003371999,
        105.23202578771999,
        104.99324553372
      ],
      "exit_codes": [
        0,
        0,
        0,
        0,
        0,
        0,
        0,
        0,
        0,
        0
      ]
    }
  ]
}
