{
  "results": [
    {
      "command": "cargo build --jobs 8 --release --example breakout",
      "mean": 109.45692289864,
      "stddev": 0.12108771139420767,
      "median": 109.41568708663999,
      "user": 827.71231088,
      "system": 21.909937619999997,
      "min": 109.26197167264,
      "max": 109.65116999864,
      "times": [
        109.62735446364,
        109.40970724464,
        109.65116999864,
        109.40477600564,
        109.52780137264,
        109.51131138564,
        109.38514900964,
        109.42166692864,
        109.36832090464,
        109.26197167264
      ],
      "exit_codes": [
        0,
        0,
        0,
        0,
        0,
        0,
        0,
        0,
        0,
        0
      ]
    }
  ]
}
