{
  "results": [
    {
      "command": "cargo build --jobs 16 --release --example breakout",
      "mean": 73.28823465214,
      "stddev": 0.6200701029676575,
      "median": 73.44628165654001,
      "user": 1032.6893196799997,
      "system": 27.618907920000005,
      "min": 72.36363653604,
      "max": 74.48172645504,
      "times": [
        73.50462191204001,
        74.48172645504,
        72.92978912404,
        73.67543882104,
        73.40758148904,
        72.51217867704,
        72.36363653604,
        73.57676369004001,
        73.48498182404,
        72.94562799304
      ],
      "exit_codes": [
        0,
        0,
        0,
        0,
        0,
        0,
        0,
        0,
        0,
        0
      ]
    }
  ]
}
