{
  "results": [
    {
      "command": "cargo build --jobs 8 --release --example breakout",
      "mean": 111.03974722198,
      "stddev": 0.12224748204198811,
      "median": 110.99784649957999,
      "user": 837.59714752,
      "system": 22.069206719999997,
      "min": 110.89634244658,
      "max": 111.22341943558,
      "times": [
        110.99029094758,
        111.22341943558,
        111.08975031058,
        110.93722374158,
        111.00161649658,
        110.89634244658,
        110.99407650258,
        111.16102821458,
        110.89987533658,
        111.20384878758
      ],
      "exit_codes": [
        0,
        0,
        0,
        0,
        0,
        0,
        0,
        0,
        0,
        0
      ]
    }
  ]
}
