{
  "results": [
    {
      "command": "cargo build --release --example breakout",
      "mean": 72.63225136814,
      "stddev": 0.18146444515925975,
      "median": 72.59399866314,
      "user": 1380.6630336800001,
      "system": 39.3729326,
      "min": 72.38609462814,
      "max": 73.03799540413999,
      "times": [
        72.55114758914,
        73.03799540413999,
        72.69825612714,
        72.58886451014,
        72.63319878413999,
        72.38609462814,
        72.78842156414,
        72.58095425514,
        72.59913281614,
        72.45844800313999
      ],
      "exit_codes": [
        0,
        0,
        0,
        0,
        0,
        0,
        0,
        0,
        0,
        0
      ]
    }
  ]
}
