{
  "results": [
    {
      "command": "cargo build --jobs 16 --release --example breakout",
      "mean": 72.89240591136002,
      "stddev": 0.8648327483544164,
      "median": 72.79968909296,
      "user": 1048.4128090599997,
      "system": 27.57336306,
      "min": 71.86687591996,
      "max": 74.31506694395999,
      "times": [
        72.64718758196,
        74.31506694395999,
        73.05923850196,
        73.23792831396,
        74.25343917796,
        72.16038234896,
        71.86687591996,
        72.48154505996,
        71.95020466096,
        72.95219060395999
      ],
      "exit_codes": [
        0,
        0,
        0,
        0,
        0,
        0,
        0,
        0,
        0,
        0
      ]
    }
  ]
}
