{
  "results": [
    {
      "command": "cargo build --jobs 8 --release --example breakout",
      "mean": 110.97666852565999,
      "stddev": 0.07542503189626869,
      "median": 110.98736530385999,
      "user": 837.22745538,
      "system": 22.063977939999997,
      "min": 110.84913560036,
      "max": 111.09926692036,
      "times": [
        111.01388575435999,
        111.02685203636,
        111.09926692036,
        110.92500113135999,
        110.89606921635999,
        111.02612504436,
        110.96084485335999,
        111.02952454036,
        110.93998015935999,
        110.84913560036
      ],
      "exit_codes": [
        0,
        0,
        0,
        0,
        0,
        0,
        0,
        0,
        0,
        0
      ]
    }
  ]
}
