{
  "results": [
    {
      "command": "cargo build --jobs 16 --release --example breakout",
      "mean": 72.87536687794,
      "stddev": 0.7280142633360998,
      "median": 72.75714204204002,
      "user": 1047.00583118,
      "system": 27.665837019999998,
      "min": 71.95017825554001,
      "max": 74.30893015654,
      "times": [
        73.11836634454001,
        73.77231732154,
        72.48776051754001,
        72.27210372354,
        74.30893015654,
        72.61605389654001,
        72.26184894854,
        71.95017825554001,
        73.06787942754,
        72.89823018754001
      ],
      "exit_codes": [
        0,
        0,
        0,
        0,
        0,
        0,
        0,
        0,
        0,
        0
      ]
    }
  ]
}
