{
  "results": [
    {
      "command": "cargo build --jobs 16 --release --example breakout",
      "mean": 69.35706893476001,
      "stddev": 0.598363324993731,
      "median": 69.39921960206,
      "user": 981.6942455999999,
      "system": 27.09215142,
      "min": 67.81893746006,
      "max": 69.94609089106,
      "times": [
        69.94609089106,
        69.59748027606,
        69.86041641706,
        67.81893746006,
        69.22905622306,
        69.43930855306,
        69.76094141106,
        69.35913065106,
        69.27113580106,
        69.28819166406
      ],
      "exit_codes": [
        0,
        0,
        0,
        0,
        0,
        0,
        0,
        0,
        0,
        0
      ]
    }
  ]
}
