{
  "results": [
    {
      "command": "cargo build --jobs 8 --release --example breakout",
      "mean": 104.39201449522,
      "stddev": 0.5105236420447982,
      "median": 104.55286091181999,
      "user": 786.1242705,
      "system": 21.5154298,
      "min": 103.63987817281999,
      "max": 104.89523856582,
      "times": [
        103.68447462782,
        104.85494743182,
        104.48336388482,
        104.89523856582,
        103.63987817281999,
        104.71812830882,
        103.71481190482,
        104.53618730982,
        104.82358023181999,
        104.56953451381999
      ],
      "exit_codes": [
        0,
        0,
        0,
        0,
        0,
        0,
        0,
        0,
        0,
        0
      ]
    }
  ]
}
