{
  "results": [
    {
      "command": "cargo build --jobs 8 --release --example breakout",
      "mean": 112.01116454436001,
      "stddev": 0.16254616639164432,
      "median": 111.98331741626,
      "user": 847.5892166,
      "system": 22.554102859999997,
      "min": 111.78650573425999,
      "max": 112.26934700526,
      "times": [
        112.24577067925999,
        112.01641889426,
        112.26934700526,
        111.78650573425999,
        111.80667950125999,
        111.99483791626,
        111.93321339526,
        112.12657675525999,
        111.96049864625999,
        111.97179691625999
      ],
      "exit_codes": [
        0,
        0,
        0,
        0,
        0,
        0,
        0,
        0,
        0,
        0
      ]
    }
  ]
}
