{
  "results": [
    {
      "command": "cargo build --jobs 16 --release --example breakout",
      "mean": 72.49149299678,
      "stddev": 0.5162504166526384,
      "median": 72.31199885978,
      "user": 1066.6981033799998,
      "system": 27.9854643,
      "min": 71.98883381178,
      "max": 73.48175187577999,
      "times": [
        72.05617571478,
        71.98883381178,
        72.72423388678,
        72.43191461677999,
        72.12297024477999,
        73.08593697078,
        72.19208310278,
        72.01068886178,
        72.82034088178,
        73.48175187577999
      ],
      "exit_codes": [
        0,
        0,
        0,
        0,
        0,
        0,
        0,
        0,
        0,
        0
      ]
    }
  ]
}
