{
  "results": [
    {
      "command": "cargo build --jobs 8 --release --example breakout",
      "mean": 113.33532249616,
      "stddev": 0.25426928660964304,
      "median": 113.23416272356,
      "user": 852.4375434399997,
      "system": 22.64523762,
      "min": 113.06599728156,
      "max": 113.71763408456,
      "times": [
        113.58445107656,
        113.64043102856,
        113.11998231456,
        113.51287864756,
        113.11307006756,
        113.13045501356,
        113.32979309456,
        113.71763408456,
        113.06599728156,
        113.13853235256
      ],
      "exit_codes": [
        0,
        0,
        0,
        0,
        0,
        0,
        0,
        0,
        0,
        0
      ]
    }
  ]
}
