{
  "results": [
    {
      "command": "cargo build --jobs 16 --release --example breakout",
      "mean": 72.73237229314,
      "stddev": 0.21693531553321052,
      "median": 72.65248679524001,
      "user": 1072.79083706,
      "system": 28.171245019999997,
      "min": 72.46952388874,
      "max": 73.10139579273999,
      "times": [
        72.53864278574,
        72.65702204074,
        72.88351122574,
        72.58789767774,
        72.80772160373999,
        73.10139579273999,
        72.46952388874,
        72.58602195374,
        73.04403441273999,
        72.64795154974
      ],
      "exit_codes": [
        0,
        0,
        0,
        0,
        0,
        0,
        0,
        0,
        0,
        0
      ]
    }
  ]
}
