{
  "results": [
    {
      "command": "cargo build --jobs 8 --release --example breakout",
      "mean": 111.68322806085999,
      "stddev": 0.19166159147848724,
      "median": 111.68837132156,
      "user": 839.1929993599999,
      "system": 22.3566527,
      "min": 111.35568650105999,
      "max": 111.96120637706,
      "times": [
        111.43358559106,
        111.77154218506,
        111.89644758306,
        111.57062384906,
        111.80977608005999,
        111.66582798505999,
        111.65666979906,
        111.96120637706,
        111.35568650105999,
        111.71091465805999
      ],
      "exit_codes": [
        0,
        0,
        0,
        0,
        0,
        0,
        0,
        0,
        0,
        0
      ]
    }
  ]
}
