{
  "results": [
    {
      "command": "cargo build --jobs 16 --release --example breakout",
      "mean": 72.24922384726,
      "stddev": 0.5858250501666732,
      "median": 72.33324043766,
      "user": 1054.4563142600002,
      "system": 27.89679946,
      "min": 71.41244562466,
      "max": 73.09994327465999,
      "times": [
        71.85643937866,
        72.80193719366,
        71.41244562466,
        72.65177046766,
        71.46520091766,
        71.86693974965999,
        73.09994327465999,
        72.67108099065999,
        72.12102828766,
        72.54545258766
      ],
      "exit_codes": [
        0,
        0,
        0,
        0,
        0,
        0,
        0,
        0,
        0,
        0
      ]
    }
  ]
}
