{
  "results": [
    {
      "command": "cargo build --release --example breakout",
      "mean": 73.68568567816,
      "stddev": 0.1754497752457208,
      "median": 73.63803674255999,
      "user": 1408.1388080800002,
      "system": 39.63602551999999,
      "min": 73.45798422605999,
      "max": 73.90827308706,
      "times": [
        73.83153358206,
        73.65317152605999,
        73.46578274506,
        73.88065920106,
        73.45798422605999,
        73.87846014806,
        73.62290195906,
        73.90827308706,
        73.61842507506,
        73.53966523206
      ],
      "exit_codes": [
        0,
        0,
        0,
        0,
        0,
        0,
        0,
        0,
        0,
        0
      ]
    }
  ]
}
