{
  "results": [
    {
      "command": "cargo build --jobs 16 --release --example breakout",
      "mean": 74.05260353394,
      "stddev": 0.6368379489602342,
      "median": 74.00994819964,
      "user": 1059.7977732000002,
      "system": 27.855753879999998,
      "min": 73.11596408214,
      "max": 75.01272221113999,
      "times": [
        74.51390806613999,
        74.03796710014,
        73.42435023514,
        74.93625237514,
        73.11596408214,
        75.01272221113999,
        73.98192929913999,
        74.28896247214,
        73.56016797014,
        73.65381152814
      ],
      "exit_codes": [
        0,
        0,
        0,
        0,
        0,
        0,
        0,
        0,
        0,
        0
      ]
    }
  ]
}
