{
  "results": [
    {
      "command": "cargo build --jobs 8 --release --example breakout",
      "mean": 112.29248716072,
      "stddev": 0.15940297846475066,
      "median": 112.26899169282001,
      "user": 846.68649728,
      "system": 22.17093156,
      "min": 112.09265013282001,
      "max": 112.63279305182,
      "times": [
        112.31334271682,
        112.09265013282001,
        112.46840410882001,
        112.63279305182,
        112.24579104482001,
        112.24622993882001,
        112.29175344682001,
        112.12227664782,
        112.30862174682001,
        112.20300877182001
      ],
      "exit_codes": [
        0,
        0,
        0,
        0,
        0,
        0,
        0,
        0,
        0,
        0
      ]
    }
  ]
}
