{
  "results": [
    {
      "command": "cargo build --jobs 16 --release --example breakout",
      "mean": 72.62797133811999,
      "stddev": 0.283842103726371,
      "median": 72.58293999362,
      "user": 1067.8344963,
      "system": 28.00997256,
      "min": 72.22411032512,
      "max": 73.14673135412,
      "times": [
        72.36762705212,
        72.62539310512,
        72.66352275212,
        73.14673135412,
        72.67815765012,
        72.22411032512,
        72.54048688212,
        72.45652536512,
        72.53101795812,
        73.04614093712
      ],
      "exit_codes": [
        0,
        0,
        0,
        0,
        0,
        0,
        0,
        0,
        0,
        0
      ]
    }
  ]
}
