{
  "results": [
    {
      "command": "cargo build --jobs 8 --release --example breakout",
      "mean": 111.97775587136,
      "stddev": 0.16689881666767478,
      "median": 112.02813078855999,
      "user": 848.09495396,
      "system": 22.52695044,
      "min": 111.66169306906,
      "max": 112.15748293106,
      "times": [
        112.12679752705999,
        112.04798236306,
        112.00827921406,
        112.11861230806,
        111.66169306906,
        112.15748293106,
        112.09910978606,
        111.90943658906,
        111.77960376706,
        111.86856115906
      ],
      "exit_codes": [
        0,
        0,
        0,
        0,
        0,
        0,
        0,
        0,
        0,
        0
      ]
    }
  ]
}
