{
  "results": [
    {
      "command": "cargo build --release --example breakout",
      "mean": 72.43853935124,
      "stddev": 0.1814226659329243,
      "median": 72.37727561113999,
      "user": 1365.16792198,
      "system": 39.05737671999999,
      "min": 72.20749763464,
      "max": 72.72018640964001,
      "times": [
        72.28488382464,
        72.38309844364,
        72.53933690764,
        72.66153420864,
        72.33433737364,
        72.72018640964001,
        72.37145277864,
        72.20749763464,
        72.61699686564,
        72.26606906564
      ],
      "exit_codes": [
        0,
        0,
        0,
        0,
        0,
        0,
        0,
        0,
        0,
        0
      ]
    }
  ]
}
