{
  "results": [
    {
      "command": "cargo build --jobs 8 --release --example breakout",
      "mean": 108.25797623495998,
      "stddev": 0.2688393023996639,
      "median": 108.18345615406,
      "user": 815.6994106200001,
      "system": 21.80674072,
      "min": 107.95391411106,
      "max": 108.77728824606,
      "times": [
        108.15475518506,
        108.77728824606,
        108.16634525106,
        108.22774041806,
        108.20056705706,
        107.95391411106,
        108.70192783006,
        108.24115435306,
        108.03970854405999,
        108.11636135406
      ],
      "exit_codes": [
        0,
        0,
        0,
        0,
        0,
        0,
        0,
        0,
        0,
        0
      ]
    }
  ]
}
