{
  "results": [
    {
      "command": "cargo build --jobs 16 --release --example breakout",
      "mean": 72.5936851905,
      "stddev": 0.553925124663055,
      "median": 72.3904026084,
      "user": 1018.4369893199998,
      "system": 27.400603699999998,
      "min": 72.0943070859,
      "max": 73.7177658289,
      "times": [
        72.2771978579,
        72.12057171090001,
        72.11306819890001,
        72.0943070859,
        72.24815696190001,
        73.7177658289,
        73.10568972690001,
        72.6118144679,
        72.5036073589,
        73.14467270690001
      ],
      "exit_codes": [
        0,
        0,
        0,
        0,
        0,
        0,
        0,
        0,
        0,
        0
      ]
    }
  ]
}
