{
  "results": [
    {
      "command": "cargo build --jobs 8 --release --example breakout",
      "mean": 112.26621104456001,
      "stddev": 0.19219700073113827,
      "median": 112.23433255576,
      "user": 848.3519895200001,
      "system": 22.40923544,
      "min": 111.99022784326,
      "max": 112.53602445326,
      "times": [
        112.53602445326,
        112.21638481426,
        112.46748693926,
        112.46523762226,
        112.05004582126,
        112.16002696026,
        111.99022784326,
        112.11615637626001,
        112.40823931826,
        112.25228029726
      ],
      "exit_codes": [
        0,
        0,
        0,
        0,
        0,
        0,
        0,
        0,
        0,
        0
      ]
    }
  ]
}
