{
  "results": [
    {
      "command": "cargo build --jobs 16 --release --example breakout",
      "mean": 72.46485564504,
      "stddev": 0.32144563788331587,
      "median": 72.54619698904,
      "user": 1067.1691561799998,
      "system": 27.925683739999993,
      "min": 72.04175135704,
      "max": 72.88522297403999,
      "times": [
        72.56935895304,
        72.71233335304,
        72.75980901803999,
        72.88522297403999,
        72.04175135704,
        72.11075755904,
        72.52303502503999,
        72.17441244803999,
        72.11950772803999,
        72.75236803503999
      ],
      "exit_codes": [
        0,
        0,
        0,
        0,
        0,
        0,
        0,
        0,
        0,
        0
      ]
    }
  ]
}
