{
  "results": [
    {
      "command": "cargo build --jobs 16 --release --example breakout",
      "mean": 72.32195507152001,
      "stddev": 0.37778235630049845,
      "median": 72.23496864492,
      "user": 1065.2813729799998,
      "system": 27.894905180000002,
      "min": 71.94799781342,
      "max": 72.97059677242,
      "times": [
        72.36278293142,
        71.97364412042,
        72.80410282842,
        72.10715435842,
        72.97059677242,
        72.63613580142,
        72.42380658442,
        71.94799781342,
        71.96845652842,
        72.02487297642
      ],
      "exit_codes": [
        0,
        0,
        0,
        0,
        0,
        0,
        0,
        0,
        0,
        0
      ]
    }
  ]
}
