{
  "results": [
    {
      "command": "cargo build --jobs 8 --release --example breakout",
      "mean": 112.19838358514001,
      "stddev": 0.20929018195378596,
      "median": 112.17953141324,
      "user": 846.79968694,
      "system": 22.546493039999994,
      "min": 111.86026254674,
      "max": 112.56744000374,
      "times": [
        112.56744000374,
        112.17533087974,
        112.08250288074,
        112.26868586774,
        111.86026254674,
        112.43851390873999,
        112.18373194674,
        112.08192666674,
        112.32210629074,
        112.00333485974
      ],
      "exit_codes": [
        0,
        0,
        0,
        0,
        0,
        0,
        0,
        0,
        0,
        0
      ]
    }
  ]
}
