{
  "results": [
    {
      "command": "cargo build --jobs 8 --release --example breakout",
      "mean": 107.99341197413999,
      "stddev": 0.5798107324100858,
      "median": 108.18069136273999,
      "user": 812.1962550400001,
      "system": 21.829718579999998,
      "min": 107.12134578674,
      "max": 108.63879195674,
      "times": [
        107.97699212373999,
        108.28260444473999,
        108.37901167273999,
        107.35953575373999,
        108.53551820374,
        108.42210623374,
        108.63879195674,
        107.13943528473999,
        107.12134578674,
        108.07877828074
      ],
      "exit_codes": [
        0,
        0,
        0,
        0,
        0,
        0,
        0,
        0,
        0,
        0
      ]
    }
  ]
}
