{
  "results": [
    {
      "command": "cargo build --jobs 16 --release --example breakout",
      "mean": 71.40797030676,
      "stddev": 0.7773425689681706,
      "median": 71.48183912596001,
      "user": 1014.4722294399999,
      "system": 27.47341806,
      "min": 70.19813827596,
      "max": 72.36334943596,
      "times": [
        70.19813827596,
        70.96626489596001,
        70.81378137996,
        72.12896308596001,
        71.92624498996001,
        71.50768729196001,
        72.28386704796,
        71.45599095996,
        70.43541570396,
        72.36334943596
      ],
      "exit_codes": [
        0,
        0,
        0,
        0,
        0,
        0,
        0,
        0,
        0,
        0
      ]
    }
  ]
}
