{
  "results": [
    {
      "command": "cargo build --release --example breakout",
      "mean": 72.75532731775999,
      "stddev": 0.15190386975954975,
      "median": 72.76394575706001,
      "user": 1398.89128448,
      "system": 39.76251146,
      "min": 72.46890386356,
      "max": 72.97644794956,
      "times": [
        72.61322582356,
        72.97644794956,
        72.84336857956,
        72.76919182756001,
        72.62574868856,
        72.89657414156,
        72.46890386356,
        72.75869968656,
        72.86284610056,
        72.73826651656
      ],
      "exit_codes": [
        0,
        0,
        0,
        0,
        0,
        0,
        0,
        0,
        0,
        0
      ]
    }
  ]
}
