{
  "results": [
    {
      "command": "cargo build --jobs 16 --release --example breakout",
      "mean": 72.60492740987999,
      "stddev": 0.803151836814792,
      "median": 72.39994907828,
      "user": 1059.4959720599998,
      "system": 27.99874374,
      "min": 71.75598223278,
      "max": 74.36786232178,
      "times": [
        72.28221130877999,
        73.22269311177999,
        72.81784697978,
        71.75598223278,
        71.95804357077999,
        71.98706229077999,
        73.13360874077999,
        74.36786232178,
        72.00627669378,
        72.51768684778
      ],
      "exit_codes": [
        0,
        0,
        0,
        0,
        0,
        0,
        0,
        0,
        0,
        0
      ]
    }
  ]
}
