{
  "results": [
    {
      "command": "cargo build --jobs 8 --release --example breakout",
      "mean": 112.2487763737,
      "stddev": 0.1868065066888308,
      "median": 112.1843041059,
      "user": 843.4426900799997,
      "system": 22.45156934,
      "min": 112.0261497759,
      "max": 112.5531566319,
      "times": [
        112.5405812339,
        112.0261497759,
        112.1756933249,
        112.5531566319,
        112.3708040289,
        112.29361867489999,
        112.1488522209,
        112.05539852189999,
        112.1929148869,
        112.1305944369
      ],
      "exit_codes": [
        0,
        0,
        0,
        0,
        0,
        0,
        0,
        0,
        0,
        0
      ]
    }
  ]
}
