{
  "results": [
    {
      "command": "cargo build --jobs 8 --release --example breakout",
      "mean": 104.3271482032,
      "stddev": 0.33323912719423515,
      "median": 104.4346625705,
      "user": 785.6571975599999,
      "system": 21.5129252,
      "min": 103.6912979855,
      "max": 104.6466287535,
      "times": [
        103.6912979855,
        104.6466287535,
        104.3831623745,
        104.43449658749999,
        104.3595921565,
        104.4682341355,
        103.75236954249999,
        104.4616610125,
        104.6392109305,
        104.4348285535
      ],
      "exit_codes": [
        0,
        0,
        0,
        0,
        0,
        0,
        0,
        0,
        0,
        0
      ]
    }
  ]
}
