{
  "results": [
    {
      "command": "cargo build --jobs 16 --release --example breakout",
      "mean": 69.80908270898001,
      "stddev": 0.33709638321654817,
      "median": 69.75458626118001,
      "user": 979.38543988,
      "system": 26.95306106,
      "min": 69.41837801568,
      "max": 70.47777319668,
      "times": [
        69.41837801568,
        70.05497691468,
        69.43744520668,
        70.47777319668,
        70.15143382768,
        69.59376842968,
        69.69486231668,
        69.85276754568,
        69.81431020568,
        69.59511143068
      ],
      "exit_codes": [
        0,
        0,
        0,
        0,
        0,
        0,
        0,
        0,
        0,
        0
      ]
    }
  ]
}
