{
  "results": [
    {
      "command": "cargo build --jobs 8 --release --example breakout",
      "mean": 112.74570040568001,
      "stddev": 0.2953749277782184,
      "median": 112.66640225388,
      "user": 851.2044375999998,
      "system": 22.55791692,
      "min": 112.51559316438,
      "max": 113.50543738038,
      "times": [
        112.96901436338,
        112.68458056238,
        113.50543738038,
        112.64822394538,
        112.69098764738,
        112.53883745138,
        112.70854713738,
        112.57444077738,
        112.62134162738,
        112.51559316438
      ],
      "exit_codes": [
        0,
        0,
        0,
        0,
        0,
        0,
        0,
        0,
        0,
        0
      ]
    }
  ]
}
