{
  "results": [
    {
      "command": "cargo build --jobs 16 --release --example breakout",
      "mean": 72.6589458787,
      "stddev": 0.382294958724182,
      "median": 72.61758272200001,
      "user": 1070.3345176399998,
      "system": 28.024974799999995,
      "min": 72.1937491845,
      "max": 73.33021987650001,
      "times": [
        72.3274069115,
        72.71409472650001,
        73.33021987650001,
        72.41375696050001,
        72.9235658995,
        72.52107071750001,
        72.8281122125,
        72.1937491845,
        73.0914754795,
        72.2460068185
      ],
      "exit_codes": [
        0,
        0,
        0,
        0,
        0,
        0,
        0,
        0,
        0,
        0
      ]
    }
  ]
}
