{
  "results": [
    {
      "command": "cargo build --jobs 8 --release --example breakout",
      "mean": 107.23011497659999,
      "stddev": 0.572206839806284,
      "median": 107.00499635450001,
      "user": 810.86001998,
      "system": 21.73736848,
      "min": 106.8300373135,
      "max": 108.53956454850001,
      "times": [
        107.0484662595,
        106.9689588435,
        106.8300373135,
        106.90436201050001,
        107.1647786095,
        106.9214724665,
        108.53956454850001,
        106.87540870650001,
        108.0070671425,
        107.04103386550001
      ],
      "exit_codes": [
        0,
        0,
        0,
        0,
        0,
        0,
        0,
        0,
        0,
        0
      ]
    }
  ]
}
