{
  "results": [
    {
      "command": "cargo build --jobs 16 --release --example breakout",
      "mean": 71.3146823987,
      "stddev": 0.5812067791575809,
      "median": 71.0608548301,
      "user": 1012.22630878,
      "system": 27.284445700000003,
      "min": 70.5169988596,
      "max": 72.4859016546,
      "times": [
        71.0680596266,
        70.9068455836,
        71.0278872546,
        71.6302752936,
        72.0016388336,
        71.0536500336,
        71.41218029859999,
        72.4859016546,
        70.5169988596,
        71.0433865486
      ],
      "exit_codes": [
        0,
        0,
        0,
        0,
        0,
        0,
        0,
        0,
        0,
        0
      ]
    }
  ]
}
