{
  "results": [
    {
      "command": "cargo build --jobs 16 --release --example breakout",
      "mean": 73.34703851798,
      "stddev": 0.5003258526746648,
      "median": 73.31201450468001,
      "user": 1058.67596738,
      "system": 27.810294519999996,
      "min": 72.60829976218,
      "max": 74.43330610318,
      "times": [
        73.18853802918001,
        73.48688583318,
        72.79674377218001,
        73.36570618218,
        73.15350996318,
        73.68018615318,
        74.43330610318,
        72.60829976218,
        73.25832282718001,
        73.49888655418
      ],
      "exit_codes": [
        0,
        0,
        0,
        0,
        0,
        0,
        0,
        0,
        0,
        0
      ]
    }
  ]
}
