{
  "results": [
    {
      "command": "cargo build --release --example breakout",
      "mean": 73.73012687811999,
      "stddev": 0.1904393489141413,
      "median": 73.75393950122,
      "user": 1405.7299957399998,
      "system": 39.58070408,
      "min": 73.49490829372,
      "max": 74.01054259372,
      "times": [
        74.01054259372,
        73.50968273072,
        73.57762179772,
        73.85583146172,
        73.73468300572,
        73.55058113172001,
        73.49490829372,
        73.98344972672001,
        73.77319599672,
        73.81077204272
      ],
      "exit_codes": [
        0,
        0,
        0,
        0,
        0,
        0,
        0,
        0,
        0,
        0
      ]
    }
  ]
}
