{
  "results": [
    {
      "command": "cargo build --jobs 8 --release --example breakout",
      "mean": 111.59222859148001,
      "stddev": 0.09091011914437201,
      "median": 111.60196535118,
      "user": 844.3373593800001,
      "system": 22.144611700000002,
      "min": 111.45690060918,
      "max": 111.74975012718,
      "times": [
        111.66102079218,
        111.60481521017999,
        111.58675822518,
        111.45690060918,
        111.74975012718,
        111.64852378618,
        111.63601737718,
        111.49899148618,
        111.59911549218,
        111.48039280918
      ],
      "exit_codes": [
        0,
        0,
        0,
        0,
        0,
        0,
        0,
        0,
        0,
        0
      ]
    }
  ]
}
