{
  "results": [
    {
      "command": "cargo build --jobs 16 --release --example breakout",
      "mean": 71.04061090567998,
      "stddev": 0.628902250384045,
      "median": 71.27721173248,
      "user": 1010.69135876,
      "system": 27.25823858,
      "min": 69.98212292448,
      "max": 71.80076265548,
      "times": [
        71.80076265548,
        71.46292569648,
        71.17671444247999,
        71.60499269248,
        71.00849589748,
        70.26702489348,
        71.37770902247999,
        71.39635342848,
        69.98212292448,
        70.32900740347999
      ],
      "exit_codes": [
        0,
        0,
        0,
        0,
        0,
        0,
        0,
        0,
        0,
        0
      ]
    }
  ]
}
