{
  "results": [
    {
      "command": "cargo build --jobs 8 --release --example breakout",
      "mean": 107.1469142144,
      "stddev": 0.47370855560846503,
      "median": 106.8299404594,
      "user": 810.6091371,
      "system": 21.79175352,
      "min": 106.6463753954,
      "max": 107.8703291964,
      "times": [
        106.8132132074,
        107.69217404439999,
        107.8703291964,
        107.5973427014,
        106.78261622139999,
        106.8348596534,
        106.8201697984,
        106.6463753954,
        107.58704066039999,
        106.8250212654
      ],
      "exit_codes": [
        0,
        0,
        0,
        0,
        0,
        0,
        0,
        0,
        0,
        0
      ]
    }
  ]
}
