{
  "results": [
    {
      "command": "cargo build --jobs 16 --release --example breakout",
      "mean": 72.53971831316001,
      "stddev": 0.4062328018043048,
      "median": 72.50386958246,
      "user": 1067.3870252800002,
      "system": 27.94025484,
      "min": 71.89881946996,
      "max": 73.09150247496,
      "times": [
        72.42714287796,
        72.26718847796,
        72.01841178696,
        72.49791478796,
        72.50982437696,
        72.77677124096,
        73.09150247496,
        72.89205330496,
        73.01755433296,
        71.89881946996
      ],
      "exit_codes": [
        0,
        0,
        0,
        0,
        0,
        0,
        0,
        0,
        0,
        0
      ]
    }
  ]
}
