{
  "results": [
    {
      "command": "cargo build --jobs 8 --release --example breakout",
      "mean": 112.0922302178,
      "stddev": 0.2504650999732553,
      "median": 112.02110247280001,
      "user": 847.8757281599999,
      "system": 22.54635588,
      "min": 111.7538254568,
      "max": 112.4965338128,
      "times": [
        112.4965338128,
        111.99816452980001,
        112.0440404158,
        111.9747137298,
        111.7538254568,
        111.9669722258,
        112.3483062988,
        112.3081131338,
        112.2628859608,
        111.7687466138
      ],
      "exit_codes": [
        0,
        0,
        0,
        0,
        0,
        0,
        0,
        0,
        0,
        0
      ]
    }
  ]
}
