{
  "results": [
    {
      "command": "cargo build --jobs 8 --release --example breakout",
      "mean": 110.52565014402,
      "stddev": 0.15937713445536114,
      "median": 110.50758079022,
      "user": 832.9091450400001,
      "system": 22.010690719999996,
      "min": 110.27673942122,
      "max": 110.74952586522001,
      "times": [
        110.47862969322,
        110.50772750522,
        110.70046833722,
        110.67938705922,
        110.74952586522001,
        110.27673942122,
        110.50743407522,
        110.46636545022001,
        110.29850900022001,
        110.59171503322
      ],
      "exit_codes": [
        0,
        0,
        0,
        0,
        0,
        0,
        0,
        0,
        0,
        0
      ]
    }
  ]
}
