{
  "results": [
    {
      "command": "cargo build --jobs 16 --release --example breakout",
      "mean": 73.8834826571,
      "stddev": 0.5765373704429892,
      "median": 73.75905065999999,
      "user": 1040.63131514,
      "system": 27.603001359999997,
      "min": 73.068107008,
      "max": 74.644675697,
      "times": [
        73.56975999699999,
        73.068107008,
        74.644675697,
        73.50483645899999,
        73.948341323,
        74.233442559,
        73.321853175,
        73.45478776899999,
        74.597932438,
        74.49109014599999
      ],
      "exit_codes": [
        0,
        0,
        0,
        0,
        0,
        0,
        0,
        0,
        0,
        0
      ]
    }
  ]
}
