{
  "results": [
    {
      "command": "cargo build --jobs 8 --release --example breakout",
      "mean": 108.09321353933998,
      "stddev": 0.1039853946576948,
      "median": 108.09895579174,
      "user": 816.0497020800001,
      "system": 21.857280179999993,
      "min": 107.94774473574,
      "max": 108.26098858174,
      "times": [
        108.00553513874,
        108.05622724574,
        108.12427818674,
        107.95648095674,
        108.17000619574,
        108.14000390074,
        108.19723705474,
        108.07363339674,
        108.26098858174,
        107.94774473574
      ],
      "exit_codes": [
        0,
        0,
        0,
        0,
        0,
        0,
        0,
        0,
        0,
        0
      ]
    }
  ]
}
