{
  "results": [
    {
      "command": "cargo build --release --example breakout",
      "mean": 72.4699050438,
      "stddev": 0.16401705884961157,
      "median": 72.457957851,
      "user": 1357.5084547799997,
      "system": 39.039118,
      "min": 72.261820472,
      "max": 72.77007376899999,
      "times": [
        72.419355192,
        72.458543396,
        72.498620132,
        72.512706532,
        72.457372306,
        72.77007376899999,
        72.261820472,
        72.69809415,
        72.291338058,
        72.331126431
      ],
      "exit_codes": [
        0,
        0,
        0,
        0,
        0,
        0,
        0,
        0,
        0,
        0
      ]
    }
  ]
}
