{
  "results": [
    {
      "command": "cargo build --jobs 16 --release --example breakout",
      "mean": 72.09312848776001,
      "stddev": 0.3144044487938985,
      "median": 72.08371432306001,
      "user": 1020.1518990999999,
      "system": 27.5561786,
      "min": 71.69313548506001,
      "max": 72.63511075506001,
      "times": [
        72.63511075506001,
        72.33728996006,
        71.79291638406,
        72.17141759206001,
        72.35139614306,
        72.29007041706001,
        71.71215246206,
        71.99601105406,
        71.69313548506001,
        71.95178462506
      ],
      "exit_codes": [
        0,
        0,
        0,
        0,
        0,
        0,
        0,
        0,
        0,
        0
      ]
    }
  ]
}
