{
  "results": [
    {
      "command": "cargo build --jobs 16 --release --example breakout",
      "mean": 73.05811581228,
      "stddev": 0.7097394337498423,
      "median": 73.12878728588,
      "user": 1044.2039567400002,
      "system": 27.667527499999995,
      "min": 71.79661894438,
      "max": 74.46070583638,
      "times": [
        73.03435063138,
        74.46070583638,
        73.22322394038,
        73.38625939638,
        71.79661894438,
        72.31948576838,
        73.00107301538,
        73.41204919738,
        73.24854400538,
        72.69884738738
      ],
      "exit_codes": [
        0,
        0,
        0,
        0,
        0,
        0,
        0,
        0,
        0,
        0
      ]
    }
  ]
}
