{
  "results": [
    {
      "command": "cargo build --jobs 8 --release --example breakout",
      "mean": 110.86705933494,
      "stddev": 0.10312355919036348,
      "median": 110.85582744454001,
      "user": 834.84407726,
      "system": 22.08414924,
      "min": 110.71223520854001,
      "max": 111.03429088254,
      "times": [
        110.98561816754001,
        110.74546576054,
        110.71223520854001,
        110.91423993454,
        110.86322419154,
        110.93815447754001,
        110.78481946554001,
        110.84843069754001,
        111.03429088254,
        110.84411456354
      ],
      "exit_codes": [
        0,
        0,
        0,
        0,
        0,
        0,
        0,
        0,
        0,
        0
      ]
    }
  ]
}
