{
  "results": [
    {
      "command": "cargo build --jobs 16 --release --example breakout",
      "mean": 70.48843641488,
      "stddev": 0.57650107032994,
      "median": 70.32108871117998,
      "user": 995.9325248600001,
      "system": 27.226914299999997,
      "min": 69.50409679917999,
      "max": 71.45674997718,
      "times": [
        69.50409679917999,
        70.25054906118,
        70.26110371617999,
        70.84123576518,
        71.21342952517999,
        70.70098518617999,
        70.01403669618,
        71.45674997718,
        70.31720276217999,
        70.32497466017999
      ],
      "exit_codes": [
        0,
        0,
        0,
        0,
        0,
        0,
        0,
        0,
        0,
        0
      ]
    }
  ]
}
