{
  "results": [
    {
      "command": "cargo build --jobs 8 --release --example breakout",
      "mean": 105.84123611872,
      "stddev": 0.5427092026234809,
      "median": 105.74590069912,
      "user": 798.17606282,
      "system": 21.706132919999998,
      "min": 105.07100801911999,
      "max": 106.61064453312,
      "times": [
        106.60560598711999,
        106.16221397212,
        105.07100801911999,
        105.76282587911999,
        106.17751947112,
        105.66745742111999,
        106.61064453312,
        105.72897551912,
        105.48376617311999,
        105.14234421212
      ],
      "exit_codes": [
        0,
        0,
        0,
        0,
        0,
        0,
        0,
        0,
        0,
        0
      ]
    }
  ]
}
