{
  "results": [
    {
      "command": "cargo build --release --example breakout",
      "mean": 71.00292980952001,
      "stddev": 0.16838460954988713,
      "median": 70.95461039931999,
      "user": 1330.76701276,
      "system": 38.486474799999996,
      "min": 70.79377013632,
      "max": 71.35468071232,
      "times": [
        71.08892114532,
        71.35468071232,
        70.88255225932,
        71.12693721932,
        71.11345035532,
        70.79377013632,
        70.90688474232,
        70.85288072632,
        70.92446808832,
        70.98475271032
      ],
      "exit_codes": [
        0,
        0,
        0,
        0,
        0,
        0,
        0,
        0,
        0,
        0
      ]
    }
  ]
}
