{
  "results": [
    {
      "command": "cargo build --jobs 16 --release --example breakout",
      "mean": 70.21806589977999,
      "stddev": 1.0948475592474223,
      "median": 70.12530004178,
      "user": 994.8957177399998,
      "system": 27.296774699999997,
      "min": 68.65596699478,
      "max": 71.68165915777999,
      "times": [
        71.41158743278,
        69.94766605977999,
        69.89727127578,
        71.68165915777999,
        70.30293402378,
        68.87764021078,
        71.39076708578,
        70.82540548378,
        69.18976127277999,
        68.65596699478
      ],
      "exit_codes": [
        0,
        0,
        0,
        0,
        0,
        0,
        0,
        0,
        0,
        0
      ]
    }
  ]
}
