{
  "results": [
    {
      "command": "cargo build --jobs 8 --release --example breakout",
      "mean": 105.3563358527,
      "stddev": 0.1382633572462921,
      "median": 105.3493374903,
      "user": 796.6582608199999,
      "system": 21.748252540000003,
      "min": 105.1623087208,
      "max": 105.6221845258,
      "times": [
        105.6221845258,
        105.1623087208,
        105.3673142068,
        105.3843208978,
        105.1824630328,
        105.4701628038,
        105.3313607738,
        105.4533641808,
        105.3270294988,
        105.2628498858
      ],
      "exit_codes": [
        0,
        0,
        0,
        0,
        0,
        0,
        0,
        0,
        0,
        0
      ]
    }
  ]
}
