{
  "results": [
    {
      "command": "cargo build --release --example breakout",
      "mean": 71.58725717354,
      "stddev": 0.13679419273714577,
      "median": 71.58938948234001,
      "user": 1341.9690708399999,
      "system": 38.76487598,
      "min": 71.39420744984001,
      "max": 71.81707055084,
      "times": [
        71.65351719684,
        71.39420744984001,
        71.81707055084,
        71.57174448584,
        71.66246291784,
        71.56997680684,
        71.46834105684,
        71.40264321284,
        71.72557357884001,
        71.60703447884
      ],
      "exit_codes": [
        0,
        0,
        0,
        0,
        0,
        0,
        0,
        0,
        0,
        0
      ]
    }
  ]
}
